transaction_id,amount,channel,transaction_type,merchant,city,device_type,bank,failed_attempts,transaction_velocity,international_flag,account_age_years,location_type,fraud
781453,2811.68,POS,cash withdrawal,Razorpay,Bengaluru,Android ,SBI,12,32.74,0,3,domestic,Not Fraud
496922,3682.8,UPI,Bill Payment,Jio,Hyderabad,Mac,Kotak,2,33.17,1,1,Domestic,Not Fraud
279451,1485.6,POS,Bill Payment,Myntra,Indore,android,PNB,9,43.77,0,3,Domestic ,Not Fraud
429963,3327.08,UPI,Bill Payment,BigBasket,Surat,android,HDFC,4,39.36,1,3,International,Not Fraud
724834,2537.69,Card,Purchase,Swiggy,Chandigarh,iPhone,HDFC,8,31.79,0,0,domestic,Not Fraud
769987,,POS,Transfer,Meesho,Jaipur,Android ,Union Bank,9,36.58,0,2,International,Not Fraud
543692,5003.35,UPI,Recharge,Swiggy,Chandigarh,Android ,ICICI,4,55.74,0,2,Domestic ,Not Fraud
132938,1765.33,ATM,Transfer,Razorpay,Ahmedabad,Unknown,SBI,14,19.89,0,2,Domestic ,Fraud
163556,12556.14,Card,Bill Payment,CRED,Hyderabad,Android,BOB,7,43.72,0,1,International,Not Fraud
609231,1827.05,ATM,Purchase,MakeMyTrip,Delhi,Android,HDFC,8,12.9,1,0,International,Not Fraud
152578,340.63,ATM,Transfer,IRCTC,Chandigarh,Android ,Kotak,10,28.66,0,0,Domestic,Not Fraud
414569,130.29,UPI,Transfer,Google Pay,Surat,Mac,PNB,8,19.04,0,0,Domestic ,Not Fraud
108203,498.7,UPI,Transfer,Uber,Indore,iPhone,Canara,11,49.04,1,0,International,Not Fraud
544151,3599.79,POS,Cash Withdrawal,Meesho,Jaipur,Android ,Kotak,14,16.67,0,2,International,Not Fraud
934794," ₹5,537.51",UPI,Purchase,MakeMyTrip,Chennai,Android ,PNB,14,2.49,1,1,International,Not Fraud
531712,4994.95,Card,Cash Withdrawal,Myntra,Kolkata,android,SBI,13,40.23,0,2,International,Not Fraud
812526,164.03,Card,Cash Withdrawal,Paytm,Mumbai,iPhone,PNB,14,32.22,0,0,domestic,Not Fraud
820221,1401.01,ATM,Recharge,BigBasket,Hyderabad,Unknown,Axis,12,56.42,0,2,Domestic ,No
282480,1438.9,NetBanking,Cash Withdrawal,Airtel,Patna,Android ,Kotak,10,34.19,1,0,domestic,Not Fraud
887625,3273.46,Wallet,Bill Payment,Swiggy,Kolkata,android,Union Bank,4,40.4,0,1,International,Not Fraud
916232,1656.31,Card,Cash Withdrawal,Ajio,Bhopal,Android ,Axis,7,13.21,1,0,International,Not Fraud
359249,679.44,Wallet,Cash Withdrawal,MakeMyTrip,Patna,Unknown,ICICI,14,38.3,1,1,domestic,Not Fraud
907189,1108.1,Wallet,Purchase,,Chennai,Android ,BOB,10,56.77,0,3,Domestic ,Not Fraud
936912,385.48,ATM,Bill Payment,PhonePe,Chandigarh,iPhone,BOB,7,43.48,1,1,Domestic,Not Fraud
975467,2985.34,NetBanking,Cash Withdrawal,Paytm,Surat,Mac,PNB,2,28.27,0,2,International,Not Fraud
904150,6345.54,Card,Refund,Ajio,Chennai,iPhone,HDFC,6,10.15,0,1,domestic,Not Fraud
464069,809.49,UPI,Refund,Zomato,Ahmedabad,Unknown,Kotak,9,25.76,1,0,domestic,Not Fraud
587455,2135.68,Card,Refund,Meesho,Kolkata,Mac,Kotak,7,49.56,1,2,International,Not Fraud
682789,5229.44,UPI,Cash Withdrawal,Myntra,Surat,Mac,Axis,1,31.05,0,0,International,Not Fraud
656711,9206.82,UPI,Refund,BigBasket,Ahmedabad,Windows,Axis,6,25.59,1,2,Domestic ,Not Fraud
416950,982.61,Card,Bill Payment,Ajio,Pune,iPhone,Union Bank,1,42.51,0,2,Domestic,Not Fraud
600935,3241.65,ATM,Cash Withdrawal,Ajio,Chandigarh,Windows,PNB,2,49.34,1,3,Domestic,Not Fraud
317881,827.75,ATM,Bill Payment,BookMyShow,Kochi,Mac,BOB,11,12.74,0,1,International,Not Fraud
378535,2760.83,Wallet,Refund,Google Pay,Ahmedabad,Android,Axis,14,8.62,0,1,domestic,Not Fraud
807053,7978.97,NetBanking,Purchase,BookMyShow,Chandigarh,Unknown,SBI,14,51.64,0,2,Domestic,Not Fraud
531641,2332.14,Wallet,Cash Withdrawal,Jio,Chandigarh,Android,PNB,12,29.78,1,0,Domestic ,Not Fraud
738448,2053.38,Wallet,Bill Payment,Paytm,Delhi,android,Union Bank,13,14.43,0,2,Domestic,Not Fraud
728492,2041.16,ATM,Cash Withdrawal,CRED,Jaipur,Android ,Canara,9,44.8,0,0,domestic,Not Fraud
297816, ₹603.16,POS,Cash Withdrawal,IRCTC,Chandigarh,Windows,Union Bank,12,14.4,1,1,Domestic ,Not Fraud
651499,14229.57,Card,Recharge,IRCTC,Delhi,Mac,PNB,15,27.47,0,3,International,Not Fraud
338536,754.62,POS,Refund,Airtel,Bhopal,android,Canara,12,5.51,0,0,Domestic ,Not Fraud
749813,665.23,Card,Refund,Razorpay,Patna,Unknown,ICICI,11,14.53,0,1,Domestic ,Not Fraud
211834,37328.37,UPI,Bill Payment,Razorpay,Indore,Mac,BOB,4,22.94,1,2,domestic,Not Fraud
892280,1837.21,ATM,Transfer,Uber,Chandigarh,Android ,PNB,12,46.07,0,0,Domestic,Not Fraud
945664,3663.84,Card,Bill Payment,MakeMyTrip,Chennai,iPhone,Union Bank,5,44.82,1,0,Domestic ,Not Fraud
213609,,ATM,Refund,Jio,Kochi,Android,Kotak,11,14.11,0,2,International,Not Fraud
666432,1792.1,UPI,Purchase,Zomato,Chandigarh,Windows,Axis,7,35.28,0,3,Domestic,Not Fraud
517479,6260.14,Card,Refund,Zomato,Indore,android,PNB,5,11.47,0,3,Domestic,Not Fraud
390743,2608.44,ATM,Transfer,MakeMyTrip,Bengaluru,iPhone,Axis,14,59.04,0,2,International,Not Fraud
638169,822.18,NetBanking,Recharge,CRED,Chennai,Android,HDFC,10,6.63,0,0,domestic,Not Fraud
726410,518.1,Wallet,Recharge,Airtel,Bengaluru,Android,ICICI,9,17.76,1,0,Domestic,Not Fraud
260053,11488.19,NetBanking,Cash Withdrawal,BigBasket,Kochi,android,HDFC,11,55.39,0,0,Domestic,Not Fraud
705991,19391.51,NetBanking,Bill Payment,CRED,Hyderabad,Android ,BOB,9,12.84,1,1,Domestic,Not Fraud
456331,880.45,ATM,Refund,SBI,Mumbai,Unknown,Kotak,6,0.47,0,3,Domestic,Fraud
736565,947.54,ATM,Transfer,Flipkart,Bengaluru,Unknown,ICICI,8,24.91,0,0,domestic,Fraud
225812,3994.46,ATM,Bill Payment,Paytm,Mumbai,Android,Axis,1,29.89,1,1,International,Not Fraud
121869,2205.95,UPI,Purchase,BookMyShow,Mumbai,Mac,PNB,6,10.4,1,2,Domestic,Not Fraud
468154,1830.16,Card,Recharge,Swiggy,Kolkata,Windows,HDFC,12,57.5,0,1,Domestic,Not Fraud
417530,4577.1,Wallet,Refund,Razorpay,Kochi,Mac,PNB,13,16.55,0,2,Domestic,Not Fraud
164879,10715.05,POS,Refund,Razorpay,Kochi,Android,Axis,8,6.3,1,0,International,Not Fraud
731977,2958.24,POS,Purchase,Airtel,Delhi,Unknown,PNB,14,9.11,0,1,domestic,Not Fraud
119116,3027.64,POS,Refund,IRCTC,Surat,android,Union Bank,6,18.6,0,2,Domestic ,Not Fraud
273580,949.2,POS,Recharge,Airtel,Delhi,Unknown,ICICI,12,26.32,1,2,International,Not Fraud
653081,16299.95,Wallet,Refund,Jio,Pune,android,Canara,7,57.98,0,1,domestic,Not Fraud
492127,4653.52,Wallet,Purchase,CRED,Chennai,Unknown,Axis,4,23.23,0,2,International,Not Fraud
256782,11596.99,Wallet,Cash Withdrawal,Ajio,Chennai,Android ,SBI,9,56.42,1,0,domestic,Not Fraud
296412,634.86,Wallet,Recharge,Meesho,Mumbai,Unknown,Axis,11,40.13,1,0,Domestic,Fraud
916990,4682.82,POS,Purchase,IRCTC,Surat,android,PNB,11,27.93,1,1,International,Not Fraud
787584,1985.17,NetBanking,Cash Withdrawal,MakeMyTrip,Bhopal,Unknown,Kotak,6,16.47,1,3,Domestic ,Not Fraud
793024,2171.67,POS,Recharge,CRED,Bengaluru,Mac,ICICI,5,18.46,1,1,Domestic ,Not Fraud
347459,5864.68,UPI,Recharge,Jio,Bhopal,Android,ICICI,13,38.75,1,3,Domestic,Fraud
688956,7497.35,Wallet,Purchase,PhonePe,Jaipur,Windows,SBI,2,15.78,1,3,International,Not Fraud
844031,8959.42,POS,Refund,Airtel,Bengaluru,Mac,PNB,15,42.04,0,2,International,Not Fraud
773540,699.81,NetBanking,Cash Withdrawal,Meesho,Chandigarh,Mac,BOB,2,27.05,1,1,International,Not Fraud
417534,2283.56,Card,Recharge,Jio,Ahmedabad,Windows,Kotak,10,32.06,0,1,International,Not Fraud
672079,6916.25,UPI,Recharge,Paytm,Jaipur,Android ,BOB,5,38.55,1,3,International,Not Fraud
688933,1512.24,Card,Refund,Airtel,Chennai,Windows,PNB,2,19.22,1,0,domestic,Not Fraud
621530,6437.44,ATM,Transfer,Paytm,Surat,Android ,Canara,1,5.49,1,3,International,Not Fraud
304110,478.03,ATM,Transfer,CRED,Hyderabad,Android,Kotak,6,33.24,0,3,Domestic ,Not Fraud
644559,905.78,Card,Purchase,Meesho,Bhopal,Unknown,SBI,8,9.02,0,2,domestic,Not Fraud
821466,3952.43,POS,Purchase,Ajio,Lucknow,Unknown,PNB,11,1.7,1,2,International,Not Fraud
533020,479.4,POS,Refund,Razorpay,Delhi,iPhone,HDFC,12,12.31,1,0,International,Not Fraud
908634,1896.94,POS,Cash Withdrawal,SBI,Jaipur,Android ,Axis,5,42.32,1,2,Domestic ,Not Fraud
563864,4419.27,Wallet,Bill Payment,IRCTC,Indore,android,SBI,11,15.46,1,1,International,Not Fraud
265613,2546.01,UPI,Purchase,PhonePe,Ahmedabad,Android ,HDFC,7,39.21,1,3,International,No
926236,1487.63,POS,Cash Withdrawal,Myntra,Delhi,Android ,ICICI,8,11.26,1,0,Domestic,Not Fraud
929179,6644.77,Card,Transfer,Google Pay,Kochi,android,HDFC,5,34.11,0,1,Domestic ,YES
800224,1172.59,Card,Bill Payment,Airtel,Jaipur,Mac,SBI,2,27.98,0,3,domestic,Not Fraud
813390,7269.41,Wallet,Refund,CRED,Indore,Android ,Union Bank,13,35.79,0,3,domestic,Not Fraud
567122,417.46,NetBanking,Refund,Zomato,Kochi,android,Axis,13,3.43,0,3,Domestic ,Not Fraud
595002,3376,Card,Cash Withdrawal,Flipkart,Bengaluru,Unknown,PNB,1,17.3,0,1,Domestic ,Not Fraud
975373,758.28,ATM,Transfer,Zomato,Indore,iPhone,Union Bank,1,45.4,1,3,Domestic ,Not Fraud
151040,1134.27,UPI,Purchase,SBI,Patna,Android,Axis,4,44.46,1,3,International,Not Fraud
388519,3816.13,ATM,Bill Payment,PhonePe,Surat,Windows,ICICI,1,33.45,0,3,Domestic ,Not Fraud
689704,3273.14,NetBanking,Cash Withdrawal,MakeMyTrip,Kolkata,Mac,Axis,7,58.07,0,3,International,Not Fraud
859489,592.16,UPI,Recharge,SBI,Bhopal,Windows,SBI,11,33.58,1,1,domestic,Not Fraud
477114,1194.91,Card,Transfer,BigBasket,Pune,Android ,Union Bank,9,52.98,1,0,Domestic ,Not Fraud
623555,1048.34,UPI,Transfer,Uber,Patna,Windows,Axis,9,39.31,1,2,Domestic ,Not Fraud
342675,2157.74,Wallet,Purchase,Meesho,Delhi,iPhone,HDFC,2,42.46,0,1,Domestic ,Not Fraud
831758,4638,ATM,Recharge,Amazon India,Mumbai,Mac,Kotak,11,25.89,0,0,Domestic,Not Fraud
679549,2895.99,Wallet,Bill Payment,PhonePe,Ahmedabad,Mac,HDFC,8,3.46,0,1,Domestic,Not Fraud
669408,6767.81,UPI,Cash Withdrawal,Razorpay,Pune,iPhone,Kotak,10,39.52,0,2,Domestic,Not Fraud
462659,9922.26,Card,Bill Payment,MakeMyTrip,Bhopal,Unknown,BOB,1,5.95,0,0,domestic,Not Fraud
847748,974.7,ATM,Refund,Myntra,Patna,Mac,BOB,2,5.01,0,3,International,Not Fraud
406024,1315.98,Wallet,Purchase,Zomato,Patna,Unknown,HDFC,7,23.33,0,1,International,Not Fraud
580102,1279.66,NetBanking,Bill Payment,Jio,Bengaluru,Mac,Axis,2,8.22,0,3,domestic,Not Fraud
763646,6675.69,ATM,Recharge,Airtel,Lucknow,iPhone,Axis,8,58.07,0,2,Domestic ,Not Fraud
261630,207.12,Card,Cash Withdrawal,Swiggy,Lucknow,Mac,Canara,12,25.45,1,0,Domestic ,Not Fraud
889245,1558.23,NetBanking,Transfer,Zomato,Bengaluru,Android ,PNB,6,57.95,1,0,Domestic,Not Fraud
221707,5734.78,Wallet,Purchase,Jio,Chennai,android,Canara,14,56.45,0,2,domestic,Not Fraud
282927,2325.74,UPI,Purchase,Zomato,Delhi,Windows,PNB,9,9.69,1,3,International,Not Fraud
165602,457.72,Wallet,Purchase,BigBasket,Patna,Unknown,Axis,10,6.19,0,2,domestic,Not Fraud
188868,3904.3,Wallet,Bill Payment,Jio,Hyderabad,Unknown,Canara,11,8.12,0,1,domestic,Not Fraud
749498,804.42,Wallet,Transfer,MakeMyTrip,Kolkata,Android ,Canara,1,51.94,0,3,International,Not Fraud
918665,2983.13,Wallet,Recharge,Swiggy,Kolkata,Mac,SBI,8,33.98,1,0,Domestic,Not Fraud
223088,13790.85,POS,Purchase,Uber,Ahmedabad,android,Canara,13,48.73,0,2,Domestic ,Not Fraud
886530,1166.28,ATM,Bill Payment,Uber,Surat,iPhone,Kotak,13,24.75,0,2,International,Not Fraud
522419,898.73,card,Cash Withdrawal,CRED,Jaipur,Unknown,Canara,9,45.01,1,3,Domestic ,Not Fraud
608913,4572.25,ATM,Transfer,CRED,Pune,Mac,Canara,13,20.69,0,0,Domestic,Not Fraud
780432,747.41,Card,Bill Payment,Myntra,Lucknow,Android ,HDFC,3,3.2,1,1,Domestic ,Not Fraud
485416, ₹974.49,POS,Refund,CRED,Hyderabad,Windows,ICICI,15,18.03,1,1,International,Not Fraud
468611,2759.01,Wallet,Purchase,Paytm,Kochi,Unknown,HDFC,7,18.94,0,1,domestic,Not Fraud
350967,4095.48,POS,Recharge,Meesho,Pune,Windows,Union Bank,8,23.21,0,3,Domestic,Not Fraud
631219,2646.7,UPI,Bill Payment,Amazon India,Bengaluru,Android,Axis,5,37.75,1,3,Domestic ,Fraud
555589,2897.91,Card,Recharge,BigBasket,Surat,Unknown,HDFC,2,27.26,0,2,International,Not Fraud
451284,3326.32,POS,Transfer,Jio,Kolkata,Windows,Kotak,13,25.82,0,2,Domestic,Not Fraud
137081,1116.62,UPI,Purchase,Flipkart,Mumbai,iPhone,Axis,9,48.21,1,1,domestic,Not Fraud
985885,372.75,UPI,Purchase,Meesho,Ahmedabad,iPhone,BOB,5,19.71,1,0,domestic,Not Fraud
101533,901.96,Card,Purchase,IRCTC,Ahmedabad,Android ,BOB,13,39.47,1,0,International,YES
513507,2168.23,Card,Cash Withdrawal,Jio,Patna,android,HDFC,2,35.55,0,3,International,Not Fraud
907756,447.16,NetBanking,Transfer,Paytm,Bengaluru,iPhone,HDFC,4,27.17,1,2,Domestic,Not Fraud
282313,705.42,Card,Cash Withdrawal,Jio,Ahmedabad,Android,Union Bank,1,57.13,1,1,Domestic,Not Fraud
583388,1216.06,UPI,Refund,Paytm,Bengaluru,Android,Canara,1,10.16,1,3,Domestic ,Not Fraud
501620,1076.46,UPI,Cash Withdrawal,Uber,Ahmedabad,Unknown,BOB,3,25.21,0,0,Domestic ,Not Fraud
904092,2551.44,Card,Transfer,SBI,Surat,Android,SBI,10,59.98,0,0,International,Fraud
297377,4851.06,ATM,Purchase,Razorpay,Indore,Windows,PNB,14,59.28,1,2,International,Not Fraud
248533," ₹1,222.98",ATM,Refund,Airtel,Chennai,iPhone,ICICI,13,6.74,1,0,domestic,Not Fraud
334081,2748.02,Wallet,Transfer,Airtel,Chandigarh,android,Union Bank,11,35.38,0,3,domestic,Not Fraud
276042,4951.74,Card,,SBI,Surat,Unknown,HDFC,11,53.13,0,2,Domestic ,Not Fraud
969067, ₹811.39,Wallet,Cash Withdrawal,Myntra,Patna,Mac,Canara,8,47.34,0,1,Domestic ,Not Fraud
273012,1312.61,Wallet,Purchase,MakeMyTrip,Bengaluru,iPhone,PNB,10,53.4,0,0,Domestic,Not Fraud
548377,1551.8,NetBanking,Cash Withdrawal,Flipkart,Hyderabad,iPhone,Union Bank,2,17.74,1,1,Domestic,Not Fraud
561101,1490.97,Wallet,Refund,Swiggy,Jaipur,Android ,Union Bank,8,15.88,1,0,International,Not Fraud
347088,744.81,ATM,Cash Withdrawal,Meesho,Bhopal,Android,Union Bank,8,18.0,1,0,International,Not Fraud
112964,723.48,POS,Refund,Airtel,Jaipur,iPhone,HDFC,13,42.05,1,0,Domestic ,Not Fraud
738221,20630.34,NetBanking,Recharge,Razorpay,Chandigarh,Mac,Canara,11,41.65,0,3,domestic,Fraud
734366,2075.77,NetBanking,Transfer,Zomato,Chandigarh,Windows,ICICI,11,5.45,1,1,Domestic ,Not Fraud
477880,2269.6,ATM,Transfer,Myntra,Mumbai,Unknown,Axis,12,12.03,1,3,Domestic ,Not Fraud
700056,609.65,ATM,Transfer,Jio,Indore,Unknown,Kotak,13,57.9,0,1,International,Not Fraud
416822," ₹16,288.65",NetBanking,Cash Withdrawal,Google Pay,Lucknow,Unknown,BOB,11,31.29,1,0,Domestic,Not Fraud
257212,5638.16,UPI,Bill Payment,Airtel,Bengaluru,Mac,PNB,9,45.95,0,3,domestic,Not Fraud
804505,1081.82,ATM,Refund,Airtel,Pune,android,Axis,6,30.49,0,1,domestic,Not Fraud
408334,253.63,NetBanking,Bill Payment,PhonePe,Bengaluru,Android ,Axis,8,51.09,1,0,Domestic,Not Fraud
184736,285.31,Card,Cash Withdrawal,,Pune,iPhone,Canara,8,20.02,0,2,Domestic,Not Fraud
114760,6658.89,Card,Cash Withdrawal,CRED,Patna,Unknown,BOB,15,19.4,0,0,Domestic,Fraud
820141,3650.34,Card,Bill Payment,Uber,Delhi,Android,Canara,3,20.63,1,2,International,Not Fraud
673867,2220.03,POS,Purchase,SBI,Delhi,Windows,HDFC,5,28.52,0,1,Domestic,Not Fraud
971889,3222.92,UPI,Purchase,Uber,Hyderabad,Unknown,HDFC,9,58.39,1,3,domestic,Not Fraud
410401,,UPI,Purchase,IRCTC,Chandigarh,Android,Union Bank,5,27.91,0,1,Domestic,Not Fraud
868677,3731.31,UPI,Bill Payment,Myntra,Chennai,android,PNB,2,22.42,1,1,Domestic,Not Fraud
498197,1163.29,Card,Transfer,Flipkart,Chennai,Android,HDFC,13,21.58,0,1,Domestic ,Not Fraud
861949,1875.6,POS,,Airtel,Ahmedabad,Unknown,Union Bank,4,28.97,1,1,Domestic,Not Fraud
569865,1981.7,NetBanking,Transfer,Meesho,Delhi,Windows,Union Bank,2,51.41,1,2,Domestic,Not Fraud
965401,549.75,ATM,Recharge,Meesho,Lucknow,Unknown,Axis,1,49.01,1,2,Domestic ,Not Fraud
856609," ₹2,010.20",NetBanking,Recharge,MakeMyTrip,Lucknow,android,PNB,7,6.51,0,1,Domestic,Not Fraud
150931,1570.4,POS,Cash Withdrawal,BookMyShow,Hyderabad,android,Union Bank,9,56.12,1,1,International,Not Fraud
884782,1356.49,ATM,Cash Withdrawal,Google Pay,Ahmedabad,Android ,PNB,9,18.0,1,1,International,Fraud
806995,249.7,POS,Recharge,Jio,Hyderabad,Windows,Canara,12,53.64,1,3,Domestic,Not Fraud
808340,347.58,NetBanking,Purchase,IRCTC,Jaipur,Android ,Kotak,12,33.76,0,3,International,Not Fraud
564586,6581.11,POS,Refund,Amazon India,Delhi,Windows,Kotak,14,13.61,1,1,International,Not Fraud
725874,3234.51,Wallet,Transfer,IRCTC,Jaipur,Windows,Kotak,1,46.44,1,3,domestic,Not Fraud
407835,6057.7,ATM,Bill Payment,Swiggy,Bhopal,Unknown,Axis,4,57.02,1,0,Domestic,Not Fraud
633447,13260.63,NetBanking,Bill Payment,BigBasket,Hyderabad,Mac,Union Bank,8,29.26,1,1,domestic,Not Fraud
261223,2349.22,POS,Recharge,Paytm,Hyderabad,Mac,BOB,1,27.61,1,0,Domestic,Not Fraud
882186,1391.8,Wallet,Bill Payment,CRED,Bhopal,Android ,SBI,10,2.83,0,2,Domestic,Fraud
409307,2837.45,UPI,Transfer,MakeMyTrip,Kolkata,Mac,icici,11,8.73,1,0,International,Not Fraud
803571,1472.37,POS,Refund,CRED,Pune,Windows,Union Bank,13,34.08,0,3,Domestic,Not Fraud
259797,2128.92,ATM,,Airtel,Pune,Android,Canara,10,34.06,1,3,International,Not Fraud
966589,6061.89,NetBanking,Bill Payment,BookMyShow,Kochi,Mac,Kotak,3,53.49,0,2,Domestic,Not Fraud
909652,11206.53,Card,Recharge,MakeMyTrip,Jaipur,Android,Canara,10,44.02,1,1,Domestic ,Not Fraud
643042,3675.74,Card,Purchase,Jio,Chandigarh,Android ,Axis,15,47.51,1,3,Domestic ,Not Fraud
641760,2922.92,POS,Refund,BigBasket,Kolkata,Windows,BOB,5,22.64,0,3,domestic,Not Fraud
973846,1924.29,Card,Cash Withdrawal,PhonePe,Hyderabad,Windows,PNB,7,1.44,0,1,International,Not Fraud
278852,4827.33,Wallet,Purchase,Uber,Mumbai,Unknown,Axis,4,49.84,0,1,domestic,Not Fraud
888930,13253.81,UPI,Recharge,IRCTC,Patna,iPhone,HDFC,2,5.68,0,0,Domestic ,Not Fraud
397026,415.88,Wallet,Transfer,CRED,Hyderabad,Windows,,10,52.62,1,2,International,Not Fraud
483405,,POS,Bill Payment,CRED,Surat,iPhone,HDFC,10,16.61,1,1,Domestic ,Not Fraud
324875,630.26,POS,Refund,Zomato,Chennai,Mac,Axis,9,24.09,1,0,International,Not Fraud
618382,1948.14,ATM,Recharge,BigBasket,Bhopal,Android,Union Bank,8,0.74,1,1,Domestic,Not Fraud
171950,5329.03,Card,Bill Payment,BigBasket,Jaipur,Android,BOB,15,5.5,1,2,domestic,Not Fraud
952646,2759.35,Wallet,Purchase,MakeMyTrip,Hyderabad,Unknown,Union Bank,13,34.54,1,3,Domestic ,Not Fraud
470248,9493.9,UPI,Refund,BigBasket,Bengaluru,Windows,Axis,9,32.19,1,1,domestic,Not Fraud
976960,9045.86,POS,Refund,Ajio,Pune,Android ,Axis,10,21.43,0,0,Domestic,Not Fraud
517206,5036.66,ATM,Bill Payment,Razorpay,Chandigarh,Windows,Canara,4,45.04,0,0,Domestic ,Not Fraud
372315,2215.46,POS,Refund,Airtel,Kochi,Unknown,SBI,3,32.96,0,2,Domestic ,Not Fraud
855829,858.25,Wallet,Recharge,Myntra,Kochi,Windows,ICICI,5,48.26,1,3,International,Not Fraud
366642,725.98,POS,Bill Payment,Uber,Chandigarh,Windows,Union Bank,8,50.35,0,3,domestic,Not Fraud
805893,3697.28,POS,Recharge,Razorpay,Pune,Unknown,Union Bank,9,29.3,1,0,Domestic ,Not Fraud
480805,1556.59,NetBanking,Refund,Airtel,Surat,iPhone,Kotak,12,35.26,1,3,International,Not Fraud
902156,6990.83,Card,Purchase,Zomato,Hyderabad,Mac,Canara,2,6.33,0,0,Domestic ,Not Fraud
719531,816.44,POS,Cash Withdrawal,Ajio,Surat,Windows,Union Bank,10,27.45,1,2,domestic,Not Fraud
892170,795,ATM,Bill Payment,Jio,Chennai,android,Canara,8,18.05,1,2,International,Not Fraud
779956,1905.26,Card,Refund,CRED,Bengaluru,Windows,Axis,12,31.96,1,3,International,Not Fraud
231113,814.15,Card,Purchase,IRCTC,Mumbai,Windows,Union Bank,12,26.36,0,1,Domestic,Not Fraud
956949,1483.66,UPI,Purchase,IRCTC,Bengaluru,Windows,Kotak,7,49.71,0,1,Domestic ,Not Fraud
604605,1640.6,POS,Refund,Myntra,Surat,Windows,SBI,11,18.0,1,0,International,Not Fraud
819265,1961.64,Card,Refund,Razorpay,Delhi,Android,Canara,10,20.37,0,0,domestic,Not Fraud
608876,3897.94,NetBanking,Purchase,Paytm,Kochi,android,BOB,12,26.31,1,3,International,Not Fraud
119629,1245.41,Card,Bill Payment,BookMyShow,Chennai,Android,Kotak,10,51.42,0,2,Domestic,Not Fraud
287316,1466.54,NetBanking,Purchase,Zomato,Surat,Mac,Union Bank,14,1.97,0,3,International,Not Fraud
879592,11881.73,NetBanking,Transfer,Amazon India,Bengaluru,iPhone,Canara,15,25.02,1,0,domestic,Not Fraud
903506,797.85,Card,Refund,Razorpay,Ahmedabad,Unknown,ICICI,11,34.64,1,3,Domestic,Not Fraud
676967,1704.95,netbanking,Cash Withdrawal,Jio,Surat,Windows,BOB,15,44.7,1,3,Domestic ,Not Fraud
582732,1353.36,POS,Recharge,MakeMyTrip,Jaipur,android,Union Bank,6,9.45,1,2,International,Not Fraud
450632,685.24,Wallet,Purchase,Razorpay,Chandigarh,iPhone,Kotak,6,52.8,1,3,Domestic,Not Fraud
831663,,POS,Recharge,Uber,Delhi,Mac,SBI,4,9.28,1,3,Domestic,Not Fraud
783932,1785.23,Wallet,Recharge,BigBasket,Bengaluru,Windows,BOB,10,11.85,0,1,Domestic,Not Fraud
961493,4645.74,Card,Refund,SBI,Indore,Windows,SBI,13,26.59,0,3,Domestic,Not Fraud
664139,3206.62,Card,Purchase,Uber,Chennai,Unknown,PNB,4,12.31,1,3,International,Not Fraud
792165,231.2,Card,Cash Withdrawal,Flipkart,Jaipur,android,SBI,6,51.87,0,2,Domestic ,Not Fraud
472640,204.36,Wallet,Transfer,Flipkart,Mumbai,Unknown,Union Bank,11,18.21,1,0,domestic,Not Fraud
427557,2507.77,UPI,Refund,Meesho,Bhopal,Android ,Axis,15,36.36,1,1,International,Not Fraud
252591,3268.32,Card,Transfer,Razorpay,Chennai,Mac,PNB,12,1.87,1,3,Domestic ,Not Fraud
342129,10055.87,Card,Recharge,SBI,Mumbai,iPhone,Kotak,11,1.66,0,3,International,Not Fraud
285679,3933.19,Card,Purchase,CRED,Delhi,iPhone,Kotak,15,57.29,1,3,domestic,Not Fraud
357657,1262.51,Wallet,Purchase,Meesho,Delhi,Unknown,Canara,9,32.32,0,3,Domestic,Not Fraud
533648,1415.99,Card,Refund,Swiggy,Kochi,Mac,Union Bank,6,27.11,0,3,International,Not Fraud
741804,932.07,UPI,Purchase,Jio,Kochi,Android,Union Bank,3,22.78,1,0,International,Not Fraud
580921,3035.77,Wallet,Bill Payment,BookMyShow,Lucknow,Windows,ICICI,8,51.34,0,3,International,Not Fraud
134007," ₹1,908.39",ATM,Transfer,Flipkart,Pune,Windows,ICICI,11,34.73,1,2,Domestic,Fraud
548081,408.67,ATM,Bill Payment,Razorpay,Kochi,iPhone,SBI,14,33.07,1,3,International,Not Fraud
703080,1334.65,ATM,Refund,Ajio,Bengaluru,Android ,Kotak,10,21.3,0,3,Domestic ,Not Fraud
823535," ₹4,189.25",UPI,Recharge,Paytm,Hyderabad,Mac,BOB,5,15.34,0,2,domestic,fraud
663051,819.54,NetBanking,Cash Withdrawal,Ajio,Surat,android,SBI,15,20.17,1,0,domestic,Not Fraud
724103,2422.79,NetBanking,Purchase,Google Pay,Chennai,Android,PNB,2,51.89,1,2,Domestic,Not Fraud
624344,6158.12,Card,Transfer,Flipkart,Indore,Android,HDFC,3,11.49,1,2,domestic,Not Fraud
123572,3120.56,ATM,Purchase,Uber,Mumbai,Android,HDFC,10,45.53,0,2,International,Not Fraud
943058,1262.79,UPI,Recharge,Paytm,Hyderabad,Unknown,PNB,5,34.49,0,0,domestic,Not Fraud
659399,1968.61,UPI,Transfer,BigBasket,Patna,Android,Canara,2,58.42,1,1,Domestic,Not Fraud
927094,1990.71,Card,Bill Payment,SBI,Chennai,iPhone,PNB,14,52.96,1,3,Domestic,Not Fraud
751034,1735.0,ATM,Bill Payment,Zomato,Bhopal,Android,Union Bank,4,32.92,1,3,Domestic,Not Fraud
961953,4535.87,Card,Cash Withdrawal,Razorpay,Bengaluru,iPhone,HDFC,8,10.65,1,0,Domestic,Not Fraud
431976,4974.45,Card,Refund,IRCTC,Mumbai,Unknown,ICICI,5,34.26,1,3,domestic,Not Fraud
836333,3251.55,ATM,Bill Payment,MakeMyTrip,Mumbai,Android,HDFC,10,23.72,1,3,Domestic ,Not Fraud
242371,3740.74,Wallet,Transfer,IRCTC,Lucknow,iPhone,SBI,2,8.32,1,3,Domestic ,Not Fraud
135087,1067.19,UPI,Refund,PhonePe,Chandigarh,Unknown,Union Bank,1,34.13,1,0,Domestic ,Not Fraud
661023,5064.6,ATM,Cash Withdrawal,PhonePe,Bengaluru,Android,HDFC,13,0.75,1,3,domestic,Not Fraud
405925,4518.74,POS,Refund,Flipkart,Jaipur,android,Canara,13,44.27,0,2,Domestic ,Not Fraud
289592,5070.01,UPI,Transfer,SBI,Hyderabad,Android ,ICICI,13,31.69,0,2,Domestic,Not Fraud
518114,4604.78,Card,Refund,Flipkart,Indore,iPhone,Kotak,8,18.15,0,3,Domestic ,Not Fraud
910707,8315.93,UPI,Recharge,CRED,Indore,Android,Kotak,11,44.97,0,2,International,Not Fraud
327357,1596.38,NetBanking,Recharge,Amazon India,Delhi,iPhone,HDFC,10,38.32,0,0,International,Not Fraud
390756,7986.64,NetBanking,Bill Payment,BookMyShow,Bengaluru,Mac,BOB,13,3.84,1,2,Domestic,Not Fraud
362769,1308.54,ATM,Refund,BookMyShow,Hyderabad,Android ,Kotak,13,26.81,1,1,Domestic,Not Fraud
694798,578.45,Wallet,Refund,BigBasket,Patna,Mac,HDFC,9,56.11,1,2,domestic,Not Fraud
211954,10061.26,POS,Purchase,MakeMyTrip,Kolkata,iPhone,BOB,11,41.36,1,0,Domestic ,Not Fraud
525205,336.16,ATM,Recharge,Ajio,Lucknow,Android ,Canara,2,12.78,1,1,International,Not Fraud
740916,372.42,POS,Transfer,Amazon India,Chennai,Android ,SBI,3,50.14,0,0,Domestic,Not Fraud
451801,189.58,POS,Refund,Zomato,Surat,Mac,Union Bank,2,7.33,0,3,International,Not Fraud
783415,534.01,ATM,Cash Withdrawal,Amazon India,Kolkata,Mac,HDFC,10,53.23,1,3,International,Fraud
200331,2353.3,Card,Purchase,SBI,Chandigarh,Android ,Kotak,10,21.78,0,3,International,Not Fraud
895248,11079.52,POS,Bill Payment,Jio,Delhi,Android,Axis,8,2.69,0,1,International,Not Fraud
713513,5590.18,NetBanking,Transfer,Airtel,Hyderabad,iPhone,HDFC,8,3.35,1,1,International,Not Fraud
538539,1758.81,Card,Refund,Flipkart,Chennai,Windows,SBI,3,45.64,0,2,International,Not Fraud
707615,2770.3,ATM,Cash Withdrawal,Razorpay,Pune,Mac,Canara,4,53.52,0,0,Domestic ,Not Fraud
526369,1769.82,POS,Cash Withdrawal,BookMyShow,Hyderabad,android,Axis,4,8.05,1,1,Domestic,Not Fraud
824304,752.36,Wallet,Transfer,BigBasket,Chennai,android,PNB,6,31.9,1,3,domestic,Fraud
283781,2588.9,UPI,Purchase,Flipkart,Indore,Unknown,BOB,11,33.57,0,1,International,Not Fraud
625808,617.07,Card,Bill Payment,Airtel,Ahmedabad,android,Kotak,9,49.79,1,2,Domestic ,Not Fraud
757746,7603.54,UPI,Purchase,Google Pay,Kolkata,Android,ICICI,1,17.66,0,3,domestic,Not Fraud
402143,7276.28,NetBanking,Bill Payment,BookMyShow,Kochi,Mac,ICICI,13,50.75,0,2,domestic,Not Fraud
460549,14640.43,UPI,Bill Payment,BookMyShow,Chennai,Windows,PNB,3,22.44,0,2,Domestic,YES
863933,2197,POS,Cash Withdrawal,Uber,Surat,Unknown,Kotak,15,55.35,1,0,Domestic ,Not Fraud
391427,2496.29,UPI,Refund,SBI,Delhi,Windows,Axis,4,1.45,1,0,Domestic ,Not Fraud
565798,53167.86,Wallet,Purchase,Jio,Bhopal,Windows,Kotak,12,59.56,1,2,International,Not Fraud
106940,623.03,Card,Bill Payment,Meesho,Chandigarh,Windows,HDFC,7,38.36,1,3,International,Not Fraud
771670,3653.93,UPI,Bill Payment,Razorpay,Lucknow,android,Canara,14,38.23,0,2,Domestic ,Fraud
827968,2840.88,ATM,Cash Withdrawal,Razorpay,Indore,Android ,BOB,14,7.26,0,2,International,Not Fraud
727847,1769.27,POS,Bill Payment,Uber,Delhi,Windows,Union Bank,13,10.11,1,2,domestic,Not Fraud
297569,1325.64,NetBanking,Bill Payment,CRED,Chandigarh,Windows,ICICI,13,53.83,0,3,Domestic ,Not Fraud
337580,947.05,ATM,Refund,Myntra,Surat,android,Kotak,5,7.61,0,0,Domestic ,Fraud
130680,2254.75,POS,Recharge,Zomato,Hyderabad,Android,Axis,2,8.82,1,2,domestic,Not Fraud
628687,3689.93,UPI,Bill Payment,Paytm,Pune,Unknown,ICICI,14,42.49,1,1,Domestic ,Not Fraud
221343,1682.65,Wallet,Bill Payment,Ajio,Chennai,Android,Kotak,7,17.09,1,3,International,Not Fraud
513989,4664.46,POS,Refund,Amazon India,Kolkata,Windows,Canara,7,41.73,0,1,Domestic,Not Fraud
636256,1776.1,ATM,Bill Payment,BigBasket,Jaipur,Unknown,Canara,5,8.93,1,0,Domestic,Not Fraud
904857,2837.54,POS,Recharge,BigBasket,Kolkata,Android,PNB,8,47.58,0,2,Domestic ,Not Fraud
791442,325.18,Wallet,Bill Payment,BookMyShow,Bhopal,Android,BOB,14,46.79,0,3,Domestic ,Not Fraud
903702,2147.48,ATM,Transfer,MakeMyTrip,Chandigarh,Mac,Union Bank,5,19.3,0,0,International,Not Fraud
419723,6095.86,NetBanking,Transfer,PhonePe,Ahmedabad,Android,Kotak,2,20.32,0,2,Domestic,Not Fraud
902059,7189.04,NetBanking,Recharge,Airtel,Bhopal,Mac,HDFC,11,20.44,1,2,Domestic ,Not Fraud
547852,4726.46,Card,Purchase,Razorpay,Bengaluru,Unknown,PNB,4,20.9,0,2,domestic,Not Fraud
948228,930.17,Card,Cash Withdrawal,Razorpay,Kolkata,Android,Axis,10,51.18,1,0,International,Not Fraud
525581,327.27,UPI,Bill Payment,CRED,Pune,Android ,Kotak,4,6.9,0,0,International,Not Fraud
429153,123.48,NetBanking,Bill Payment,Google Pay,Mumbai,iPhone,Union Bank,10,17.95,0,3,domestic,Fraud
972765,729.26,ATM,Purchase,Ajio,Jaipur,Android,Axis,10,44.26,0,3,International,Not Fraud
598306,9269.17,NetBanking,Recharge,Airtel,Hyderabad,Android ,BOB,12,22.13,1,0,Domestic,Not Fraud
367946,4221.06,NetBanking,Transfer,MakeMyTrip,Hyderabad,android,Canara,5,5.51,0,2,International,Not Fraud
268132,1886.67,NetBanking,Cash Withdrawal,Ajio,Bengaluru,android,BOB,12,15.73,0,2,Domestic ,Not Fraud
265488,4639.32,POS,Cash Withdrawal,Amazon India,Chennai,Mac,Axis,4,31.03,0,3,domestic,Not Fraud
778540,1028.16,UPI,Cash Withdrawal,Myntra,Indore,Mac,BOB,10,37.63,0,3,International,Not Fraud
952924,2693.65,UPI,Refund,BookMyShow,Patna,Android ,Canara,13,16.05,1,3,International,Not Fraud
322526,3554.57,NetBanking,Bill Payment,PhonePe,Kochi,iPhone,Canara,12,23.07,1,2,Domestic,Not Fraud
488918,1512.44,ATM,Bill Payment,Amazon India,Delhi,Android ,Union Bank,3,58.09,0,1,domestic,Not Fraud
376002,1309.67,NetBanking,Transfer,Flipkart,Surat,Android,Canara,10,49.79,1,2,Domestic ,Not Fraud
142773,8388.27,UPI,Refund,Myntra,Jaipur,Mac,Canara,8,21.46,1,3,Domestic ,Not Fraud
180567,869.48,POS,Refund,Razorpay,Jaipur,Unknown,Axis,4,46.12,0,2,Domestic,Not Fraud
788047,781.35,UPI,Cash Withdrawal,Ajio,Kochi,Android,Kotak,10,57.06,1,1,International,Fraud
889114,347.78,UPI,Transfer,Myntra,Jaipur,Mac,BOB,11,9.33,1,3,Domestic ,Not Fraud
950389,12620.79,Card,Cash Withdrawal,BigBasket,Kochi,Mac,Kotak,6,36.87,1,3,Domestic,Not Fraud
415001,2029.51,POS,Cash Withdrawal,Uber,Bengaluru,Android ,BOB,14,14.99,1,2,Domestic,Not Fraud
924366,2305.93,NetBanking,Purchase,Razorpay,Jaipur,Windows,Union Bank,3,50.59,0,0,Domestic ,Fraud
280077,2894.95,Card,Refund,Swiggy,Kolkata,iPhone,Kotak,11,28.68,1,3,domestic,Fraud
780130,1057.6,Card,Purchase,Paytm,Mumbai,iPhone,SBI,3,39.02,1,1,Domestic,Yes
988803,2101.9,Wallet,Recharge,BookMyShow,Mumbai,Mac,Axis,12,25.96,1,3,domestic,Not Fraud
779792,2390.87,Card,Purchase,Meesho,Delhi,Android ,BOB,7,53.36,0,3,domestic,Not Fraud
805804,263.53,ATM,Refund,SBI,Surat,Android ,Canara,11,44.1,1,1,International,Not Fraud
474387,3057.29,Wallet,Transfer,PhonePe,Lucknow,Mac,Union Bank,11,9.6,0,0,domestic,Fraud
982478,951.04,UPI,Refund,IRCTC,Jaipur,android,Union Bank,13,6.74,0,0,Domestic,Not Fraud
560438,964.51,ATM,Refund,IRCTC,Hyderabad,Mac,PNB,7,46.18,0,1,Domestic ,Not Fraud
479347,707.97,Card,Transfer,PhonePe,Patna,android,BOB,1,26.61,0,0,Domestic,Not Fraud
419105,5023.44,Card,Bill Payment,Meesho,Delhi,Unknown,BOB,12,44.59,1,0,domestic,Not Fraud
853800,796.2,ATM,Refund,Jio,Kochi,Android ,BOB,12,52.8,1,1,Domestic,Not Fraud
632151,1039.11,NetBanking,Recharge,CRED,lucknow,iPhone,HDFC,6,7.52,0,3,domestic,Not Fraud
253672,13541.45,NetBanking,Recharge,BigBasket,Chennai,Android ,Axis,12,25.6,1,0,Domestic,Not Fraud
613321,2043.98,ATM,Recharge,Google Pay,Bhopal,android,Canara,12,58.4,0,1,International,Not Fraud
260751,11447.77,UPI,Bill Payment,MakeMyTrip,Kolkata,Android ,HDFC,2,22.35,1,2,domestic,Not Fraud
700896,492.86,Card,Purchase,Amazon India,Chandigarh,iPhone,Union Bank,5,33.99,1,3,Domestic ,Not Fraud
564620,1058.91,Card,Recharge,Swiggy,Surat,android,BOB,12,16.71,0,1,Domestic,Not Fraud
657695,4948.15,ATM,Recharge,Razorpay,Delhi,Unknown,Axis,3,57.75,1,1,International,Not Fraud
204158,2553.72,Wallet,Cash Withdrawal,Airtel,Mumbai,android,ICICI,9,10.17,0,1,domestic,Not Fraud
633328,327.06,NetBanking,Purchase,Zomato,Bhopal,Windows,Axis,13,30.31,0,2,Domestic,Not Fraud
666692,31316.92,UPI,Recharge,Uber,,iPhone,BOB,3,46.94,1,3,Domestic,Not Fraud
875089,3996.56,NetBanking,Bill Payment,BigBasket,Jaipur,Unknown,Axis,9,33.83,1,0,Domestic ,Not Fraud
825452,5006.8,NetBanking,Bill Payment,BookMyShow,Jaipur,Android ,Axis,3,38.82,0,3,Domestic,Not Fraud
967661,530.49,POS,Purchase,MakeMyTrip,Bengaluru,Android ,Canara,10,21.54,0,0,Domestic,Not Fraud
616777,1947.07,NetBanking,Refund,SBI,Bengaluru,iPhone,Kotak,15,42.27,0,0,International,Not Fraud
997034,873.6,POS,Recharge,Swiggy,Kolkata,Unknown,ICICI,4,52.87,1,1,Domestic,Not Fraud
856254,2372.87,POS,,Airtel,Delhi,Android ,BOB,4,2.91,1,3,domestic,Not Fraud
457356,5361.2,UPI,Recharge,Amazon India,Patna,Mac,PNB,14,3.36,1,1,Domestic,Not Fraud
810477,7372.56,UPI,Transfer,Swiggy,Surat,Mac,SBI,1,33.6,1,3,Domestic ,Not Fraud
576133, ₹701.20,Wallet,Recharge,SBI,Patna,Mac,HDFC,9,19.76,0,0,Domestic,Not Fraud
783362,5985.06,NetBanking,Cash Withdrawal,SBI,Chandigarh,Mac,ICICI,13,21.53,0,1,Domestic ,Not Fraud
828531,3488.3,UPI,Transfer,Paytm,Indore,Mac,Axis,12,58.92,1,2,domestic,Not Fraud
315289,1516,Card,Recharge,BookMyShow,Ahmedabad,Android ,Axis,7,11.14,0,2,Domestic,Not Fraud
988704,867.54,UPI,Bill Payment,Paytm,Pune,Android,ICICI,9,14.83,0,0,International,Not Fraud
300992,828.11,Card,Recharge,Myntra,Indore,Windows,BOB,9,22.75,1,2,Domestic ,Not Fraud
795732,697.89,NetBanking,Recharge,Meesho,Chennai,android,Canara,10,3.99,1,2,Domestic ,Not Fraud
264845,4742.92,ATM,Transfer,Paytm,Delhi,Mac,Axis,15,50.56,1,0,International,Not Fraud
345147,2294.23,Wallet,Bill Payment,CRED,Patna,Mac,Canara,5,38.76,1,0,domestic,Not Fraud
733375,6954.43,UPI,Transfer,Airtel,Pune,Unknown,PNB,3,59.9,1,0,domestic,Not Fraud
715517,,POS,Transfer,BigBasket,Chennai,Unknown,Axis,13,33.2,1,3,domestic,Not Fraud
336444,214.13,ATM,Recharge,IRCTC,Indore,Android,ICICI,7,25.6,1,2,domestic,Not Fraud
573469,3938.84,Wallet,Recharge,Swiggy,Bhopal,iPhone,BOB,11,53.7,0,1,Domestic,Not Fraud
530819,9029.74,Wallet,Bill Payment,PhonePe,Pune,Windows,Union Bank,7,9.51,0,1,Domestic ,Not Fraud
249623,989.27,ATM,Transfer,Razorpay,Lucknow,Unknown,Union Bank,8,3.93,1,1,domestic,Not Fraud
791095,1872.72,Wallet,Recharge,BigBasket,Lucknow,Windows,ICICI,3,41.94,0,3,Domestic,Not Fraud
903774,774.89,POS,Recharge,CRED,Chandigarh,iPhone,HDFC,13,19.63,1,1,domestic,Not Fraud
354063,3851.13,UPI,Refund,Zomato,Jaipur,Android,ICICI,12,57.01,0,3,domestic,Not Fraud
326667,1030.0,POS,Bill Payment,BookMyShow,Chennai,Windows,ICICI,8,41.83,0,3,domestic,Not Fraud
935635,634.35,Card,Purchase,CRED,Mumbai,Android,SBI,14,49.84,0,1,Domestic,Not Fraud
112563,1117.77,Wallet,Purchase,Paytm,Ahmedabad,Android,PNB,7,12.84,0,0,domestic,Fraud
448176,850.95,UPI,Purchase,Google Pay,Kolkata,Android ,PNB,3,38.16,1,3,Domestic,Not Fraud
183246,2786.14,UPI,Purchase,SBI,Mumbai,iPhone,Kotak,1,8.34,1,2,International,Not Fraud
156700,49259.46,POS,Cash Withdrawal,Meesho,Delhi,android,Kotak,15,55.07,0,1,Domestic ,Not Fraud
181961,2791.23,Card,Transfer,Swiggy,Chennai,iPhone,Union Bank,7,43.53,1,1,International,Not Fraud
932106,1204.24,Wallet,Cash Withdrawal,BigBasket,Indore,Android,ICICI,8,1.29,1,3,Domestic,Not Fraud
262240,2667.65,Wallet,Recharge,MakeMyTrip,Bhopal,Windows,Canara,15,11.46,0,2,Domestic ,Not Fraud
634363,1091.36,UPI,Cash Withdrawal,Zomato,Delhi,Mac,ICICI,12,29.37,1,0,Domestic ,Not Fraud
112936,9431.31,NetBanking,Bill Payment,IRCTC,Kochi,Unknown,Axis,2,46.28,1,3,Domestic,Not Fraud
319703,1012.08,pos,Refund,CRED,Lucknow,Mac,HDFC,15,44.92,1,0,International,Not Fraud
953929,4928.99,Card,Transfer,IRCTC,Kolkata,Windows,Canara,4,11.22,0,1,International,Not Fraud
164022,1446.51,NetBanking,Bill Payment,Zomato,Bhopal,Android,HDFC,5,45.13,0,0,Domestic,Not Fraud
797385,1410.6,NetBanking,Bill Payment,Airtel,Patna,unknown,PNB,7,22.77,0,2,domestic,Not Fraud
437833,464.02,Card,Refund,SBI,Kochi,Windows,Canara,1,38.06,0,2,Domestic ,Fraud
922987,16121.02,Wallet,Bill Payment,BigBasket,Hyderabad,Android ,Axis,14,43.03,0,1,Domestic ,Not Fraud
268018,4247.74,UPI,Transfer,PhonePe,Ahmedabad,Mac,ICICI,15,55.75,1,2,International,Not Fraud
558188,3453.6,ATM,Cash Withdrawal,Airtel,Bengaluru,android,BOB,13,14.08,1,0,domestic,Not Fraud
935259,3536.83,ATM,Purchase,Uber,Mumbai,Android ,Union Bank,3,31.23,0,0,,Not Fraud
988845,6994.19,POS,Bill Payment,SBI,Delhi,android,Kotak,12,34.48,0,3,domestic,Not Fraud
453800,7585.42,Card,Cash Withdrawal,Myntra,Delhi,Android ,BOB,7,40.71,1,3,Domestic ,Yes
251857,4719.79,UPI,Refund,BookMyShow,Lucknow,android,ICICI,4,13.17,0,0,domestic,Not Fraud
515912,998.75,Card,Refund,Meesho,Hyderabad,Android,PNB,8,18.23,0,3,Domestic,fraud
827424,3140.04,UPI,Transfer,Meesho,Chandigarh,Android,SBI,12,5.76,0,3,Domestic ,Not Fraud
665163,1481.45,ATM,Cash Withdrawal,Amazon India,Bhopal,iPhone,Union Bank,12,49.15,0,1,Domestic,Not Fraud
630734,641.05,Card,Recharge,Swiggy,Kolkata,Android ,Kotak,5,21.88,0,3,Domestic,Not Fraud
731394,1028.09,NetBanking,Refund,Zomato,Pune,Unknown,SBI,9,13.04,1,2,International,Not Fraud
830650,2469.77,NetBanking,Recharge,IRCTC,Patna,Android ,Axis,11,11.64,1,1,Domestic ,Not Fraud
110342,4871.46,ATM,Bill Payment,Swiggy,Patna,Android,HDFC,2,22.69,0,3,Domestic,Not Fraud
508486,3168.66,NetBanking,Bill Payment,MakeMyTrip,Lucknow,Android ,HDFC,3,20.78,1,3,International,Not Fraud
389221,6402.27,POS,Refund,PhonePe,Indore,Android ,BOB,7,31.28,0,2,Domestic,Not Fraud
544579,1545.54,Card,Refund,Swiggy,Delhi,Unknown,Kotak,11,30.57,0,3,Domestic ,Not Fraud
900808,1441.72,POS,Refund,PhonePe,Indore,Unknown,Union Bank,9,54.24,0,0,domestic,Not Fraud
696474,8441.23,POS,Bill Payment,Uber,Hyderabad,iPhone,Canara,7,13.13,1,0,Domestic ,Not Fraud
107246,1996.75,Wallet,Cash Withdrawal,Zomato,Mumbai,Windows,Canara,3,46.19,1,1,Domestic ,Not Fraud
216041,1892.96,Wallet,Refund,Jio,Chennai,iPhone,BOB,4,17.17,0,3,Domestic ,Fraud
213119,1062.84,Wallet,Bill Payment,IRCTC,Chandigarh,Mac,BOB,13,1.37,0,2,Domestic,Not Fraud
394795,3502.39,NetBanking,Cash Withdrawal,Swiggy,Chandigarh,Windows,Axis,13,6.99,1,1,Domestic ,Not Fraud
195352,13035.65,ATM,Purchase,PhonePe,Chennai,Android ,ICICI,14,3.15,1,2,International,fraud
437263,591.55,NetBanking,Bill Payment,PhonePe,Patna,Android ,SBI,4,17.19,1,0,Domestic ,Fraud
712711," ₹1,571.51",ATM,Bill Payment,Airtel,Chennai,android,PNB,7,5.33,0,1,Domestic,Not Fraud
364792,850.41,NetBanking,Recharge,Paytm,Chandigarh,Android ,ICICI,15,52.64,1,2,Domestic ,Not Fraud
619072,1779.94,Card,Bill Payment,IRCTC,Jaipur,Unknown,SBI,11,31.99,0,1,Domestic ,Not Fraud
331039,4895.78,Card,Cash Withdrawal,Meesho,Mumbai,Unknown,Union Bank,5,42.52,0,1,International,Not Fraud
741185,335.39,ATM,Refund,Jio,Mumbai,Android,PNB,5,19.55,0,0,domestic,Not Fraud
313824,45088.81,POS,Refund,Google Pay,Bhopal,Android ,Union Bank,10,37.83,1,1,Domestic ,Not Fraud
172827,219.81,Card,Refund,Myntra,Chandigarh,iPhone,Kotak,3,4.42,0,3,Domestic ,Not Fraud
930892,16685.36,UPI,Transfer,IRCTC,Delhi,android,HDFC,1,57.46,0,2,Domestic,Not Fraud
248724,2671.12,UPI,Purchase,MakeMyTrip,Jaipur,Unknown,SBI,1,54.74,0,1,Domestic ,Not Fraud
188923,6040.46,UPI,Bill Payment,Uber,Hyderabad,iPhone,HDFC,15,2.7,0,1,Domestic ,Not Fraud
915565,3160.39,NetBanking,Refund,Ajio,Jaipur,Android,PNB,11,8.88,0,3,Domestic ,fraud
534052,2114.43,UPI,Cash Withdrawal,Myntra,Chennai,Windows,PNB,10,47.63,1,1,International,Not Fraud
215507,2507.94,POS,Transfer,Swiggy,Ahmedabad,Mac,PNB,1,54.69,1,1,domestic,Fraud
211159,7966.7,POS,Cash Withdrawal,IRCTC,Hyderabad,iPhone,SBI,11,34.94,1,1,Domestic,Not Fraud
773662,5822.97,ATM,Cash Withdrawal,Ajio,Lucknow,Android ,PNB,1,36.29,0,1,Domestic,Fraud
231211,9003.34,NetBanking,Transfer,CRED,Ahmedabad,Android ,Kotak,12,12.79,0,1,Domestic ,Not Fraud
987734,4183.27,POS,Purchase,Myntra,Bhopal,Mac,PNB,6,1.78,1,1,Domestic,Not Fraud
473973,4159.63,NetBanking,Cash Withdrawal,Razorpay,Delhi,Android,SBI,13,17.02,1,1,domestic,Not Fraud
853362,686.0,Card,Recharge,Ajio,Bhopal,Android,SBI,4,53.08,0,1,domestic,Not Fraud
202137,848.32,POS,Recharge,Paytm,Ahmedabad,Mac,HDFC,13,1.0,1,0,Domestic ,Not Fraud
528902,1216.5,NetBanking,Refund,BookMyShow,Jaipur,Mac,ICICI,14,37.22,0,3,domestic,Not Fraud
265890,1552.14,POS,Refund,PhonePe,Delhi,Android,Union Bank,10,24.02,0,1,Domestic ,Fraud
877293,1351.05,Card,Cash Withdrawal,BigBasket,Hyderabad,Android ,Axis,8,6.95,1,0,International,Not Fraud
543464,704.73,NetBanking,Transfer,Ajio,Patna,android,SBI,5,15.2,0,0,International,Not Fraud
661519,661.23,NetBanking,Cash Withdrawal,Swiggy,Delhi,iPhone,PNB,12,47.05,1,2,Domestic ,Not Fraud
930489,5110.84,POS,Transfer,Amazon India,Surat,android,Canara,11,24.44,0,3,International,Not Fraud
116977,2529.46,Card,Bill Payment,Paytm,Bhopal,Unknown,Axis,5,53.81,0,3,Domestic ,Fraud
821997,5865.32,Wallet,Recharge,Myntra,Indore,Mac,ICICI,11,26.31,1,0,Domestic,Not Fraud
220063,4294.61,ATM,Recharge,Meesho,Kochi,Android,SBI,4,51.39,0,2,Domestic ,Not Fraud
933762,,NetBanking,Bill Payment,Meesho,Ahmedabad,android,Kotak,15,24.94,0,0,Domestic ,Not Fraud
863481,2494.74,Wallet,Recharge,Paytm,Bhopal,iPhone,BOB,3,24.25,1,1,Domestic ,Not Fraud
129169,2733.38,Card,Purchase,Swiggy,Pune,Windows,SBI,10,42.48,0,3,Domestic,Not Fraud
208442,1773.47,NetBanking,Bill Payment,BigBasket,Ahmedabad,iPhone,SBI,2,27.6,0,0,International,Not Fraud
493482,552.75,Wallet,Purchase,CRED,Mumbai,android,Canara,15,18.88,1,1,International,Not Fraud
259746,4623.7,NetBanking,Recharge,Myntra,Mumbai,Mac,Kotak,4,52.03,0,1,Domestic,Fraud
987132,1019.58,NetBanking,Recharge,CRED,Chandigarh,Mac,BOB,15,43.07,1,0,domestic,Not Fraud
135399,4309.78,NetBanking,Cash Withdrawal,SBI,Hyderabad,Unknown,BOB,9,15.26,1,2,domestic,Not Fraud
587982,5571.01,NetBanking,Purchase,Airtel,Chennai,Windows,SBI,10,47.73,0,0,Domestic ,Fraud
225052,729.4,POS,Bill Payment,CRED,Patna,Android,PNB,2,27.22,1,3,International,Not Fraud
858386,12197.6,Wallet,Refund,Airtel,Delhi,Android,SBI,5,16.55,1,3,Domestic,Not Fraud
859434,3022.47,UPI,Purchase,SBI,Indore,android,SBI,7,13.66,0,1,domestic,Not Fraud
991450,1394.38,POS,Cash Withdrawal,Razorpay,Chennai,iPhone,HDFC,15,24.86,1,0,International,Not Fraud
163194,7341.89,NetBanking,Recharge,Jio,Bengaluru,Android ,Axis,4,0.89,0,3,Domestic ,Not Fraud
574409,649.13,NetBanking,Recharge,IRCTC,Kochi,Android ,HDFC,14,37.27,0,3,International,Not Fraud
552432,2549.84,UPI,Purchase,Google Pay,Kolkata,Mac,Canara,4,9.12,1,2,Domestic,Not Fraud
361036,628.65,Card,Recharge,Meesho,Jaipur,Unknown,Canara,2,13.25,0,0,domestic,Not Fraud
627685,3908.97,POS,Transfer,Paytm,Chandigarh,Windows,Axis,15,42.06,1,2,International,Not Fraud
596846,934.4,Wallet,Bill Payment,Myntra,Mumbai,Windows,HDFC,10,0.16,0,3,Domestic,YES
114219,3400.41,UPI,Cash Withdrawal,Airtel,Lucknow,Android,Canara,14,21.22,1,3,Domestic,Not Fraud
496129,2915.14,NetBanking,Recharge,PhonePe,Mumbai,Mac,BOB,11,6.57,1,3,International,Not Fraud
108739,6563.15,UPI,Purchase,SBI,Surat,Unknown,BOB,8,55.64,0,3,International,Not Fraud
792325,2478.29,Wallet,Recharge,Uber,Pune,Android,HDFC,14,0.14,1,1,domestic,Not Fraud
505002,2389.06,Card,Recharge,CRED,Pune,Android ,HDFC,7,24.01,0,2,domestic,Not Fraud
583555,905.71,NetBanking,Transfer,MakeMyTrip,Patna,iPhone,Kotak,9,11.08,1,0,International,Not Fraud
491235,2246.21,Wallet,Purchase,MakeMyTrip,Mumbai,Mac,BOB,3,37.29,1,0,Domestic ,Not Fraud
163821,1680.76,NetBanking,Recharge,Airtel,Hyderabad,android,HDFC,2,44.45,0,1,International,Not Fraud
125854,2921.03,Wallet,Purchase,Zomato,Pune,Unknown,SBI,14,30.4,1,0,Domestic,Not Fraud
279071,1083.27,Wallet,Transfer,CRED,Hyderabad,android,SBI,9,44.53,0,3,Domestic ,Not Fraud
789115,10399.6,UPI,Transfer,CRED,Patna,Mac,SBI,10,26.72,1,1,Domestic ,Not Fraud
923091,2217.4,ATM,Bill Payment,IRCTC,Kolkata,Android,PNB,13,39.54,1,0,Domestic ,Not Fraud
342959,4185.91,Card,Recharge,Razorpay,Surat,Android ,PNB,2,39.95,1,3,domestic,Not Fraud
900432,15932.64,Wallet,Purchase,Swiggy,Patna,android,Kotak,6,36.43,0,1,domestic,Not Fraud
200879,387.96,POS,Refund,Paytm,Ahmedabad,Windows,ICICI,4,2.09,0,0,domestic,Not Fraud
994877,5679.68,ATM,Recharge,Paytm,Pune,Mac,Canara,3,48.12,1,3,Domestic ,Not Fraud
660383,584.87,ATM,Bill Payment,PhonePe,Mumbai,Windows,Kotak,10,14.56,1,3,Domestic,Not Fraud
894133,20900.85,Wallet,Purchase,Airtel,Pune,Windows,ICICI,11,54.75,0,1,Domestic ,Not Fraud
338818,3397.02,NetBanking,Purchase,Zomato,Delhi,Android ,Canara,1,55.88,0,1,Domestic ,Not Fraud
303052,2419.28,Wallet,Cash Withdrawal,Zomato,Chennai,Unknown,HDFC,6,26.25,0,1,International,Not Fraud
356108,1204.07,UPI,Purchase,Flipkart,Ahmedabad,android,SBI,5,7.87,1,3,Domestic,Not Fraud
434347,5671.42,Card,Recharge,Jio,Lucknow,Mac,Kotak,12,32.53,0,0,domestic,Not Fraud
122323,2941.0,Card,Bill Payment,Zomato,Pune,Windows,ICICI,8,50.2,1,2,Domestic ,Not Fraud
738309,1795.93,Wallet,Purchase,MakeMyTrip,Patna,iPhone,Kotak,13,53.6,1,1,Domestic,Not Fraud
590033,1805.6,UPI,Recharge,Uber,Bhopal,Unknown,Canara,12,59.56,0,1,Domestic,Not Fraud
988765,4260.98,NetBanking,Purchase,SBI,Jaipur,Android ,HDFC,3,26.68,0,3,Domestic,Not Fraud
282971,1768.89,NetBanking,Cash Withdrawal,Swiggy,Surat,Unknown,ICICI,3,52.29,0,1,Domestic,Not Fraud
214466,2245.78,POS,Refund,Amazon India,Jaipur,Windows,PNB,2,30.47,0,0,International,Not Fraud
257352,12917.66,UPI,Cash Withdrawal,Airtel,Indore,Windows,PNB,15,35.51,0,1,domestic,Not Fraud
692867,2275.04,UPI,Refund,BigBasket,Chennai,Android ,HDFC,9,59.87,1,0,Domestic,Not Fraud
479459,2315.28,NetBanking,Cash Withdrawal,PhonePe,Indore,iPhone,PNB,2,21.18,0,2,Domestic ,Not Fraud
629558,1592.33,Wallet,Bill Payment,SBI,Chennai,Android ,Kotak,3,34.6,0,1,Domestic ,Not Fraud
471581,884.36,UPI,Refund,Amazon India,Patna,android,ICICI,3,24.2,0,2,Domestic,Not Fraud
292362,1074.82,NetBanking,Refund,BookMyShow,Patna,Mac,BOB,12,45.98,0,1,Domestic,Not Fraud
438480,3324.9,UPI,Bill Payment,Ajio,Lucknow,iPhone,SBI,7,19.18,0,1,Domestic,Not Fraud
735615,2376.72,UPI,Cash Withdrawal,Ajio,Jaipur,Windows,Axis,13,6.46,0,2,International,Not Fraud
232307,2239.85,ATM,Cash Withdrawal,Amazon India,Pune,android,SBI,14,27.29,0,0,Domestic ,Not Fraud
804728,698.51,Card,Transfer,Airtel,Bengaluru,Android ,Union Bank,13,4.54,1,0,Domestic ,Not Fraud
296193,2301.55,POS,Transfer,PhonePe,Mumbai,Android ,BOB,12,29.85,0,1,Domestic,Not Fraud
414678,410.6,NetBanking,Transfer,Razorpay,Bhopal,Unknown,PNB,14,13.99,1,3,Domestic ,Not Fraud
839056,1371.96,NetBanking,Transfer,Airtel,Kochi,Mac,BOB,3,46.44,1,3,Domestic ,Not Fraud
609089,1324.74,NetBanking,Cash Withdrawal,CRED,Surat,Windows,Canara,12,13.21,0,2,Domestic ,Not Fraud
151605,1070.14,NetBanking,Cash Withdrawal,Amazon India,Mumbai,iPhone,HDFC,9,12.71,0,1,Domestic ,Not Fraud
909932,1521.86,UPI,Cash Withdrawal,Meesho,Hyderabad,android,Canara,12,14.91,1,0,Domestic ,Not Fraud
735113,3871.73,POS,Refund,Amazon India,Mumbai,Mac,Union Bank,14,18.8,1,3,Domestic,Not Fraud
490843,2713.25,NetBanking,Recharge,MakeMyTrip,Lucknow,Mac,Axis,13,32.84,0,3,International,Not Fraud
978780,5103.5,Card,Recharge,Zomato,Bengaluru,android,ICICI,8,31.45,0,0,Domestic ,Not Fraud
583783,1585.65,UPI,Cash Withdrawal,MakeMyTrip,Pune,Windows,Union Bank,12,29.03,0,0,Domestic ,Not Fraud
556633,3722.54,UPI,Transfer,Ajio,Patna,Android,Union Bank,5,43.22,1,2,domestic,Not Fraud
241913,701.7,ATM,Transfer,BookMyShow,Chandigarh,Windows,PNB,3,31.51,1,0,domestic,Not Fraud
387918,1478.59,UPI,Transfer,SBI,Kochi,Unknown,HDFC,5,49.26,1,2,domestic,Not Fraud
501548,879.67,POS,Bill Payment,Myntra,Jaipur,iPhone,HDFC,6,34.58,1,3,International,Not Fraud
504257,4047.87,UPI,Refund,CRED,Kochi,iPhone,Canara,12,28.52,1,2,Domestic,Not Fraud
908184,15976.98,NetBanking,Cash Withdrawal,MakeMyTrip,Hyderabad,Android ,PNB,11,20.82,1,1,International,Not Fraud
146050,,NetBanking,Bill Payment,Jio,Hyderabad,Windows,Union Bank,12,42.29,1,0,Domestic,Fraud
186847,2131.56,UPI,Refund,SBI,Mumbai,Windows,ICICI,7,50.06,0,0,Domestic ,Not Fraud
168110,483.76,UPI,Recharge,Myntra,Surat,Windows,PNB,4,49.52,0,2,Domestic,Not Fraud
693692,4001.13,UPI,Bill Payment,MakeMyTrip,Jaipur,Windows,HDFC,15,27.83,0,0,International,Not Fraud
534092,19188.91,POS,Refund,Paytm,Lucknow,iPhone,ICICI,4,50.13,1,1,International,Not Fraud
554928,1962.63,ATM,Recharge,Flipkart,Kolkata,Mac,BOB,6,38.8,1,1,domestic,Not Fraud
760049,1009.27,Card,Recharge,BookMyShow,Chennai,Mac,PNB,6,52.17,0,1,Domestic ,Not Fraud
858510,5149.55,UPI,Recharge,Razorpay,Kochi,Mac,BOB,6,36.1,1,3,domestic,Not Fraud
248332,1848.65,Card,,Razorpay,Pune,Windows,ICICI,13,20.83,1,1,Domestic ,Not Fraud
820147,976.33,POS,Bill Payment,MakeMyTrip,Chennai,iPhone,SBI,7,41.96,1,3,Domestic ,Not Fraud
738081,3703.42,POS,Cash Withdrawal,SBI,Patna,android,union bank,3,46.09,1,2,domestic,Not Fraud
373698,2939.41,NetBanking,Transfer,CRED,Kolkata,Mac,Kotak,7,10.85,1,0,Domestic ,Not Fraud
878111,7017.05,Card,Purchase,BookMyShow,Bhopal,Unknown,Canara,11,7.05,1,2,Domestic ,Not Fraud
613405,845.2,UPI,Recharge,Paytm,Jaipur,Windows,Canara,8,22.09,1,2,Domestic ,Not Fraud
232177,7285.78,NetBanking,Purchase,SBI,Delhi,Windows,PNB,12,8.76,1,3,domestic,Not Fraud
951943,26171.59,ATM,Bill Payment,Swiggy,Delhi,Mac,PNB,15,6.16,0,2,domestic,Not Fraud
701186,6222.06,Wallet,Bill Payment,Razorpay,Pune,Android,Kotak,8,12.99,1,2,International,Not Fraud
201866,16072.48,UPI,Bill Payment,IRCTC,Patna,android,Kotak,4,13.57,1,1,Domestic,Not Fraud
831618,3114.78,Wallet,Bill Payment,Airtel,Mumbai,Unknown,PNB,3,40.41,1,3,Domestic,Not Fraud
274833,538.24,ATM,Bill Payment,Uber,Lucknow,Windows,Canara,10,21.16,1,3,Domestic,Not Fraud
528360,1385.09,Wallet,Recharge,Zomato,Pune,iPhone,Kotak,6,45.1,1,2,domestic,Not Fraud
286255,5409.55,ATM,Cash Withdrawal,BigBasket,Ahmedabad,Mac,Canara,7,17.38,1,3,International,Not Fraud
195385,2786.47,Card,Recharge,SBI,Bengaluru,iPhone,BOB,6,1.46,1,1,International,Not Fraud
935456,942.89,UPI,Cash Withdrawal,Razorpay,Pune,Android,Canara,3,58.37,0,2,International,Not Fraud
968543,3722.76,Wallet,Refund,SBI,Hyderabad,Windows,Union Bank,14,43.54,0,2,Domestic ,Not Fraud
606033,3447.62,ATM,Bill Payment,Myntra,Hyderabad,android,BOB,4,15.94,1,0,Domestic ,Not Fraud
405364,1217.34,POS,Purchase,SBI,Jaipur,Windows,ICICI,5,56.69,0,2,Domestic ,Not Fraud
641922,433.94,Card,Recharge,IRCTC,Lucknow,Unknown,SBI,7,28.67,0,2,International,Not Fraud
927614,2346.26,Wallet,Purchase,BigBasket,Chandigarh,iPhone,HDFC,2,39.03,1,3,Domestic ,Not Fraud
823201,1727.1,NetBanking,Cash Withdrawal,Flipkart,Bengaluru,Unknown,Union Bank,15,39.08,0,1,Domestic ,Not Fraud
153564,1261.49,Card,Transfer,Flipkart,Lucknow,Unknown,Axis,6,47.42,0,1,Domestic ,Not Fraud
100519,707.57,ATM,Refund,BookMyShow,Hyderabad,Mac,Axis,5,45.3,1,3,International,Not Fraud
168744,773.09,POS,Purchase,BookMyShow,Lucknow,Unknown,ICICI,13,25.98,1,0,Domestic ,Not Fraud
439492,4369.55,NetBanking,Refund,Zomato,Chandigarh,Windows,Kotak,3,11.6,1,1,International,Not Fraud
512658,7651.66,Wallet,Transfer,Jio,Lucknow,android,Kotak,13,25.09,1,0,Domestic ,Not Fraud
268210,376.85,Wallet,Recharge,Paytm,Pune,Windows,Union Bank,6,43.4,1,0,Domestic ,Not Fraud
912901,2133.1,POS,Bill Payment,MakeMyTrip,Jaipur,Windows,Canara,12,24.89,0,1,domestic,Not Fraud
883572,1879.27,NetBanking,Purchase,IRCTC,Mumbai,Android ,PNB,15,12.97,1,3,International,Not Fraud
693194,6161.88,UPI,Cash Withdrawal,CRED,Patna,Android ,Canara,7,59.74,1,3,domestic,Not Fraud
390313,5549.21,ATM,Cash Withdrawal,Razorpay,Bengaluru,android,Axis,8,27.13,0,2,Domestic,Not Fraud
807304,1534.65,Wallet,Recharge,Amazon India,Lucknow,Unknown,BOB,13,19.66,1,1,domestic,Not Fraud
341281,2588.3,ATM,Recharge,IRCTC,Delhi,Unknown,PNB,11,12.61,1,1,Domestic ,Not Fraud
320544,1928.81,Card,Transfer,Myntra,Hyderabad,Unknown,HDFC,2,48.01,1,3,domestic,Not Fraud
949524,576.71,NetBanking,Refund,CRED,Bengaluru,Windows,Kotak,7,52.57,0,2,domestic,Not Fraud
948735,2283.28,Card,Recharge,Jio,Lucknow,android,BOB,13,40.15,1,0,International,Not Fraud
727580,1690.07,UPI,Purchase,Ajio,Mumbai,Windows,ICICI,12,31.56,0,0,Domestic,Not Fraud
483341,1898.85,ATM,Refund,SBI,Chennai,Mac,SBI,10,40.14,0,3,Domestic ,Not Fraud
415734,1128.7,UPI,Bill Payment,BigBasket,Hyderabad,Android ,HDFC,6,42.66,1,2,International,Not Fraud
607348,218.59,POS,Purchase,Myntra,Pune,Android,ICICI,14,20.7,1,3,International,Yes
644287,1468.06,Card,Recharge,Ajio,Surat,Windows,Canara,5,3.88,1,3,Domestic,Not Fraud
635722,928.36,NetBanking,Recharge,CRED,Kochi,Windows,HDFC,4,8.59,0,0,International,Not Fraud
748213,2698.24,NetBanking,Transfer,Meesho,Ahmedabad,Unknown,PNB,4,50.61,0,3,International,Not Fraud
170060,6573.98,Wallet,Purchase,Uber,Chennai,Windows,HDFC,1,45.33,0,1,Domestic ,Not Fraud
259222,278.29,NetBanking,Transfer,Google Pay,Ahmedabad,Android,BOB,4,26.66,1,2,Domestic,Not Fraud
757350,2639.47,UPI,Purchase,IRCTC,Kochi,Unknown,PNB,8,25.61,0,3,domestic,Fraud
799377,2872.02,Wallet,Bill Payment,Zomato,Delhi,Mac,Kotak,14,15.15,1,0,Domestic,Not Fraud
199524,918.13,POS,Recharge,SBI,Bhopal,Mac,BOB,2,58.01,0,2,Domestic ,Not Fraud
532164,1819.13,POS,Transfer,Amazon India,Patna,Android ,ICICI,13,1.8,1,2,domestic,Fraud
976856,1996.07,Card,Bill Payment,BigBasket,Surat,iPhone,ICICI,4,19.06,1,0,Domestic,Not Fraud
630704,2187.02,NetBanking,Transfer,Jio,Kochi,Windows,ICICI,12,38.57,1,1,Domestic ,Not Fraud
387087,4462.84,Wallet,Recharge,SBI,Lucknow,Android,HDFC,1,29.72,0,1,International,Not Fraud
505907,926.19,Wallet,Transfer,CRED,Pune,Mac,Union Bank,12,15.76,1,2,Domestic ,Not Fraud
836251,6625.93,POS,Recharge,Zomato,Chennai,iPhone,Canara,11,58.59,0,3,domestic,Not Fraud
389501,3299.47,ATM,Cash Withdrawal,Jio,Delhi,Mac,ICICI,10,15.2,0,3,Domestic ,Fraud
912248,1841.32,ATM,Refund,MakeMyTrip,Chennai,Mac,PNB,2,36.87,1,1,International,Fraud
988422,3779.17,UPI,Cash Withdrawal,Zomato,Bengaluru,Windows,BOB,6,11.06,1,2,International,Not Fraud
200128,2198.53,POS,Purchase,BookMyShow,Surat,Android,Union Bank,3,0.2,0,0,domestic,Not Fraud
492343,10807.72,ATM,Transfer,MakeMyTrip,Kolkata,Mac,PNB,10,10.7,1,1,International,Fraud
742978,55988.35,NetBanking,Refund,Jio,Hyderabad,Windows,ICICI,15,20.31,1,3,Domestic ,Not Fraud
652953,818.32,Wallet,Cash Withdrawal,Flipkart,Indore,Android,HDFC,10,34.55,1,1,domestic,Not Fraud
971636," ₹1,758.89",UPI,Cash Withdrawal,SBI,Chandigarh,Windows,Kotak,1,11.37,0,2,International,Not Fraud
324912,2340.12,UPI,Recharge,Meesho,Patna,android,ICICI,2,27.49,0,1,domestic,Not Fraud
339465,,Wallet,Purchase,Uber,Hyderabad,iPhone,Axis,6,55.06,1,0,International,Not Fraud
298701,25470.07,POS,Cash Withdrawal,Google Pay,Pune,Windows,SBI,14,46.78,1,0,Domestic ,Not Fraud
662309,283.1,Wallet,Bill Payment,MakeMyTrip,Kolkata,Android,ICICI,5,17.15,1,0,Domestic,Not Fraud
827309,1257.41,UPI,Purchase,Zomato,Chandigarh,Mac,Axis,13,4.14,1,2,Domestic ,Not Fraud
775424,8653.54,POS,Purchase,Razorpay,Delhi,Windows,ICICI,1,23.54,0,2,Domestic,Not Fraud
168295,801.48,ATM,Transfer,MakeMyTrip,Lucknow,Unknown,ICICI,7,31.13,0,1,domestic,Fraud
396189,906.2,ATM,Recharge,Flipkart,Ahmedabad,Android,Union Bank,11,37.0,1,1,Domestic ,Not Fraud
268104,10221.03,NetBanking,Refund,Uber,Chennai,iPhone,ICICI,6,44.43,1,2,International,Not Fraud
300241,2893.6,Wallet,Bill Payment,BookMyShow,Bhopal,Mac,PNB,10,11.76,1,3,Domestic ,Not Fraud
642638,1554.9,ATM,Transfer,Paytm,Delhi,Mac,PNB,7,10.9,1,0,International,Not Fraud
742069,475.98,Card,Cash Withdrawal,Airtel,Patna,iPhone,Axis,9,44.15,0,0,Domestic,Not Fraud
837781,5308.58,Card,Recharge,Jio,Bengaluru,Windows,PNB,3,17.46,0,1,International,Not Fraud
600044,7247.31,NetBanking,Refund,Zomato,Ahmedabad,Android ,ICICI,3,46.05,1,3,International,Not Fraud
929389,2107.34,NetBanking,Recharge,IRCTC,Kolkata,Android,Kotak,11,11.91,1,2,Domestic,Not Fraud
553980,2148.22,NetBanking,Purchase,Meesho,Jaipur,iPhone,Canara,6,2.52,1,0,domestic,Not Fraud
854048,257.71,POS,Recharge,Jio,Surat,Mac,BOB,5,33.19,1,2,domestic,Not Fraud
179074,10010.59,UPI,Transfer,Zomato,Chennai,android,HDFC,1,43.41,1,0,International,Not Fraud
152427,925.58,POS,Refund,Swiggy,Kolkata,Android,HDFC,12,4.86,1,1,Domestic ,Fraud
833968,2140.43,UPI,Purchase,Meesho,Kolkata,Mac,HDFC,2,42.2,0,1,International,Not Fraud
816734,1016.94,POS,Bill Payment,CRED,Pune,Windows,PNB,5,16.96,0,0,Domestic,Not Fraud
434562,6293.59,POS,Bill Payment,Swiggy,Mumbai,Mac,PNB,8,21.55,1,2,Domestic ,Not Fraud
873701,2996.15,Wallet,Cash Withdrawal,Airtel,Kochi,Mac,Canara,13,23.2,0,1,domestic,Not Fraud
418266,852.29,Card,Purchase,Paytm,Kolkata,Unknown,SBI,14,57.32,1,1,International,Not Fraud
326915,246.96,UPI,Recharge,Ajio,Surat,Android,Kotak,7,29.48,1,1,domestic,Not Fraud
344777,1915.06,POS,Recharge,Jio,Chennai,android,Canara,15,52.33,1,3,domestic,Not Fraud
502803,1535.28,Card,Cash Withdrawal,PhonePe,Ahmedabad,Android ,Canara,13,8.99,1,0,Domestic ,Not Fraud
386007,651.39,NetBanking,Transfer,Ajio,Delhi,android,Axis,6,29.13,1,1,International,Not Fraud
899406,3633.81,Wallet,Bill Payment,Uber,Mumbai,Android ,Axis,7,4.81,1,1,Domestic ,Not Fraud
248638,4284.45,POS,Transfer,Uber,Kochi,Unknown,ICICI,6,49.93,1,0,Domestic ,Fraud
271318,358.4,ATM,Cash Withdrawal,IRCTC,Delhi,Android,HDFC,12,14.18,1,2,domestic,Not Fraud
684774,641.87,POS,Cash Withdrawal,Paytm,Bengaluru,iPhone,ICICI,1,3.24,0,3,Domestic,Not Fraud
318981,882.58,ATM,Purchase,Ajio,Lucknow,android,BOB,4,35.01,0,2,Domestic,Not Fraud
442945,4985.55,POS,Recharge,Google Pay,Lucknow,Unknown,PNB,15,15.69,0,2,Domestic ,Not Fraud
957588,3745.33,UPI,Recharge,Paytm,Pune,Android ,Kotak,5,21.72,0,1,domestic,Not Fraud
212471,4794.16,Wallet,Cash Withdrawal,Ajio,Kolkata,Unknown,Union Bank,15,0.12,0,0,Domestic,Not Fraud
225909,1275.51,Card,Refund,CRED,Pune,Android ,PNB,5,8.6,1,1,Domestic,Fraud
325942,3034,UPI,Recharge,BookMyShow,Ahmedabad,Android ,Union Bank,2,23.91,1,0,Domestic,Not Fraud
823176,2524.92,NetBanking,Bill Payment,Paytm,Chandigarh,Android ,SBI,8,48.64,0,3,Domestic ,Not Fraud
490185,3941.64,ATM,Refund,Jio,Indore,iPhone,Union Bank,8,59.01,1,1,Domestic ,Not Fraud
458245,1346.47,ATM,Bill Payment,Flipkart,Kolkata,android,Union Bank,9,38.0,0,1,International,Not Fraud
511880,2381.03,POS,Purchase,Ajio,Surat,iPhone,PNB,4,34.66,1,0,International,Not Fraud
117007,6079.76,NetBanking,Transfer,Uber,Bhopal,iPhone,Union Bank,1,17.82,0,1,Domestic,Not Fraud
665200,2838.48,Wallet,Purchase,Ajio,Delhi,Android ,Canara,13,5.97,1,3,Domestic,Not Fraud
679470,3579.13,POS,Cash Withdrawal,BookMyShow,Hyderabad,Android ,PNB,13,42.27,1,1,Domestic ,YES
573668,3603.82,Card,Cash Withdrawal,Razorpay,Jaipur,Mac,Union Bank,5,51.23,0,2,domestic,Not Fraud
617316,2112.08,Card,Bill Payment,Flipkart,Bhopal,android,ICICI,4,42.86,0,0,International,Not Fraud
375540,12692.82,UPI,Purchase,MakeMyTrip,Indore,Android ,BOB,15,56.92,1,3,Domestic ,Not Fraud
239685,1127.18,Wallet,Cash Withdrawal,Razorpay,Kolkata,Android,HDFC,12,42.12,0,2,Domestic,Not Fraud
942918,2329.98,NetBanking,Transfer,Paytm,Chandigarh,iPhone,Canara,2,8.85,0,1,Domestic,Not Fraud
509758,3189.19,Wallet,Bill Payment,Flipkart,Patna,Android,BOB,8,36.43,0,1,Domestic ,Not Fraud
141889,14477.24,NetBanking,Recharge,CRED,Bengaluru,Mac,SBI,6,16.72,1,3,domestic,Not Fraud
746307,1432.91,POS,Bill Payment,Ajio,Chennai,Unknown,HDFC,11,3.87,1,2,domestic,Not Fraud
925117,6500.56,Card,Refund,Meesho,Surat,android,BOB,3,48.15,1,1,domestic,Not Fraud
357565,856.3,NetBanking,Recharge,Paytm,Ahmedabad,Android ,PNB,7,29.11,1,3,domestic,Not Fraud
157149,2682.66,Wallet,Purchase,SBI,Chandigarh,Android ,Canara,1,50.85,1,0,domestic,Not Fraud
379692,4532.8,UPI,Cash Withdrawal,Uber,Jaipur,Windows,Axis,15,33.2,0,1,Domestic,Not Fraud
331044,185.44,Card,Purchase,Ajio,Jaipur,Android,HDFC,5,6.53,0,2,Domestic ,Not Fraud
615395,1718.36,Wallet,Cash Withdrawal,SBI,Bhopal,iPhone,SBI,7,47.4,1,2,Domestic,Not Fraud
497875,9613.62,POS,Cash Withdrawal,Myntra,Bhopal,Android ,Axis,10,52.68,0,1,Domestic,Not Fraud
265777,1644.29,Wallet,Bill Payment,Google Pay,Patna,Android,Axis,3,13.23,0,0,Domestic ,Not Fraud
877094,8530.07,Card,Transfer,Uber,Patna,iPhone,Union Bank,3,17.37,1,3,International,Not Fraud
357579,357.23,Card,Recharge,BookMyShow,Hyderabad,Unknown,PNB,13,0.62,0,2,Domestic,Not Fraud
891164,1767.83,ATM,Bill Payment,Razorpay,Indore,android,Canara,1,4.12,1,1,Domestic,Not Fraud
627593,2051.03,Wallet,Recharge,SBI,Indore,Android ,BOB,14,30.03,0,1,Domestic,Not Fraud
246638,917.97,NetBanking,Transfer,Amazon India,Pune,Mac,BOB,11,47.65,1,1,International,Not Fraud
155699,1794.35,Wallet,Transfer,Flipkart,Patna,iPhone,ICICI,6,27.96,1,3,Domestic,Not Fraud
634256,2292.56,NetBanking,Recharge,Uber,Pune,Windows,ICICI,4,37.88,1,0,Domestic ,Not Fraud
630524,1837.4,UPI,Recharge,CRED,Chandigarh,Mac,SBI,2,59.92,0,3,domestic,Not Fraud
966042,3703.87,Wallet,Purchase,PhonePe,Bhopal,Windows,SBI,15,9.18,1,1,Domestic,Not Fraud
685701,4132.9,UPI,Recharge,Airtel,Kochi,Android,PNB,9,53.36,1,2,International,Not Fraud
940615,3574.1,UPI,Bill Payment,Google Pay,Chandigarh,Mac,Union Bank,14,15.53,0,1,International,Not Fraud
159667,4365.33,NetBanking,Recharge,Myntra,Ahmedabad,Android,Canara,7,24.41,1,1,Domestic ,Not Fraud
257334,1574.31,NetBanking,,Airtel,Kolkata,iPhone,PNB,9,25.77,0,1,Domestic,Not Fraud
141433,223.33,POS,Transfer,Flipkart,Bengaluru,Unknown,Kotak,10,0.11,0,1,Domestic ,Not Fraud
133589,1252.5,Card,Bill Payment,SBI,Kochi,Android,ICICI,7,51.14,0,3,Domestic ,Not Fraud
716230,660.87,NetBanking,Transfer,Paytm,Surat,Android ,Canara,15,7.15,0,3,International,Not Fraud
942664,9715.86,UPI,Cash Withdrawal,Paytm,Lucknow,Android ,SBI,5,23.43,1,3,Domestic ,Not Fraud
255365,1376.06,ATM,Transfer,Amazon India,Kolkata,android,Kotak,1,53.06,0,3,domestic,Not Fraud
386728,1189.54,NetBanking,Cash Withdrawal,Zomato,Mumbai,Windows,Union Bank,9,23.5,0,3,Domestic,Not Fraud
430489,2621.48,Wallet,Cash Withdrawal,Ajio,Bengaluru,Unknown,Canara,14,35.49,1,2,domestic,Not Fraud
673094,11327,Card,Transfer,BookMyShow,Ahmedabad,Android,BOB,7,1.08,1,0,Domestic ,Not Fraud
357526,3244.08,ATM,Recharge,Myntra,Surat,Android ,Axis,8,1.34,0,2,International,Fraud
383169,471.63,NetBanking,Transfer,Swiggy,Bengaluru,Windows,HDFC,3,6.89,1,2,Domestic,Not Fraud
119112,2483.72,NetBanking,Transfer,Jio,Bengaluru,android,BOB,15,54.84,0,0,International,Not Fraud
714837,7035.13,UPI,Purchase,CRED,Bhopal,Windows,Union Bank,12,41.87,0,3,Domestic ,Not Fraud
688683,2028.65,POS,Bill Payment,Amazon India,Patna,Windows,Canara,13,7.08,0,3,Domestic ,Not Fraud
498019,3662.93,Card,Purchase,Uber,Patna,Windows,HDFC,3,16.91,1,0,domestic,Not Fraud
229737,7512.63,ATM,Purchase,Jio,Hyderabad,Unknown,HDFC,3,34.63,0,1,Domestic,Not Fraud
197483,2654.45,ATM,Refund,MakeMyTrip,Lucknow,android,Kotak,11,20.06,0,1,Domestic,Not Fraud
842561,1836.53,Card,Transfer,Myntra,Surat,Android,HDFC,3,10.25,0,3,Domestic,Not Fraud
361127,3580.37,Wallet,Recharge,Paytm,Bhopal,iPhone,Kotak,10,51.38,0,3,domestic,Not Fraud
175706,8735.35,Card,Transfer,PhonePe,Hyderabad,android,SBI,11,23.74,0,2,Domestic,Not Fraud
791557,,UPI,Transfer,BookMyShow,Pune,Windows,ICICI,9,40.85,1,1,International,Not Fraud
401161,3797.41,Wallet,Purchase,Flipkart,Kolkata,Mac,Canara,3,17.08,0,3,Domestic,Not Fraud
503263,560.76,NetBanking,Bill Payment,BigBasket,Chandigarh,android,ICICI,4,59.19,0,0,domestic,Not Fraud
682964,3441.33,UPI,Bill Payment,PhonePe,Hyderabad,Android,Kotak,14,36.85,0,3,Domestic,Not Fraud
474223,16254.54,Card,Bill Payment,CRED,Lucknow,Android,Kotak,2,22.86,0,1,domestic,Not Fraud
532390,2062.18,UPI,Recharge,Zomato,Bengaluru,Android ,ICICI,9,59.76,0,0,Domestic ,Not Fraud
362476," ₹1,010.08",ATM,Refund,Google Pay,Hyderabad,Mac,Canara,13,35.94,0,0,Domestic ,Not Fraud
391158,,Wallet,Bill Payment,CRED,Pune,android,HDFC,1,25.68,1,2,Domestic ,Not Fraud
223602,3184.16,UPI,Transfer,Paytm,Kolkata,Android ,Axis,12,54.74,0,2,domestic,Not Fraud
213707,15272.42,UPI,Purchase,CRED,Kolkata,Unknown,HDFC,7,13.83,0,2,domestic,Not Fraud
709644,26508.02,NetBanking,Transfer,SBI,Jaipur,Windows,SBI,2,47.82,0,0,International,Not Fraud
670079,8857.5,Card,Transfer,MakeMyTrip,Kolkata,Android,ICICI,15,4.54,0,2,Domestic,Not Fraud
272631,1029.29,Card,Transfer,Meesho,Bengaluru,Android ,Canara,11,16.65,1,0,Domestic,Not Fraud
665215,10138.45,Card,Refund,Swiggy,Bengaluru,android,Axis,11,22.36,0,1,domestic,Not Fraud
900303,6096.71,ATM,Refund,SBI,Chennai,android,Union Bank,5,30.13,0,2,Domestic ,Not Fraud
228914,2074.65,Wallet,Bill Payment,Swiggy,Surat,Windows,Union Bank,4,24.84,1,1,domestic,Not Fraud
117819,1485.71,UPI,Cash Withdrawal,Flipkart,Chandigarh,Android ,Axis,13,37.5,0,1,Domestic,Not Fraud
496453,894.89,NetBanking,Recharge,Myntra,Jaipur,Android ,Canara,12,45.85,0,3,domestic,Not Fraud
986088,789.22,POS,Bill Payment,CRED,Lucknow,Android ,ICICI,9,25.91,0,2,domestic,Not Fraud
669868,4798.77,NetBanking,Transfer,Flipkart,Lucknow,android,BOB,11,11.3,0,0,Domestic,Not Fraud
240775,3837.26,Card,Transfer,Jio,Hyderabad,Android ,Union Bank,8,36.64,0,2,Domestic,Not Fraud
845857,1152.63,ATM,Cash Withdrawal,Zomato,Surat,Windows,Axis,10,27.34,1,0,Domestic,Not Fraud
443346,3394.49,NetBanking,Purchase,CRED,Delhi,iPhone,HDFC,7,5.81,1,0,Domestic,Not Fraud
963020,2746.73,ATM,Bill Payment,BigBasket,Ahmedabad,Android,Canara,10,7.27,1,0,International,Not Fraud
893269,216.59,ATM,Recharge,Zomato,Lucknow,Android ,Kotak,7,11.76,0,1,International,Not Fraud
122286,1353.15,POS,Recharge,Meesho,Chennai,Windows,BOB,13,47.54,0,3,Domestic ,Not Fraud
505048,5251.17,UPI,Recharge,Flipkart,Pune,Android,Axis,3,41.13,0,2,International,Not Fraud
404507,567.61,Wallet,Recharge,CRED,Chandigarh,Android ,icici,12,57.79,0,1,domestic,Not Fraud
824679,1544.01,ATM,Transfer,Flipkart,Patna,iPhone,Axis,12,1.18,0,2,Domestic,Not Fraud
921591,2608.82,POS,Recharge,Uber,Bhopal,Mac,Canara,6,34.8,0,1,domestic,Not Fraud
685009,3905.34,UPI,Transfer,Uber,Ahmedabad,iPhone,BOB,8,9.38,0,3,Domestic ,Not Fraud
789186,1479.24,ATM,Refund,Airtel,Ahmedabad,Unknown,PNB,15,33.71,0,2,Domestic,Not Fraud
526691,294.18,Card,Refund,MakeMyTrip,Indore,Mac,ICICI,11,4.46,0,0,Domestic ,Not Fraud
991041,23572.59,UPI,Cash Withdrawal,Google Pay,Pune,Windows,Union Bank,9,16.39,0,0,International,Not Fraud
169439,1828.21,Wallet,Purchase,Swiggy,Pune,Unknown,Axis,7,31.72,1,0,domestic,Not Fraud
383242,3386.23,Card,Refund,CRED,Kochi,android,ICICI,1,53.75,1,3,domestic,Not Fraud
170038,11294.13,UPI,Refund,Ajio,Bengaluru,Unknown,Canara,13,46.69,0,3,domestic,Not Fraud
314871,1132.23,pos,Cash Withdrawal,Jio,Pune,iPhone,HDFC,14,59.77,0,0,Domestic,Not Fraud
151573,955.23,Wallet,Purchase,BigBasket,Indore,Mac,Axis,12,57.68,1,0,International,Not Fraud
638329,1865.15,UPI,Purchase,MakeMyTrip,Chandigarh,Mac,ICICI,3,54.92,0,0,International,Not Fraud
546714,11405.66,ATM,Recharge,Razorpay,Kolkata,Mac,PNB,14,49.6,0,0,International,Not Fraud
620580,1734.95,Wallet,Refund,BigBasket,Patna,android,HDFC,4,54.03,0,0,domestic,Not Fraud
524604,366.44,POS,Refund,BigBasket,Bengaluru,iPhone,PNB,10,9.11,0,1,Domestic,Not Fraud
825397,2719.24,ATM,Transfer,Myntra,Mumbai,Windows,SBI,12,13.86,1,2,domestic,Not Fraud
196118,7140.83,UPI,Refund,BookMyShow,Indore,Windows,Union Bank,6,55.43,0,3,Domestic ,Not Fraud
702504,8442.99,UPI,Cash Withdrawal,BookMyShow,Bengaluru,Unknown,Union Bank,15,26.24,1,1,International,Not Fraud
509106,2110.0,UPI,Bill Payment,PhonePe,Kolkata,Mac,SBI,7,43.69,1,3,Domestic,Not Fraud
408453,963.97,NetBanking,Recharge,BookMyShow,Bhopal,iPhone,BOB,3,38.33,0,2,Domestic ,Not Fraud
460029,11635.24,Wallet,Refund,Swiggy,Jaipur,iPhone,PNB,7,10.14,0,3,International,Not Fraud
505042,2779.19,ATM,Bill Payment,Jio,Bhopal,Android,SBI,14,33.57,0,2,Domestic ,Not Fraud
931994,912.16,UPI,Recharge,Ajio,Hyderabad,android,Canara,1,5.25,1,1,Domestic ,Not Fraud
432734,1955.05,NetBanking,Cash Withdrawal,CRED,Pune,Unknown,Union Bank,1,1.06,1,1,Domestic,Not Fraud
684900,897.07,ATM,Refund,SBI,Delhi,Mac,ICICI,14,46.04,1,1,International,Not Fraud
876787,86.29,Wallet,Bill Payment,Google Pay,Kochi,Unknown,ICICI,15,40.19,1,3,domestic,Not Fraud
770213,5656.51,UPI,Purchase,Airtel,Patna,Android,ICICI,4,35.22,0,0,International,Not Fraud
714920,1655.74,Card,Bill Payment,Uber,Hyderabad,Android ,Kotak,10,59.71,1,1,Domestic ,Not Fraud
401898,8059.65,NetBanking,Refund,IRCTC,Patna,Android ,SBI,4,56.99,0,1,International,Not Fraud
613317,4258.26,POS,Cash Withdrawal,Flipkart,Bengaluru,Windows,SBI,3,12.32,1,2,Domestic,Not Fraud
134281,1256.23,NetBanking,Bill Payment,Airtel,Kochi,Mac,PNB,6,8.63,0,3,Domestic ,Not Fraud
863681,4206.79,UPI,Purchase,Myntra,Chandigarh,Android ,Canara,4,55.56,0,0,domestic,Not Fraud
356399,955.43,NetBanking,Transfer,Uber,Bengaluru,Android ,Union Bank,13,34.7,0,2,domestic,Not Fraud
912574,4511.4,Wallet,Recharge,Amazon India,Ahmedabad,Windows,PNB,8,36.71,0,1,Domestic ,Not Fraud
644153,2735.05,ATM,Transfer,Zomato,Chandigarh,Mac,Canara,4,7.93,0,0,International,Not Fraud
826998,2430.31,ATM,Recharge,Meesho,Kochi,android,Union Bank,12,43.35,1,2,International,Not Fraud
916782,1050.65,NetBanking,Bill Payment,Swiggy,Kochi,Android,ICICI,3,38.61,0,2,Domestic,Not Fraud
764053,2246.01,Wallet,Cash Withdrawal,Razorpay,Pune,Android,HDFC,3,43.93,0,1,International,Not Fraud
568179,4160.03,ATM,Purchase,Zomato,Bengaluru,android,BOB,3,43.41,1,1,International,Not Fraud
395745,1098.67,UPI,Refund,BookMyShow,Kolkata,Android ,Kotak,3,6.12,1,0,Domestic ,Not Fraud
325043,948.36,POS,Refund,Jio,Indore,android,BOB,12,40.05,1,1,Domestic ,Not Fraud
878720,938.91,ATM,Bill Payment,BigBasket,Indore,Windows,ICICI,13,9.45,0,3,Domestic,Not Fraud
212239,1035.12,UPI,Cash Withdrawal,CRED,Bengaluru,Mac,SBI,6,19.23,0,0,International,Not Fraud
464938,598.65,POS,Bill Payment,CRED,Indore,Mac,HDFC,6,17.17,0,1,domestic,Not Fraud
389585,4758.38,UPI,Transfer,Flipkart,Hyderabad,android,SBI,13,56.6,1,1,Domestic ,Not Fraud
574966,2566.41,UPI,Refund,Airtel,Hyderabad,android,SBI,2,14.87,1,1,domestic,Not Fraud
546597,5945.31,Wallet,Purchase,Paytm,Hyderabad,iPhone,SBI,12,25.83,1,3,Domestic,Not Fraud
971044,22748.48,Wallet,Cash Withdrawal,BigBasket,Patna,Windows,ICICI,3,42.0,1,0,Domestic,Not Fraud
714008,1870.17,UPI,Cash Withdrawal,Flipkart,Hyderabad,android,Canara,4,32.68,0,2,Domestic,Not Fraud
334546,3706.05,UPI,Cash Withdrawal,SBI,Lucknow,android,BOB,11,4.0,1,3,Domestic,Not Fraud
321181,2523.34,Card,Cash Withdrawal,Flipkart,Lucknow,Mac,Canara,12,41.36,1,0,Domestic ,Not Fraud
210825,4666.41,Card,Purchase,BookMyShow,Pune,Android,Union Bank,2,24.7,0,0,domestic,Not Fraud
403842,4304.12,ATM,Purchase,IRCTC,Kochi,Unknown,HDFC,15,39.72,0,0,Domestic ,Not Fraud
149096,1095.36,ATM,Purchase,BookMyShow,Indore,Mac,Union Bank,7,28.51,1,0,International,Not Fraud
511151,378.38,Card,Bill Payment,Razorpay,Chandigarh,Unknown,ICICI,10,56.6,1,0,domestic,Not Fraud
824493,3604.69,NetBanking,Recharge,Ajio,Delhi,Mac,Axis,9,33.54,1,3,domestic,Not Fraud
636556,5896.37,POS,Recharge,Uber,Patna,Android,BOB,5,9.19,1,0,International,Yes
557082,783.38,Card,Recharge,Google Pay,Ahmedabad,Android,BOB,3,59.1,1,3,International,Not Fraud
314508,1762.55,NetBanking,Recharge,Zomato,Pune,Android,Axis,12,24.5,0,1,Domestic ,Not Fraud
549752,769.99,POS,Bill Payment,Jio,Kolkata,Android,Kotak,6,39.05,0,2,domestic,Not Fraud
102990,1838.81,POS,Recharge,Google Pay,Chennai,Android,Union Bank,14,24.1,0,0,domestic,Not Fraud
427523,29597.22,ATM,Cash Withdrawal,Razorpay,Ahmedabad,Android ,Union Bank,12,53.56,0,2,domestic,Not Fraud
972964,1044.13,Wallet,Refund,BigBasket,Ahmedabad,Windows,SBI,10,32.32,1,1,Domestic ,Not Fraud
242487,3317.73,UPI,Purchase,Amazon India,Chandigarh,Mac,SBI,5,31.87,1,1,Domestic,Not Fraud
544167,448.61,Wallet,Purchase,CRED,Chandigarh,Mac,PNB,14,21.91,1,2,Domestic,Fraud
995786,1358.18,UPI,Bill Payment,PhonePe,Chennai,Mac,Kotak,11,11.14,1,2,domestic,Not Fraud
601601,1063.48,POS,Purchase,Myntra,Kolkata,Mac,ICICI,12,39.43,1,3,International,Not Fraud
662928,1782.83,NetBanking,Recharge,MakeMyTrip,Jaipur,android,BOB,1,6.59,1,3,Domestic ,Fraud
216295,4784.89,UPI,Transfer,BookMyShow,Jaipur,android,BOB,15,9.96,0,2,International,Not Fraud
424809,1367.94,ATM,Bill Payment,MakeMyTrip,Kochi,Android,ICICI,3,7.49,0,2,domestic,Not Fraud
663365,3731.9,NetBanking,Purchase,Paytm,Chennai,Android ,HDFC,10,45.94,1,0,Domestic ,Not Fraud
597793,4002.88,Wallet,Recharge,Paytm,Mumbai,iPhone,Union Bank,6,42.88,0,0,Domestic ,Not Fraud
834008,503.86,Card,Recharge,Google Pay,Chennai,Windows,Axis,13,38.1,0,0,Domestic ,Not Fraud
479198,2258.15,NetBanking,Bill Payment,Google Pay,Indore,Android ,BOB,12,4.05,0,3,Domestic,Not Fraud
714807,19812.73,Card,Recharge,Meesho,Kochi,Unknown,Kotak,9,30.92,0,0,domestic,Not Fraud
499862,2571.02,Card,Purchase,PhonePe,Bhopal,Windows,HDFC,12,15.23,1,1,International,Not Fraud
151774,2658.51,UPI,Cash Withdrawal,Amazon India,Chandigarh,Android ,ICICI,12,34.73,0,1,International,Not Fraud
502355,3758.13,ATM,Purchase,BigBasket,Chandigarh,android,SBI,13,5.67,0,1,domestic,Not Fraud
103827,2866.58,Wallet,Bill Payment,Paytm,chennai,android,Kotak,4,44.03,0,3,Domestic ,Not Fraud
512077," ₹2,880.18",POS,Refund,CRED,Patna,android,BOB,15,22.32,0,0,International,Not Fraud
680870,2381.92,ATM,Recharge,Meesho,Delhi,Mac,SBI,3,22.74,1,1,Domestic ,Not Fraud
480655,2441.7,UPI,Purchase,SBI,Chandigarh,Mac,PNB,8,50.65,1,3,Domestic,Fraud
486446,1484.93,ATM,Purchase,BigBasket,Kolkata,Unknown,Kotak,15,8.44,0,3,domestic,Fraud
975336,9420.7,Card,Recharge,BigBasket,Lucknow,Mac,ICICI,11,33.13,1,0,Domestic ,Not Fraud
147575,1154.31,Wallet,Bill Payment,Jio,Jaipur,Android,ICICI,6,26.16,0,0,International,Not Fraud
242619,2188.5,POS,Cash Withdrawal,Airtel,Ahmedabad,Mac,Kotak,5,50.87,1,1,International,Not Fraud
933451,1473.48,ATM,Refund,Google Pay,Kolkata,iPhone,Canara,13,22.45,1,0,Domestic,Not Fraud
145738,5878.69,UPI,Purchase,BookMyShow,Kolkata,Unknown,HDFC,12,21.83,1,0,International,Not Fraud
695053, ₹604.42,Wallet,Recharge,Meesho,Bengaluru,Windows,Kotak,9,28.15,0,3,domestic,Not Fraud
137247,1262.1,Card,Recharge,Uber,Pune,Mac,HDFC,5,20.0,0,2,Domestic ,Not Fraud
550118,2036.14,Wallet,Transfer,Airtel,Ahmedabad,Windows,BOB,8,11.71,0,2,domestic,Not Fraud
565917,26877.07,POS,Transfer,BigBasket,Lucknow,android,Union Bank,15,16.67,0,3,domestic,Fraud
344916, ₹575.08,UPI,Purchase,Airtel,Surat,Unknown,SBI,2,57.07,0,3,Domestic ,Not Fraud
430434,643.91,UPI,Refund,Myntra,Kolkata,Android ,SBI,14,55.2,1,0,International,Not Fraud
854423,3122.1,NetBanking,Transfer,Amazon India,Delhi,android,BOB,15,11.07,1,2,Domestic ,Fraud
806815,718.51,POS,Recharge,BookMyShow,,iPhone,Union Bank,6,38.67,0,0,Domestic,Not Fraud
897250,3244.81,ATM,Bill Payment,Google Pay,Mumbai,Android,ICICI,5,3.96,1,0,International,Not Fraud
610544,13729.31,Card,Purchase,IRCTC,Surat,Windows,PNB,10,56.44,0,0,Domestic ,Not Fraud
989484,10364.93,NetBanking,Recharge,Ajio,,Android,Kotak,5,18.47,1,1,Domestic,Not Fraud
663335,,Wallet,Bill Payment,Airtel,Bhopal,iPhone,ICICI,5,11.11,0,1,International,Not Fraud
635231,,UPI,Refund,CRED,Delhi,Unknown,SBI,5,14.65,0,0,Domestic,Not Fraud
693067,,POS,Recharge,Airtel,Kochi,Windows,Union Bank,14,11.25,0,3,domestic,Not Fraud
232206,6122.27,POS,Bill Payment,Jio,Kochi,iPhone,Union Bank,1,54.45,0,0,domestic,Not Fraud
819737,370.75,POS,Recharge,Jio,Bengaluru,iPhone,HDFC,6,33.98,1,0,Domestic,Not Fraud
347813,1347.22,POS,Refund,Myntra,Chandigarh,Mac,HDFC,8,32.15,0,0,Domestic ,Not Fraud
156596,8460.92,NetBanking,Recharge,Zomato,Delhi,android,ICICI,3,33.12,1,1,International,Not Fraud
764843,5908.67,UPI,Recharge,Razorpay,Indore,Mac,Axis,4,58.72,1,1,International,Not Fraud
365778,1868.07,NetBanking,Transfer,Flipkart,Pune,Android ,Union Bank,7,11.9,0,2,International,Not Fraud
496487,1960.79,UPI,Recharge,Myntra,Mumbai,Android ,HDFC,14,36.53,0,1,Domestic,Not Fraud
486478,2425.65,UPI,Cash Withdrawal,Zomato,Pune,android,Canara,14,25.12,1,3,Domestic,Fraud
537080,2276.92,NetBanking,Cash Withdrawal,BookMyShow,Delhi,Windows,BOB,6,0.61,1,1,Domestic ,Not Fraud
806222,1554.3,NetBanking,Refund,IRCTC,Patna,iPhone,PNB,3,6.17,0,3,Domestic,Not Fraud
395418,992.73,ATM,Transfer,Google Pay,Bhopal,Unknown,Axis,8,58.45,0,2,Domestic,Not Fraud
823338,3129.66,Wallet,Refund,Jio,Mumbai,Mac,Kotak,10,40.54,1,2,Domestic ,Not Fraud
285685,6442.55,ATM,Cash Withdrawal,BigBasket,Jaipur,Mac,Union Bank,6,17.2,0,0,domestic,Not Fraud
994905,6171.47,ATM,Recharge,Jio,Surat,iPhone,BOB,15,14.45,1,2,International,Not Fraud
432120,2613.59,UPI,Recharge,MakeMyTrip,Jaipur,Android ,Axis,15,18.61,0,3,Domestic ,Not Fraud
433799,2651.78,Card,Bill Payment,Swiggy,Hyderabad,iPhone,Union Bank,3,12.63,1,1,Domestic ,Not Fraud
566311,2006.45,UPI,Refund,Myntra,Pune,Mac,SBI,8,27.23,1,3,domestic,Not Fraud
607348,15725.37,ATM,Bill Payment,Jio,Mumbai,Android,Union Bank,14,40.98,0,0,domestic,fraud
227531,4605.02,ATM,Cash Withdrawal,Paytm,Hyderabad,Android ,Union Bank,4,22.75,1,2,International,Not Fraud
826899,3951.51,Card,Bill Payment,,Indore,Android ,Axis,13,48.9,0,1,International,Not Fraud
581416,14861.56,Card,Purchase,CRED,Patna,iPhone,Union Bank,1,30.74,1,3,Domestic,Not Fraud
762825," ₹4,461.67",UPI,Bill Payment,Zomato,Bhopal,iPhone,Union Bank,3,42.39,1,3,domestic,Not Fraud
687426,1784.93,Card,Transfer,IRCTC,Chennai,Android ,Union Bank,11,51.5,0,1,International,Not Fraud
615664,1411.89,POS,Purchase,PhonePe,Chandigarh,android,HDFC,5,6.36,0,0,Domestic ,Not Fraud
855074,2544.16,POS,Transfer,BigBasket,Ahmedabad,Android,BOB,8,39.45,1,0,domestic,Not Fraud
458844,699.99,POS,Cash Withdrawal,Swiggy,Indore,Android,Kotak,6,25.75,0,0,Domestic ,Not Fraud
200761,1116.89,UPI,Bill Payment,Amazon India,Chennai,android,ICICI,3,43.76,0,1,domestic,Not Fraud
607377,466.49,ATM,Purchase,BigBasket,Kochi,Android ,Union Bank,4,4.89,0,1,Domestic ,Not Fraud
860302,2464.75,Card,Purchase,Paytm,Lucknow,Android ,HDFC,13,34.74,1,1,International,Not Fraud
424205,2118.35,NetBanking,Purchase,Flipkart,Mumbai,Mac,ICICI,9,39.96,1,3,Domestic ,Not Fraud
717467,1943.67,NetBanking,Bill Payment,Google Pay,Delhi,Mac,SBI,12,23.23,1,3,International,Not Fraud
466754,351.71,Card,Refund,Flipkart,Pune,Windows,PNB,2,9.77,0,3,Domestic ,Not Fraud
374438,1342.81,ATM,Cash Withdrawal,SBI,Surat,android,PNB,14,54.08,1,1,domestic,Not Fraud
529830,4521.61,Card,Bill Payment,Google Pay,Ahmedabad,android,Canara,5,1.13,0,1,International,Not Fraud
824851,1554.54,POS,Transfer,Zomato,Jaipur,android,ICICI,3,7.0,1,0,Domestic ,Not Fraud
989461,2288.56,Wallet,Purchase,IRCTC,Chennai,android,Axis,5,22.95,0,1,International,Fraud
682355,1651.96,Wallet,Refund,Meesho,Indore,android,BOB,7,58.25,0,1,Domestic,Not Fraud
803330,1379.0,Card,Transfer,Flipkart,Indore,Unknown,Kotak,12,8.23,0,1,domestic,Not Fraud
247711,1380.61,ATM,Purchase,MakeMyTrip,Bhopal,Mac,SBI,10,51.64,1,0,International,Not Fraud
149211,1896.2,Card,Transfer,Flipkart,Surat,android,Axis,3,9.8,1,3,Domestic ,Not Fraud
340880,246.2,ATM,Transfer,Amazon India,Ahmedabad,iPhone,SBI,1,13.25,1,3,Domestic ,Not Fraud
182042,4730.84,Wallet,Transfer,Airtel,Indore,Unknown,SBI,15,10.47,0,2,Domestic ,Not Fraud
971707,2498.65,UPI,Transfer,Myntra,Kochi,Android,ICICI,5,39.67,1,0,Domestic ,Not Fraud
926927,1452.81,Card,Bill Payment,BigBasket,Delhi,Windows,Union Bank,11,28.2,0,2,Domestic,Not Fraud
236305,4594.78,ATM,Cash Withdrawal,PhonePe,Chennai,Android ,Axis,2,5.25,0,0,Domestic ,Not Fraud
469645,3520.52,UPI,Bill Payment,Ajio,Delhi,Mac,SBI,2,35.31,1,2,International,Not Fraud
436071,961.16,Card,Transfer,Myntra,Kochi,iPhone,sbi,11,48.67,1,1,International,Not Fraud
110825,4345.19,UPI,Recharge,Meesho,Chandigarh,Windows,PNB,14,22.51,1,2,Domestic,Fraud
278778,412.26,Wallet,Recharge,Myntra,Pune,Mac,PNB,3,54.73,0,0,Domestic ,Not Fraud
905940,2396.2,POS,Bill Payment,Razorpay,Chennai,iPhone,HDFC,7,13.18,0,2,domestic,Not Fraud
678001,1634.12,Wallet,Purchase,Myntra,Lucknow,iPhone,BOB,6,5.92,0,0,International,Not Fraud
885575,744.24,Card,Transfer,Myntra,Bengaluru,Android,HDFC,5,30.73,0,2,International,Not Fraud
603779,3655.98,NetBanking,Purchase,Amazon India,Chennai,Windows,BOB,4,49.93,1,3,Domestic ,Not Fraud
178751,14688.6,NetBanking,Recharge,Zomato,Kolkata,Android ,ICICI,4,11.06,1,0,Domestic,Not Fraud
703316,2876.24,ATM,Cash Withdrawal,Swiggy,Hyderabad,android,Canara,12,31.66,0,1,Domestic,Not Fraud
515267,942.51,POS,Bill Payment,Amazon India,Delhi,Android,Axis,4,52.39,0,2,Domestic,Not Fraud
831388,865.98,ATM,Recharge,CRED,Kolkata,Android ,ICICI,7,9.92,1,3,International,Not Fraud
219584,5234.09,POS,Cash Withdrawal,Paytm,Pune,android,BOB,15,37.9,1,1,Domestic ,Not Fraud
295910,28625.19,POS,Transfer,Paytm,Kolkata,Unknown,ICICI,8,44.26,0,3,domestic,Not Fraud
997896,9859.36,POS,Transfer,Razorpay,Indore,Android ,SBI,11,48.81,0,0,International,Not Fraud
867436,1651.04,Wallet,Refund,MakeMyTrip,Ahmedabad,Unknown,Kotak,3,42.12,1,2,Domestic ,Not Fraud
109471,2959.07,NetBanking,Bill Payment,Airtel,Kolkata,Unknown,Axis,13,26.72,1,1,Domestic,Not Fraud
686311,443.39,Wallet,Purchase,Ajio,Bhopal,Unknown,Union Bank,6,41.17,1,3,domestic,Not Fraud
914120,4302.51,POS,Refund,BigBasket,Pune,,Union Bank,10,32.07,1,2,domestic,Not Fraud
287843,7597.76,UPI,Cash Withdrawal,IRCTC,Bhopal,iPhone,sbi,5,32.13,1,2,Domestic,Not Fraud
680210,2568.55,POS,Recharge,SBI,Ahmedabad,android,Canara,6,25.02,0,0,International,Not Fraud
474799,,UPI,Refund,BigBasket,Indore,Android ,BOB,7,17.64,1,1,Domestic ,Not Fraud
761675,5777.03,POS,Cash Withdrawal,Meesho,Hyderabad,Android,ICICI,13,12.32,1,0,Domestic,Fraud
460912,461.38,Wallet,Transfer,Jio,Bhopal,Unknown,Kotak,10,35.88,1,1,domestic,Not Fraud
964120,3149.89,Wallet,Bill Payment,Airtel,Lucknow,Windows,Axis,14,13.98,0,2,Domestic,Not Fraud
595243,865.25,ATM,Cash Withdrawal,PhonePe,Mumbai,Android,ICICI,4,55.4,0,3,Domestic ,Not Fraud
427814,2520.95,POS,Transfer,Myntra,Surat,Windows,Kotak,2,24.42,1,3,domestic,Not Fraud
879458,2524.01,Wallet,Transfer,Ajio,Jaipur,Windows,PNB,14,43.96,0,3,Domestic,Not Fraud
328351,7474.13,Card,Cash Withdrawal,PhonePe,Surat,Android,Union Bank,7,5.08,0,1,International,Not Fraud
817510,2718.48,Card,Transfer,Jio,Bengaluru,android,Canara,2,18.88,0,3,domestic,Not Fraud
191878,1057.23,UPI,Cash Withdrawal,Jio,Hyderabad,Android,Canara,12,28.8,1,1,Domestic ,Not Fraud
658121,1457.56,Wallet,Bill Payment,Google Pay,Patna,Android ,SBI,10,33.29,1,1,Domestic,Not Fraud
980145,312.77,NetBanking,Bill Payment,BigBasket,Lucknow,iPhone,Union Bank,11,36.94,1,2,Domestic ,Not Fraud
794759,821.87,ATM,Purchase,Razorpay,Hyderabad,iPhone,ICICI,14,37.91,0,1,domestic,Not Fraud
620449,8298.37,ATM,Bill Payment,Google Pay,Lucknow,Unknown,HDFC,13,52.44,1,0,Domestic,Not Fraud
873732,397.91,UPI,Cash Withdrawal,SBI,Ahmedabad,Unknown,Union Bank,13,37.07,0,0,Domestic ,Fraud
906147,1071.58,NetBanking,Recharge,Meesho,Surat,Android,SBI,14,40.17,0,1,Domestic ,Not Fraud
444027, ₹935.78,ATM,Transfer,Uber,Chandigarh,iPhone,PNB,14,32.15,0,0,Domestic,Not Fraud
465616,995.03,POS,Cash Withdrawal,Paytm,Chandigarh,android,BOB,9,43.27,1,1,International,Not Fraud
695695,1445.18,UPI,Refund,BookMyShow,Lucknow,Windows,Axis,3,21.49,0,0,Domestic ,Not Fraud
529768,3031.07,Wallet,Transfer,Amazon India,Kochi,iPhone,Union Bank,1,20.65,0,2,International,Not Fraud
144935,1400.66,UPI,Refund,Airtel,Kochi,Unknown,Axis,6,57.8,0,1,Domestic,Not Fraud
321684,1733.3,POS,Purchase,BookMyShow,Jaipur,Windows,Union Bank,15,1.39,1,0,Domestic ,Not Fraud
348648," ₹11,519.88",Card,Recharge,SBI,Jaipur,iPhone,Canara,14,49.9,1,3,International,Not Fraud
896924,1334.52,ATM,Bill Payment,BigBasket,Hyderabad,Android,SBI,9,54.08,1,1,Domestic ,Not Fraud
124318,1022.25,UPI,Purchase,SBI,Mumbai,iPhone,HDFC,3,32.74,1,1,domestic,Not Fraud
120636,754.34,UPI,Cash Withdrawal,Jio,Delhi,Unknown,Canara,1,42.47,1,2,Domestic,Not Fraud
685127,803.12,Wallet,Refund,Zomato,Lucknow,Android ,ICICI,8,9.15,1,2,Domestic ,Not Fraud
301765,523.33,NetBanking,Cash Withdrawal,Myntra,Pune,android,HDFC,5,23.02,1,0,Domestic ,Not Fraud
698989,808.02,Card,Recharge,Flipkart,Delhi,android,PNB,6,11.88,0,0,domestic,Not Fraud
314112,1136.48,Wallet,Transfer,Swiggy,Kochi,iPhone,SBI,9,48.8,0,3,Domestic,Not Fraud
356773,4954.99,UPI,Transfer,Razorpay,Hyderabad,Mac,Union Bank,7,3.32,0,1,domestic,Fraud
865906,5124.77,NetBanking,Bill Payment,Razorpay,Pune,iPhone,HDFC,1,35.04,1,3,Domestic ,Not Fraud
476533,1529.64,Wallet,Bill Payment,SBI,Kochi,Android,Union Bank,10,32.45,0,3,Domestic,Fraud
367700,3355.54,Card,Cash Withdrawal,MakeMyTrip,Patna,android,Kotak,8,33.4,1,1,International,Not Fraud
415386,8920.83,POS,Purchase,MakeMyTrip,Kochi,iPhone,HDFC,1,3.12,0,3,International,Not Fraud
849119,6883.23,UPI,Transfer,Zomato,Kolkata,Unknown,Union Bank,14,0.68,0,1,International,Not Fraud
937100,1196.89,UPI,Recharge,Amazon India,Mumbai,Unknown,Union Bank,1,1.49,0,3,International,Not Fraud
669719,1906.3,ATM,Purchase,SBI,Kochi,Android ,BOB,14,57.06,1,3,domestic,Fraud
828029,9153.6,UPI,Purchase,BookMyShow,Ahmedabad,Android ,HDFC,5,19.85,0,2,International,Not Fraud
702673,,NetBanking,Bill Payment,PhonePe,Surat,iPhone,BOB,10,35.87,1,2,Domestic ,Not Fraud
247574,16203.67,ATM,Recharge,PhonePe,Chennai,iPhone,Canara,1,31.9,0,3,domestic,Not Fraud
909070,1688.67,Card,Purchase,BookMyShow,Indore,iPhone,SBI,9,57.03,1,0,Domestic,Not Fraud
233994,6164.21,POS,Purchase,Zomato,Bhopal,android,SBI,9,14.61,0,3,Domestic,Fraud
850078,3668.3,POS,Purchase,Jio,Bengaluru,Mac,ICICI,6,0.79,1,3,domestic,Fraud
483727,4143.98,Card,Transfer,CRED,Kochi,iPhone,Kotak,8,43.18,0,2,Domestic ,Not Fraud
506246,2362.48,Wallet,Cash Withdrawal,BigBasket,Kolkata,Android ,SBI,15,21.13,1,1,International,Not Fraud
214140,6701.4,ATM,Purchase,BookMyShow,Chandigarh,Windows,ICICI,13,30.66,1,2,International,Not Fraud
733970,1340.98,Wallet,Transfer,Zomato,Chennai,Unknown,HDFC,12,45.1,0,2,domestic,Not Fraud
421622,1288.46,POS,Recharge,Paytm,Chandigarh,Unknown,Union Bank,4,20.31,1,1,Domestic,Not Fraud
305597,6717.56,UPI,Purchase,Zomato,Hyderabad,Windows,ICICI,11,45.01,0,1,International,Not Fraud
210136,1721,Card,Refund,Zomato,Chennai,Mac,Union Bank,10,26.86,0,0,Domestic,Not Fraud
263145,370.69,POS,Refund,Flipkart,Patna,Unknown,HDFC,13,59.26,1,0,domestic,Not Fraud
274554,11211.29,UPI,Transfer,Swiggy,Hyderabad,Android ,Canara,9,31.76,1,0,Domestic ,Not Fraud
894996,10554.47,UPI,Cash Withdrawal,SBI,Hyderabad,Unknown,ICICI,10,38.06,1,2,Domestic ,Not Fraud
624813,1004.76,UPI,Recharge,Uber,Kolkata,Android,SBI,1,0.98,1,2,International,Not Fraud
473825,1810.38,ATM,Cash Withdrawal,Google Pay,Kochi,Windows,Canara,2,26.27,0,1,domestic,Not Fraud
828590,1750.81,UPI,Purchase,Jio,Pune,iPhone,Union Bank,2,37.24,0,1,domestic,Not Fraud
482445,1502.19,UPI,Transfer,Flipkart,Ahmedabad,Windows,HDFC,13,48.47,1,2,Domestic ,Not Fraud
997080,4947.63,UPI,Cash Withdrawal,Ajio,Jaipur,android,Kotak,2,19.27,0,2,domestic,Not Fraud
494663,506.19,UPI,Bill Payment,Razorpay,Ahmedabad,iPhone,Canara,14,56.34,0,3,International,Not Fraud
479221,1438.32,Wallet,Bill Payment,Flipkart,Chennai,Mac,HDFC,7,48.35,1,1,Domestic ,Not Fraud
269866,799.66,Wallet,Recharge,Uber,Bengaluru,Windows,PNB,10,10.45,1,3,Domestic ,Not Fraud
454688,722.4,NetBanking,Refund,BookMyShow,Mumbai,iPhone,BOB,4,43.63,1,3,Domestic ,Not Fraud
450862,1734.38,POS,Recharge,Meesho,Jaipur,Android,BOB,13,22.29,0,2,Domestic,Not Fraud
531482,2844.54,POS,Cash Withdrawal,SBI,Surat,Android,BOB,8,3.56,1,3,Domestic ,Not Fraud
284616,6497.08,Card,Refund,BigBasket,Pune,Mac,ICICI,3,56.63,0,3,Domestic,Not Fraud
523780,1998.55,Wallet,Purchase,Myntra,Patna,Android,Kotak,10,33.25,0,2,International,Not Fraud
163491,4653.55,ATM,Bill Payment,Zomato,Mumbai,android,ICICI,7,32.83,0,3,Domestic ,Not Fraud
218627,1444.03,NetBanking,Transfer,Paytm,Pune,Unknown,BOB,14,48.52,0,2,Domestic ,Not Fraud
734085,2702.88,NetBanking,Bill Payment,Myntra,Delhi,Windows,Union Bank,4,7.72,0,3,International,Not Fraud
775829,1636.78,Wallet,Refund,CRED,Chennai,Android,BOB,5,21.42,0,3,domestic,Not Fraud
122754,,ATM,Cash Withdrawal,Amazon India,Lucknow,Mac,Canara,3,2.77,0,0,International,Not Fraud
170501,5201.55,UPI,Transfer,Myntra,Ahmedabad,Unknown,PNB,1,9.32,1,2,domestic,Not Fraud
921420,4653.96,POS,Recharge,BigBasket,Ahmedabad,Android,Union Bank,4,37.46,0,1,International,Not Fraud
887854,12822.78,ATM,Transfer,Zomato,Ahmedabad,Android ,Kotak,10,23.63,0,0,Domestic,Not Fraud
458505,1832.54,UPI,Recharge,Myntra,Bhopal,Android,Kotak,10,59.16,0,1,International,Not Fraud
126638,897.52,NetBanking,Refund,IRCTC,Surat,Mac,Union Bank,15,37.29,0,3,International,Not Fraud
471852,227.22,NetBanking,Refund,Myntra,Pune,Android,HDFC,1,19.14,1,1,International,Not Fraud
671742,785.14,ATM,Cash Withdrawal,Google Pay,Chennai,Mac,ICICI,4,42.52,1,2,Domestic,Not Fraud
199903,6974.86,POS,Transfer,Paytm,Pune,Mac,ICICI,6,52.37,0,1,domestic,Not Fraud
875585,1164.46,NetBanking,Transfer,MakeMyTrip,Pune,Android ,PNB,9,16.04,1,1,International,Not Fraud
864764,12226.02,Wallet,Transfer,Myntra,Kolkata,iPhone,PNB,13,39.85,1,1,domestic,Fraud
786947,236.65,Card,Bill Payment,PhonePe,kolkata,android,HDFC,7,23.73,1,0,International,Not Fraud
488744,2805.3,UPI,Purchase,SBI,Ahmedabad,Android,SBI,13,12.13,0,1,International,Not Fraud
884714, ₹387.41,UPI,Transfer,Meesho,Mumbai,Mac,Canara,7,49.87,0,3,Domestic ,Not Fraud
791048, ₹794.40,ATM,Transfer,BookMyShow,Ahmedabad,Windows,Axis,3,51.46,0,1,International,Not Fraud
586457,7173.41,NetBanking,Cash Withdrawal,Zomato,Pune,iPhone,PNB,8,39.54,1,2,Domestic ,Not Fraud
677219,4648.5,Card,Cash Withdrawal,Google Pay,Delhi,Unknown,HDFC,8,1.28,0,3,International,Not Fraud
111303,2651.53,Card,Cash Withdrawal,Jio,Jaipur,iPhone,PNB,3,21.6,1,2,International,Not Fraud
625189,1588.91,Wallet,Refund,Swiggy,Jaipur,Android ,SBI,14,20.3,1,3,domestic,Fraud
872841," ₹1,256.91",UPI,Recharge,Ajio,Ahmedabad,Unknown,HDFC,2,17.69,1,2,domestic,Not Fraud
680337,3367.66,NetBanking,Cash Withdrawal,CRED,Jaipur,Mac,ICICI,15,48.57,0,2,domestic,Not Fraud
689403,1399.41,Wallet,Purchase,Razorpay,Kolkata,Mac,SBI,7,1.32,0,2,Domestic ,Not Fraud
957130,1647.16,ATM,Purchase,Paytm,Ahmedabad,Unknown,BOB,7,28.31,0,1,International,Not Fraud
148958,7820.42,UPI,Refund,Meesho,Kochi,android,Union Bank,7,28.3,0,3,International,Not Fraud
577533,6605.87,Wallet,Purchase,Airtel,Surat,Android,Kotak,1,15.82,1,0,Domestic ,Not Fraud
662569,1800.08,Card,Transfer,Ajio,Mumbai,Unknown,ICICI,15,9.67,0,1,Domestic ,Not Fraud
316265,16801.32,UPI,Recharge,Uber,Patna,Unknown,Kotak,12,41.76,0,0,International,Not Fraud
270295,697.27,UPI,Recharge,Swiggy,Kolkata,Mac,PNB,5,14.0,1,1,Domestic,Fraud
219430,14238.31,Wallet,Refund,BigBasket,Mumbai,Unknown,BOB,6,52.99,0,0,Domestic ,Not Fraud
150252,34340,Wallet,Cash Withdrawal,Zomato,Delhi,android,SBI,4,1.96,0,0,Domestic ,Not Fraud
692389,2817.22,NetBanking,Cash Withdrawal,Amazon India,Mumbai,android,ICICI,3,38.53,1,2,Domestic,Not Fraud
578454,1590.98,UPI,Cash Withdrawal,BigBasket,Chandigarh,iPhone,ICICI,1,38.17,0,3,International,Not Fraud
409576,1359.28,POS,Refund,Meesho,Surat,Windows,Canara,13,39.75,0,2,International,Not Fraud
362065,1872.61,Wallet,Transfer,Amazon India,Ahmedabad,Windows,Union Bank,10,22.67,1,0,International,Not Fraud
916719,1719.42,NetBanking,Recharge,Google Pay,Patna,iPhone,HDFC,5,40.81,0,3,domestic,Not Fraud
522819,2409.8,Card,Refund,Google Pay,Indore,Unknown,BOB,13,27.87,1,2,Domestic,Not Fraud
749994,2749.16,Card,Transfer,Google Pay,Delhi,Android ,Union Bank,3,0.76,1,3,Domestic,Not Fraud
682985,2688.65,ATM,Refund,Razorpay,Chennai,Unknown,Union Bank,9,27.89,1,3,International,Not Fraud
728611,1323.18,ATM,Bill Payment,Zomato,Ahmedabad,android,Axis,2,9.37,0,3,Domestic,Not Fraud
223950,1504.76,Card,Refund,Uber,Bengaluru,android,Axis,1,12.33,1,2,International,Not Fraud
843881,2086.24,POS,Refund,Myntra,Lucknow,Mac,ICICI,11,9.16,0,1,domestic,Fraud
790887,258.44,ATM,Recharge,Razorpay,Chennai,Mac,SBI,6,14.84,0,3,Domestic ,Yes
845350,1840.32,POS,Bill Payment,Amazon India,Lucknow,Android ,Axis,3,19.15,0,1,Domestic ,Not Fraud
449727,1864.26,UPI,Transfer,Flipkart,Indore,Mac,BOB,14,37.36,0,1,Domestic ,Not Fraud
234921,302.72,Wallet,Cash Withdrawal,Google Pay,Mumbai,Windows,BOB,13,13.61,0,0,Domestic ,Fraud
502156,3537.06,ATM,Cash Withdrawal,Swiggy,Indore,android,Axis,4,58.3,0,0,domestic,Not Fraud
149168,2390.62,Wallet,Cash Withdrawal,SBI,Jaipur,Windows,PNB,11,29.56,1,0,Domestic,Not Fraud
874284,3798.53,Card,Purchase,Myntra,Chennai,Unknown,Union Bank,12,2.49,1,3,domestic,Not Fraud
313619,500.81,ATM,Cash Withdrawal,Swiggy,Surat,Android ,Kotak,12,14.28,1,1,International,Not Fraud
143019,7229.37,UPI,Purchase,Ajio,Patna,android,Union Bank,11,42.97,0,2,International,Not Fraud
225100,4496.48,NetBanking,Purchase,MakeMyTrip,Surat,Unknown,PNB,2,35.68,1,0,domestic,Not Fraud
657656,3126.04,POS,Bill Payment,Ajio,Chandigarh,Android,PNB,11,53.51,0,1,Domestic,Not Fraud
895810,1795.96,NetBanking,Cash Withdrawal,BigBasket,Chandigarh,Mac,ICICI,10,22.62,0,2,International,Not Fraud
515036,1026.23,ATM,Cash Withdrawal,Paytm,Mumbai,Mac,Union Bank,4,26.09,0,2,Domestic,Not Fraud
876764,4366.67,ATM,Recharge,Paytm,Mumbai,Android,SBI,4,38.38,0,2,International,Not Fraud
585981,1056.76,POS,Purchase,PhonePe,Indore,Unknown,ICICI,6,55.04,1,2,domestic,Not Fraud
508199,735.44,NetBanking,Recharge,Zomato,Bengaluru,iPhone,SBI,6,37.79,0,2,domestic,Not Fraud
246318,655.89,Wallet,Bill Payment,Flipkart,Chandigarh,Unknown,BOB,5,32.55,0,3,Domestic,Not Fraud
104580, ₹789.00,Card,Recharge,Jio,Bengaluru,Windows,PNB,2,26.53,0,3,Domestic ,Fraud
881543,437.03,NetBanking,Recharge,PhonePe,Pune,Android,PNB,6,12.91,1,3,Domestic,Not Fraud
229032,3523.66,ATM,Refund,Uber,Patna,Mac,BOB,9,14.18,1,3,domestic,Not Fraud
732784,1465.84,POS,Recharge,Swiggy,Chandigarh,Mac,Kotak,6,26.01,0,1,International,Not Fraud
955089,7125.34,Wallet,Transfer,Flipkart,Jaipur,Windows,Union Bank,7,56.09,1,3,International,Not Fraud
746811,14691.86,NetBanking,Transfer,Flipkart,Chennai,Android ,Axis,4,13.75,0,2,domestic,Yes
507900,2178.36,POS,Purchase,Airtel,Surat,Mac,PNB,1,54.9,1,2,Domestic ,Not Fraud
234512,424.42,Wallet,Transfer,PhonePe,Lucknow,android,ICICI,8,27.02,1,1,International,Not Fraud
136231,8004.58,POS,Purchase,BookMyShow,Mumbai,Mac,Axis,6,36.9,0,2,International,Not Fraud
982751,10321.34,Wallet,Cash Withdrawal,CRED,Mumbai,Windows,PNB,15,25.84,0,0,Domestic,Not Fraud
609294,10354.09,Wallet,Refund,CRED,Jaipur,android,HDFC,11,35.21,0,1,Domestic ,Not Fraud
249865,21099.11,POS,Recharge,Flipkart,Patna,Unknown,PNB,14,25.08,1,2,International,Not Fraud
104282,1739.52,ATM,Bill Payment,Zomato,Bengaluru,android,Kotak,12,4.49,1,3,International,Not Fraud
248209,3075.52,POS,Refund,BigBasket,Surat,iPhone,Canara,15,57.91,0,3,Domestic ,Not Fraud
728577,6892.28,POS,Refund,Razorpay,Jaipur,iPhone,PNB,9,58.35,1,3,Domestic,Not Fraud
247543,1763.94,POS,Recharge,Amazon India,Ahmedabad,Unknown,Canara,7,5.11,1,1,Domestic,Not Fraud
551887,3748.26,Wallet,Cash Withdrawal,Jio,Surat,Windows,PNB,5,0.44,0,3,Domestic ,Not Fraud
717326,1611.71,Wallet,Bill Payment,Google Pay,Indore,Mac,HDFC,10,28.39,1,0,International,Not Fraud
147796,928.53,Card,Purchase,Ajio,Surat,android,HDFC,15,37.37,1,1,International,Not Fraud
598734,1627.38,ATM,Transfer,Swiggy,Jaipur,android,Kotak,10,29.14,1,1,domestic,Not Fraud
114848,1331,NetBanking,Bill Payment,Paytm,Kochi,Android,BOB,10,19.38,0,2,Domestic,Not Fraud
246708,3577,POS,Transfer,Google Pay,Jaipur,Unknown,SBI,6,31.28,0,3,International,Not Fraud
873654,753.42,Wallet,Bill Payment,SBI,Indore,Mac,HDFC,5,59.61,0,1,Domestic,Not Fraud
872620,436.98,ATM,Recharge,Zomato,Jaipur,android,BOB,11,21.7,1,2,International,Not Fraud
489577,1053.97,UPI,Recharge,Myntra,Bhopal,Mac,Axis,2,58.91,0,3,International,Not Fraud
627000,1599.79,ATM,Transfer,CRED,Mumbai,android,Axis,10,1.72,0,1,International,Fraud
541156,1426.57,UPI,Cash Withdrawal,BookMyShow,Jaipur,Android ,PNB,8,18.91,0,0,Domestic,Not Fraud
530990,2054.54,ATM,Recharge,Jio,Lucknow,Unknown,BOB,4,31.55,0,0,Domestic ,Not Fraud
666252,3642.43,ATM,Recharge,Swiggy,Surat,Android,Union Bank,9,38.65,0,1,Domestic,Fraud
342187,7049.49,UPI,Transfer,Razorpay,Kochi,Android,Axis,4,16.57,1,2,Domestic ,Not Fraud
347595,1276.45,ATM,Bill Payment,Paytm,Ahmedabad,android,PNB,12,6.18,0,1,Domestic,Fraud
180058,840.29,Wallet,Bill Payment,Meesho,Ahmedabad,Unknown,Kotak,5,3.93,1,0,Domestic,Not Fraud
156032,4661.47,Wallet,Recharge,Flipkart,Bengaluru,android,Canara,14,52.96,0,2,domestic,Not Fraud
630612,2636.25,Wallet,Purchase,Uber,Patna,Android ,HDFC,11,12.58,0,2,Domestic ,Not Fraud
419081,5204.06,POS,Recharge,IRCTC,Delhi,iPhone,HDFC,11,9.9,0,1,International,Not Fraud
507661,8466.42,Card,Purchase,BigBasket,Patna,Unknown,Canara,3,43.66,1,2,domestic,Not Fraud
678616,2019.43,Wallet,Transfer,Amazon India,Surat,Android,ICICI,2,38.77,1,0,International,Not Fraud
402635,1042.66,ATM,Bill Payment,BookMyShow,Chandigarh,iPhone,SBI,11,38.25,0,1,Domestic,Not Fraud
882504,5564.53,ATM,Recharge,,Kolkata,Mac,Axis,7,59.4,1,3,Domestic,Not Fraud
331428,5900.37,Card,Recharge,Google Pay,Ahmedabad,iPhone,Union Bank,15,25.32,1,0,Domestic,Not Fraud
422090,361.39,Card,Cash Withdrawal,Swiggy,Indore,iPhone,Kotak,3,52.13,1,0,Domestic,Not Fraud
992136,4411.5,POS,Refund,SBI,Bhopal,Android ,PNB,15,15.84,0,2,Domestic,Not Fraud
659357,2387.56,POS,Bill Payment,Google Pay,Pune,Android ,Kotak,15,32.2,0,2,Domestic ,Not Fraud
963921,526.62,ATM,Bill Payment,IRCTC,Pune,android,HDFC,6,12.9,0,0,domestic,Not Fraud
355022,920.71,POS,Purchase,Meesho,Indore,Unknown,SBI,2,18.79,0,2,Domestic,Not Fraud
446731,1719.17,Wallet,Cash Withdrawal,MakeMyTrip,Bengaluru,android,HDFC,13,27.3,0,3,Domestic,Not Fraud
626597,2600.45,NetBanking,Cash Withdrawal,Amazon India,Pune,iPhone,SBI,7,52.47,1,0,domestic,Not Fraud
545031,1472.43,Wallet,Purchase,Airtel,Hyderabad,Android,Kotak,15,15.07,0,1,International,Not Fraud
148608,675.28,Card,Transfer,BigBasket,Indore,Android,SBI,14,4.62,0,2,domestic,Fraud
294689,504.45,UPI,Transfer,Myntra,Pune,android,Kotak,9,24.04,1,3,Domestic ,Not Fraud
794022,2829.89,ATM,Cash Withdrawal,CRED,Ahmedabad,Windows,Canara,10,33.05,1,1,Domestic ,Not Fraud
379551,8811.33,Wallet,Bill Payment,Myntra,Bhopal,android,Axis,8,46.99,1,1,International,Not Fraud
527527,1611.37,Wallet,Bill Payment,PhonePe,Surat,Mac,Axis,3,45.74,1,1,International,Not Fraud
444481,2143.82,POS,Refund,Paytm,Patna,Mac,Union Bank,9,44.97,0,0,Domestic ,Not Fraud
206436,2415.81,ATM,Purchase,CRED,Bengaluru,android,PNB,7,53.83,0,3,Domestic,Not Fraud
505376,5975.98,UPI,Recharge,MakeMyTrip,Jaipur,Android,BOB,12,16.58,0,0,International,Not Fraud
525155,1770.37,Card,Refund,IRCTC,Jaipur,Windows,ICICI,4,55.04,0,0,Domestic ,Not Fraud
406322," ₹9,896.27",Wallet,Refund,Meesho,Jaipur,android,HDFC,10,27.66,1,3,Domestic,Not Fraud
385326,1087.3,UPI,Purchase,Razorpay,Indore,iPhone,HDFC,12,35.15,0,1,International,Not Fraud
139528,1683.8,UPI,Recharge,,Delhi,Windows,Kotak,2,59.64,0,0,Domestic ,Not Fraud
224853," ₹6,418.19",NetBanking,Transfer,Flipkart,Kolkata,Android ,Union Bank,7,54.97,0,0,Domestic,Not Fraud
315386,6404.52,NetBanking,Purchase,CRED,Bengaluru,iPhone,Canara,15,32.66,0,0,domestic,Not Fraud
682636,3214.15,POS,Transfer,Amazon India,Lucknow,Android,Kotak,13,39.35,1,0,Domestic,No
926925,5195.24,ATM,Recharge,Ajio,Patna,iPhone,PNB,2,2.35,1,2,Domestic,Not Fraud
794041,452.23,POS,Transfer,Airtel,Bengaluru,iPhone,PNB,3,23.37,1,2,domestic,Fraud
651248,436,POS,Refund,Ajio,Lucknow,Windows,HDFC,15,54.6,1,3,domestic,Not Fraud
523842,1336.96,NetBanking,Transfer,IRCTC,Lucknow,android,Canara,3,45.65,1,3,domestic,Not Fraud
207591,724.32,Card,Refund,Meesho,Bhopal,Android,BOB,15,0.41,1,3,Domestic,Not Fraud
283489,3929.48,Card,Bill Payment,Zomato,Hyderabad,iPhone,ICICI,9,9.39,0,2,Domestic ,Not Fraud
799414,,UPI,Recharge,BookMyShow,Jaipur,Android,HDFC,1,49.58,1,1,domestic,Not Fraud
351935," ₹4,016.24",Wallet,Cash Withdrawal,Jio,Hyderabad,Windows,Union Bank,1,7.74,0,0,Domestic,Not Fraud
235153,143.1,NetBanking,Purchase,Meesho,Chennai,android,Kotak,9,2.28,0,1,Domestic,Not Fraud
566231,2103.66,Card,Purchase,IRCTC,Hyderabad,Mac,Axis,5,55.88,0,3,Domestic,Not Fraud
768606,1384.95,POS,Bill Payment,MakeMyTrip,Mumbai,android,ICICI,1,41.4,1,1,Domestic ,Not Fraud
538571,690.48,NetBanking,Cash Withdrawal,Swiggy,Delhi,Mac,PNB,11,33.65,1,0,International,Not Fraud
951015,2257.08,ATM,Bill Payment,Uber,Bhopal,android,Kotak,1,31.94,0,1,International,Not Fraud
130192,3697.04,Wallet,Recharge,Airtel,Hyderabad,Unknown,PNB,7,10.53,1,3,Domestic,Not Fraud
337355,1975.12,NetBanking,Transfer,Jio,Lucknow,Android ,Axis,1,16.84,0,3,Domestic ,Not Fraud
225014,2744.58,ATM,Bill Payment,Amazon India,Chennai,iPhone,HDFC,6,41.1,0,3,Domestic ,Not Fraud
199845,1272.86,Card,Purchase,Meesho,Kolkata,Unknown,Kotak,11,35.14,0,1,International,Not Fraud
457052," ₹2,123.41",POS,Refund,Razorpay,Kolkata,Android,PNB,7,42.96,1,3,Domestic,Not Fraud
919818,7064.36,Card,Bill Payment,Uber,Mumbai,iPhone,Axis,9,46.13,1,2,Domestic ,Not Fraud
548802,6239.02,NetBanking,Refund,Swiggy,Hyderabad,iPhone,Canara,6,3.6,0,3,Domestic ,Not Fraud
563259,2940.9,UPI,Purchase,SBI,Bengaluru,Mac,ICICI,1,23.24,1,3,International,Not Fraud
986888,803.59,Card,Bill Payment,Meesho,Lucknow,Mac,BOB,3,36.42,0,0,Domestic,Not Fraud
742363,1951.01,POS,Transfer,Swiggy,Ahmedabad,iPhone,ICICI,4,7.7,1,2,Domestic,Not Fraud
942875,6149.88,Card,Purchase,Flipkart,Chennai,Unknown,HDFC,6,9.9,1,3,domestic,Yes
743401,4192.04,Card,Transfer,Jio,Surat,Windows,Axis,8,58.65,1,3,domestic,Not Fraud
501685,322.79,NetBanking,Purchase,Airtel,Chennai,Mac,BOB,9,55.74,0,1,Domestic,Not Fraud
788645,3419.34,ATM,Refund,Google Pay,Pune,Mac,Kotak,6,54.07,0,1,International,Not Fraud
644999,4013.52,UPI,Refund,Ajio,Indore,Windows,Canara,5,41.92,0,3,Domestic,Not Fraud
513880,2327.21,Card,Cash Withdrawal,Paytm,Ahmedabad,android,ICICI,8,24.07,1,0,Domestic ,Not Fraud
855018,15275.93,UPI,Transfer,IRCTC,Bengaluru,Android,SBI,11,31.13,1,1,Domestic ,Not Fraud
189961,4877.93,POS,Recharge,Amazon India,Bhopal,Unknown,ICICI,12,12.49,0,2,domestic,Not Fraud
691318,581.89,Wallet,Transfer,Zomato,Delhi,Windows,ICICI,15,12.99,0,0,Domestic,Not Fraud
399726,1543.11,POS,Purchase,MakeMyTrip,Delhi,Android ,Axis,5,38.32,0,2,Domestic,Not Fraud
152364,480.53,Card,Recharge,Google Pay,Hyderabad,Unknown,Axis,4,2.62,0,0,Domestic ,Not Fraud
835813,1444.74,UPI,Cash Withdrawal,IRCTC,Delhi,Unknown,HDFC,2,26.21,0,2,Domestic ,Not Fraud
129448,2748.35,POS,Transfer,Paytm,Pune,Unknown,BOB,6,58.18,0,2,International,Fraud
914509,704.32,Card,Recharge,PhonePe,Ahmedabad,Windows,Union Bank,12,28.97,0,0,domestic,Not Fraud
890573,1656.97,Card,Bill Payment,Meesho,Chennai,Android,Axis,7,25.86,0,2,domestic,Not Fraud
594824,3402.72,NetBanking,Purchase,PhonePe,Hyderabad,Mac,Union Bank,3,53.17,0,3,International,Not Fraud
508877,727.27,UPI,Bill Payment,IRCTC,Lucknow,Android,ICICI,4,0.17,0,0,Domestic ,Not Fraud
547944,4492.33,POS,Refund,Ajio,Indore,Android,Canara,15,7.31,1,0,Domestic ,Not Fraud
484455,1433.44,ATM,Transfer,Meesho,Bhopal,Android ,Axis,3,9.77,1,1,Domestic ,Not Fraud
899290,7908.8,ATM,Recharge,PhonePe,Jaipur,Android,SBI,2,20.14,0,0,domestic,Not Fraud
591495,600,ATM,Bill Payment,BigBasket,Chennai,Android,Union Bank,15,20.24,1,1,International,Not Fraud
506153,3895.09,ATM,Purchase,Razorpay,Chandigarh,Mac,Kotak,14,17.09,0,1,Domestic,Not Fraud
102740,360.36,NetBanking,Recharge,Google Pay,Surat,Mac,ICICI,1,48.67,0,0,Domestic ,Not Fraud
865075,,UPI,Bill Payment,MakeMyTrip,Mumbai,Unknown,Kotak,1,52.76,0,1,domestic,Not Fraud
346201,6850.3,UPI,Refund,Flipkart,Delhi,Android,SBI,2,33.23,0,0,domestic,Not Fraud
331342,422.59,NetBanking,Recharge,MakeMyTrip,Surat,Android,ICICI,11,26.66,1,0,International,Not Fraud
917689,2587.5,Card,Purchase,Meesho,Patna,Android ,PNB,8,53.66,1,3,Domestic,Not Fraud
894262,3233.52,Card,Transfer,Uber,Hyderabad,Android,BOB,12,6.32,1,3,Domestic ,Not Fraud
786545,2170.35,Card,Recharge,CRED,Ahmedabad,Mac,Union Bank,7,52.76,0,3,Domestic ,Not Fraud
771952,1752,POS,Refund,BookMyShow,Pune,Android ,BOB,10,40.59,0,3,domestic,Not Fraud
684102,1123.34,Wallet,Recharge,Airtel,Patna,iPhone,Canara,6,57.58,0,2,Domestic,Not Fraud
515741,6397.09,Wallet,Recharge,MakeMyTrip,Chandigarh,Windows,Axis,6,48.11,1,0,Domestic,Not Fraud
615139,1932,ATM,Recharge,Google Pay,Jaipur,iPhone,ICICI,6,38.4,0,1,Domestic,Not Fraud
256484,,POS,Cash Withdrawal,Flipkart,Bhopal,Unknown,Kotak,3,9.81,0,3,International,Fraud
765904,2192.86,Wallet,Bill Payment,IRCTC,Patna,Android ,Canara,5,59.65,1,3,Domestic,Not Fraud
168769,7681.91,UPI,Cash Withdrawal,MakeMyTrip,Bhopal,Android ,Axis,5,22.91,1,3,domestic,Not Fraud
510661,20632.9,Card,Cash Withdrawal,MakeMyTrip,Indore,Android ,ICICI,14,18.05,1,1,International,Not Fraud
551541,1978.54,NetBanking,Recharge,CRED,Kolkata,iPhone,Union Bank,10,41.46,0,2,Domestic,Not Fraud
894986,1581.71,NetBanking,Refund,Myntra,Kochi,Mac,SBI,10,45.53,0,3,Domestic ,Fraud
239099,2719.75,POS,Purchase,MakeMyTrip,Ahmedabad,Android,HDFC,12,41.86,0,2,domestic,Not Fraud
182490,2569.7,Wallet,Transfer,PhonePe,Jaipur,Unknown,Canara,13,43.32,0,0,International,Not Fraud
849639,903.32,Wallet,Refund,Myntra,Bhopal,android,PNB,11,21.07,1,2,Domestic,Not Fraud
538177,9708.0,POS,Bill Payment,Jio,Indore,Windows,Axis,3,28.49,0,3,Domestic ,Not Fraud
786820,1210.78,POS,Purchase,Google Pay,Patna,iPhone,ICICI,8,23.6,0,0,Domestic ,Not Fraud
961411,4659.68,NetBanking,Purchase,Ajio,Patna,Android,Kotak,10,32.44,0,3,Domestic ,Not Fraud
484059,234.99,UPI,Refund,Swiggy,Indore,Windows,Kotak,1,51.56,0,1,International,Not Fraud
189213,1781.83,UPI,Recharge,Uber,Surat,Android,SBI,9,51.07,0,2,International,Not Fraud
590418,218.97,POS,Purchase,Ajio,Chandigarh,Unknown,HDFC,10,7.68,1,0,Domestic ,Not Fraud
179184,687.09,ATM,Transfer,SBI,Ahmedabad,Mac,ICICI,13,19.4,0,3,Domestic ,Fraud
106163,,POS,Refund,SBI,Indore,Windows,HDFC,3,46.59,1,1,Domestic ,fraud
527910,15939.99,Wallet,Bill Payment,Flipkart,Ahmedabad,Android,SBI,11,41.42,1,2,Domestic,Not Fraud
205434,1014.52,ATM,Transfer,BookMyShow,Chennai,Android ,HDFC,9,18.7,0,0,Domestic,Fraud
190128,8144.78,UPI,Cash Withdrawal,PhonePe,Patna,Android ,SBI,11,56.31,1,1,Domestic ,Not Fraud
554769,2336.22,UPI,Purchase,IRCTC,Indore,Android,Kotak,4,16.21,1,0,domestic,Fraud
746798,572.12,UPI,Bill Payment,Uber,Jaipur,Unknown,Kotak,7,20.71,1,0,International,Not Fraud
914073,972.14,ATM,Cash Withdrawal,IRCTC,Patna,Unknown,Axis,8,32.68,0,2,domestic,Not Fraud
618247,2602.81,Card,Purchase,BigBasket,Lucknow,Android ,Kotak,7,12.37,0,0,domestic,Not Fraud
535849,5398.56,UPI,Recharge,Uber,Kolkata,Windows,Axis,5,28.8,1,3,domestic,Not Fraud
771818," ₹1,483.15",Wallet,Purchase,Amazon India,Ahmedabad,Unknown,Kotak,4,24.15,0,0,domestic,Not Fraud
278613,342.08,Card,Bill Payment,Flipkart,Bengaluru,Windows,SBI,3,30.86,1,3,Domestic,Not Fraud
645930,2463.23,UPI,Refund,Airtel,Chandigarh,android,Canara,11,15.2,1,2,Domestic ,Not Fraud
526122,165.21,POS,Cash Withdrawal,Amazon India,Hyderabad,Android,HDFC,14,14.67,1,1,Domestic,Not Fraud
321521,1976.34,NetBanking,Cash Withdrawal,Paytm,Patna,Unknown,Union Bank,9,51.19,0,3,International,Not Fraud
652477,2197.31,Card,Refund,PhonePe,Bhopal,Android,Axis,6,16.14,0,0,domestic,Not Fraud
726735,571.37,NetBanking,Refund,Airtel,Ahmedabad,Unknown,BOB,15,35.2,0,1,Domestic ,Not Fraud
971862,590.15,NetBanking,Purchase,Google Pay,Kochi,Android,ICICI,5,49.94,1,1,Domestic,Not Fraud
433802,3995.43,ATM,Bill Payment,Jio,Jaipur,Unknown,HDFC,4,5.72,1,1,Domestic,Not Fraud
740972,5305.58,ATM,Bill Payment,Uber,Patna,Android,Union Bank,10,51.99,0,3,Domestic ,Not Fraud
337358,7725.4,ATM,Cash Withdrawal,CRED,Pune,Mac,SBI,12,17.69,0,1,domestic,Not Fraud
929321,621.55,UPI,Refund,Myntra,Ahmedabad,Mac,Axis,5,17.48,0,2,domestic,Not Fraud
387272,150.25,Wallet,Refund,Zomato,Bengaluru,Windows,Union Bank,1,36.8,1,0,domestic,Not Fraud
917786,2766.11,POS,Purchase,Airtel,Lucknow,iPhone,SBI,2,1.73,0,2,Domestic ,Not Fraud
345081,6303.55,Wallet,Recharge,CRED,Bhopal,Mac,BOB,4,32.28,0,2,Domestic,Not Fraud
637277," ₹2,945.58",ATM,Transfer,Uber,Ahmedabad,android,Kotak,12,11.35,1,1,International,Not Fraud
479554,2398.65,POS,Recharge,CRED,Bhopal,Unknown,Kotak,13,17.35,1,1,International,Not Fraud
984503,861.13,UPI,Recharge,Myntra,Indore,Unknown,Union Bank,11,51.95,0,3,Domestic ,Not Fraud
322577,6471.53,UPI,Purchase,Amazon India,Pune,android,PNB,15,16.56,1,3,Domestic ,Not Fraud
937204,1826.38,UPI,Recharge,CRED,Mumbai,Mac,SBI,9,15.72,1,0,domestic,fraud
858334,,NetBanking,Refund,Amazon India,Patna,Android,HDFC,11,10.92,1,1,domestic,Not Fraud
242306,1745.97,NetBanking,Cash Withdrawal,Airtel,Mumbai,android,BOB,14,42.74,1,1,Domestic ,Not Fraud
548614,2374.66,UPI,Purchase,Airtel,Chennai,android,Axis,12,10.43,1,2,Domestic,Not Fraud
991450,651.18,ATM,Transfer,BigBasket,Delhi,android,PNB,13,8.56,1,2,Domestic,Not Fraud
443458,275.8,POS,Recharge,Jio,Kochi,Mac,BOB,7,8.89,0,3,International,Not Fraud
193089,647.33,POS,Purchase,PhonePe,Ahmedabad,Android ,Union Bank,8,42.87,0,3,International,Not Fraud
681192,171.91,Wallet,Cash Withdrawal,PhonePe,Bhopal,iPhone,Canara,15,53.2,1,3,domestic,Not Fraud
128832,10800.85,ATM,Recharge,IRCTC,Surat,Android ,PNB,13,47.06,1,3,Domestic ,Not Fraud
774601,1784.44,UPI,Transfer,Ajio,Surat,Android,Axis,12,2.89,1,0,Domestic ,Not Fraud
133440,2231.3,NetBanking,Transfer,Jio,Patna,Android ,PNB,11,41.04,0,0,domestic,Not Fraud
184252,2509.18,POS,Purchase,Swiggy,Patna,Windows,Union Bank,2,32.9,1,1,Domestic ,Not Fraud
919958,1831.09,ATM,Cash Withdrawal,Meesho,Patna,Android ,SBI,14,23.07,0,0,domestic,Not Fraud
620491,1121.7,NetBanking,Refund,PhonePe,Kolkata,Android ,Axis,7,54.51,0,2,domestic,Fraud
978715,3171.35,UPI,Cash Withdrawal,MakeMyTrip,Bengaluru,iPhone,BOB,2,15.27,1,1,domestic,Not Fraud
884040,1472.25,POS,Cash Withdrawal,Meesho,Ahmedabad,iPhone,Axis,11,42.01,1,3,domestic,Not Fraud
660476,2114.36,ATM,Transfer,Amazon India,Pune,Android ,PNB,14,4.8,0,2,International,Not Fraud
215974,2874.62,ATM,Recharge,Myntra,Bengaluru,Windows,BOB,7,27.7,0,1,International,Not Fraud
956089,788.39,UPI,Recharge,Paytm,Delhi,Android ,HDFC,3,18.77,0,0,domestic,Not Fraud
521084,339.96,Card,Cash Withdrawal,IRCTC,Surat,Android,Axis,2,11.88,0,2,domestic,Not Fraud
417801,6894.21,UPI,Purchase,MakeMyTrip,Kochi,Mac,HDFC,11,46.11,1,3,Domestic ,Not Fraud
726997,230.69,ATM,Recharge,SBI,Kolkata,Android ,HDFC,5,20.54,0,3,domestic,Not Fraud
232063," ₹8,363.32",POS,Refund,Myntra,Chennai,Android ,Kotak,3,41.25,1,2,Domestic ,Not Fraud
245911,8355.2,POS,Refund,Razorpay,Chandigarh,Windows,HDFC,11,48.0,1,3,International,Fraud
739694,1704.26,POS,Bill Payment,MakeMyTrip,Jaipur,Mac,Canara,6,5.39,1,1,Domestic,Not Fraud
518527,904.02,Card,Bill Payment,CRED,Mumbai,Windows,Kotak,12,58.79,1,0,Domestic,Not Fraud
656629,2237.55,NetBanking,Cash Withdrawal,Zomato,Delhi,iPhone,PNB,9,55.61,1,3,domestic,Not Fraud
971060,1248.11,Card,Purchase,Swiggy,Mumbai,android,Axis,10,16.7,1,0,Domestic,Fraud
866589,649.5,NetBanking,Transfer,MakeMyTrip,Ahmedabad,Android ,Kotak,1,57.43,0,2,Domestic ,Not Fraud
635332,1683.12,ATM,Refund,IRCTC,Ahmedabad,Windows,BOB,13,31.07,1,2,Domestic ,Not Fraud
639218,6352.48,Card,Purchase,MakeMyTrip,Kolkata,Unknown,HDFC,6,25.68,1,3,Domestic ,Not Fraud
310413,2223.22,Wallet,Bill Payment,Razorpay,Jaipur,Windows,Canara,2,56.26,1,2,domestic,Not Fraud
979787,2229.67,UPI,Recharge,Uber,Bengaluru,Android ,BOB,12,39.15,1,3,domestic,Not Fraud
152240,1033.55,NetBanking,Recharge,BookMyShow,Bhopal,Android,BOB,10,57.33,1,1,Domestic,Not Fraud
530136,4254.28,NetBanking,Bill Payment,Meesho,Chennai,iPhone,Union Bank,9,3.02,1,3,Domestic,Not Fraud
883150,337,NetBanking,Refund,BookMyShow,Ahmedabad,android,Axis,8,6.35,1,2,domestic,Not Fraud
993980,1158.05,Wallet,Refund,BigBasket,Jaipur,android,ICICI,13,18.0,0,0,International,Not Fraud
780534,1380.23,NetBanking,Purchase,Myntra,Delhi,Android ,PNB,14,39.42,0,0,Domestic ,Not Fraud
123462,2412.85,ATM,Refund,Ajio,Bhopal,Windows,Union Bank,14,28.88,1,0,Domestic,Fraud
750025,2102.0,UPI,Transfer,SBI,Lucknow,android,PNB,9,10.75,0,2,Domestic ,Not Fraud
530468,685.24,NetBanking,Refund,Paytm,Jaipur,Windows,Kotak,13,33.86,0,0,domestic,Not Fraud
229047,607.77,NetBanking,Cash Withdrawal,Razorpay,Indore,iPhone,Canara,6,38.64,1,3,International,Not Fraud
866749,657.29,Wallet,Bill Payment,Jio,Kolkata,iPhone,Canara,11,29.32,0,3,domestic,Not Fraud
625950,508.14,NetBanking,Bill Payment,Razorpay,Mumbai,Windows,Canara,2,39.25,1,0,International,Not Fraud
764376,4155.55,Card,Purchase,BookMyShow,Lucknow,iPhone,Kotak,12,5.85,1,3,International,Not Fraud
205668,1504.76,Wallet,Purchase,BigBasket,Indore,Windows,HDFC,1,4.76,1,0,Domestic,Not Fraud
936896,604.01,Wallet,Transfer,SBI,Patna,Unknown,Union Bank,6,34.74,0,3,Domestic ,Not Fraud
916935,2135.44,ATM,Purchase,Ajio,Delhi,Mac,Canara,2,58.03,0,2,Domestic,Fraud
695356,893.66,Wallet,Transfer,SBI,Lucknow,Android ,BOB,7,26.55,0,2,Domestic,Not Fraud
801904,3235.78,ATM,Purchase,BigBasket,Chennai,android,Union Bank,7,14.31,1,2,Domestic,Not Fraud
213461,4618.95,POS,Purchase,Myntra,Pune,iPhone,Kotak,10,29.4,0,2,domestic,Not Fraud
658181,2983.86,POS,Bill Payment,Google Pay,Surat,android,HDFC,11,51.02,1,0,International,Not Fraud
393033,2243.52,POS,Transfer,Razorpay,Hyderabad,Android ,Canara,14,29.85,0,2,Domestic ,Not Fraud
632842,6197.43,UPI,Cash Withdrawal,Myntra,Hyderabad,Android,ICICI,8,52.72,1,2,Domestic ,Fraud
623226,3759.16,Wallet,Cash Withdrawal,Amazon India,Indore,iPhone,BOB,3,2.6,1,0,domestic,Not Fraud
520770,2514.04,NetBanking,Bill Payment,BigBasket,Surat,Android ,BOB,1,19.44,0,0,Domestic ,Not Fraud
204690," ₹3,221.72",NetBanking,Refund,Zomato,Surat,iPhone,Canara,4,23.89,0,3,Domestic ,Not Fraud
389768,13184.6,Card,Recharge,CRED,Hyderabad,iPhone,SBI,9,0.73,0,1,domestic,Not Fraud
461927,4410,NetBanking,Purchase,Airtel,Ahmedabad,Mac,Canara,2,1.66,0,0,domestic,Not Fraud
609537,1361.48,POS,Bill Payment,PhonePe,Mumbai,Mac,Canara,12,1.71,0,2,Domestic ,Fraud
569990,5795.11,UPI,Bill Payment,BigBasket,Bengaluru,Windows,Union Bank,7,33.56,0,3,Domestic ,Not Fraud
377030,1955.83,POS,Purchase,PhonePe,Kochi,android,Canara,10,47.5,1,2,Domestic ,Not Fraud
989936,3616.32,UPI,Cash Withdrawal,Jio,Bengaluru,Unknown,SBI,10,53.47,1,2,Domestic ,Not Fraud
259069,596.45,Wallet,Cash Withdrawal,Jio,Lucknow,Windows,PNB,3,23.31,0,2,domestic,Not Fraud
564371,7786,Wallet,Purchase,CRED,Kolkata,Mac,Axis,15,26.5,1,3,domestic,Not Fraud
474960,687.65,Wallet,Purchase,BookMyShow,Kolkata,Unknown,HDFC,2,7.89,1,1,International,Not Fraud
953955,4372.74,Card,Transfer,Flipkart,Ahmedabad,Android ,axis,12,53.39,1,2,International,Not Fraud
134609,1616.48,Card,Transfer,Swiggy,Lucknow,Unknown,Union Bank,13,23.01,1,2,domestic,Not Fraud
565637,6079.22,ATM,Transfer,Google Pay,Mumbai,android,PNB,7,45.63,1,1,domestic,Not Fraud
361207,64052.1,ATM,Purchase,Myntra,Mumbai,Mac,Axis,15,4.6,1,0,Domestic,Not Fraud
833654,1336.39,ATM,Cash Withdrawal,MakeMyTrip,Chennai,Android ,Union Bank,2,15.17,0,2,domestic,Not Fraud
182398,6193.74,Wallet,Transfer,Paytm,Ahmedabad,Android,Union Bank,12,2.58,1,2,domestic,YES
171461,,POS,Bill Payment,Uber,Indore,Mac,Kotak,1,52.12,1,3,Domestic ,Not Fraud
660520,2860.19,ATM,Transfer,Google Pay,Jaipur,Mac,SBI,15,46.04,1,1,International,Not Fraud
609006,2258.03,ATM,Purchase,,Mumbai,Android ,HDFC,2,16.15,1,0,Domestic ,Not Fraud
858982,670.62,Card,Purchase,Jio,Chennai,Android,ICICI,12,21.23,0,1,International,Not Fraud
272882,3015.41,UPI,Purchase,Airtel,Indore,Windows,HDFC,1,54.25,1,2,Domestic ,Not Fraud
286454,6070.69,Card,Recharge,Jio,Chennai,Mac,HDFC,5,39.22,1,3,International,Not Fraud
453955,4269.42,POS,Bill Payment,Airtel,Pune,Windows,Canara,15,24.43,1,1,Domestic,Not Fraud
695197,3686.72,POS,Cash Withdrawal,Uber,Chennai,Windows,BOB,5,0.67,0,3,domestic,Not Fraud
970511,1294.15,NetBanking,Transfer,Flipkart,Chennai,Unknown,BOB,11,58.48,0,2,International,Not Fraud
231988,9460.33,UPI,Cash Withdrawal,Airtel,Chandigarh,Windows,SBI,15,36.66,0,1,domestic,Not Fraud
361301,310.18,POS,Cash Withdrawal,SBI,Surat,android,BOB,14,35.75,0,1,Domestic ,Not Fraud
981549,626.15,Card,Purchase,Razorpay,Mumbai,iPhone,SBI,11,18.77,0,3,Domestic ,Not Fraud
481351,1466.09,POS,Recharge,BigBasket,Hyderabad,iPhone,Canara,13,51.8,0,1,domestic,Not Fraud
307752,1847.75,ATM,Transfer,Jio,Kolkata,android,Union Bank,4,49.65,0,1,International,Not Fraud
300149,1322.99,Card,Transfer,Zomato,Lucknow,Mac,ICICI,12,49.15,0,0,International,Not Fraud
379731,7221.05,UPI,Bill Payment,Jio,Bengaluru,Mac,PNB,11,59.86,0,2,International,Not Fraud
179028,3477.74,ATM,Purchase,Jio,Indore,iPhone,ICICI,10,5.56,0,2,Domestic,Not Fraud
227167,3890.06,ATM,Bill Payment,Zomato,Chandigarh,Android ,Canara,15,55.92,1,1,International,Not Fraud
916949,916.85,POS,Refund,Swiggy,Chennai,Mac,Union Bank,1,27.55,0,2,Domestic,Not Fraud
629726,3774.13,ATM,Bill Payment,Swiggy,Kochi,Mac,Axis,1,44.74,0,0,Domestic,Not Fraud
354880,11255.15,Wallet,Recharge,MakeMyTrip,Hyderabad,android,Axis,9,31.43,1,3,domestic,Not Fraud
649459,1424.71,POS,Cash Withdrawal,Airtel,Bhopal,Unknown,Union Bank,1,0.82,0,3,International,Not Fraud
905984,18725.91,NetBanking,Cash Withdrawal,Amazon India,Lucknow,Mac,Union Bank,7,36.26,1,0,domestic,Not Fraud
688446,2535.12,ATM,Recharge,BigBasket,Patna,Android,Union Bank,6,45.8,0,0,Domestic ,Not Fraud
975450,1147.32,Card,Purchase,Meesho,Bengaluru,android,Canara,6,25.77,0,1,Domestic ,Fraud
993506,558.72,UPI,Purchase,CRED,Kolkata,Unknown,PNB,2,8.7,0,1,domestic,Not Fraud
634775,897.03,ATM,Recharge,Razorpay,Delhi,Android ,Union Bank,8,8.19,1,0,Domestic ,Not Fraud
118622,4436.86,UPI,Transfer,Uber,Bengaluru,Unknown,PNB,8,41.53,1,0,Domestic ,Not Fraud
762528,3152.39,ATM,Purchase,Jio,Pune,Mac,Union Bank,7,3.44,0,1,International,Not Fraud
759589,1504.79,NetBanking,Recharge,Meesho,Indore,Android,SBI,3,46.35,0,2,Domestic,Not Fraud
509896,13410.5,ATM,Cash Withdrawal,Google Pay,Lucknow,Unknown,SBI,10,19.45,1,2,domestic,Not Fraud
177252,4400.61,Wallet,Cash Withdrawal,PhonePe,Bengaluru,iPhone,Axis,14,50.15,0,0,International,Not Fraud
973791,2608.35,POS,Cash Withdrawal,Amazon India,Patna,Unknown,HDFC,12,7.54,0,1,domestic,Not Fraud
892323,4322.64,ATM,Purchase,,Pune,Android ,SBI,2,30.99,0,0,domestic,Not Fraud
505161,3418.17,POS,Cash Withdrawal,Uber,Lucknow,Android,SBI,8,6.1,1,1,Domestic,Not Fraud
333291,5000.34,Card,Recharge,Ajio,Surat,Mac,Kotak,4,51.49,1,2,domestic,Not Fraud
117743,,Card,Cash Withdrawal,PhonePe,Hyderabad,iPhone,Kotak,4,10.15,1,2,International,Yes
273794,2552.57,UPI,Recharge,MakeMyTrip,Mumbai,Android,BOB,6,13.63,0,3,domestic,Not Fraud
156158,1039.13,POS,Bill Payment,Meesho,Jaipur,Android ,Union Bank,15,53.53,1,0,Domestic,Not Fraud
211796,3948.05,Card,Cash Withdrawal,Flipkart,Pune,android,Union Bank,10,42.24,1,0,Domestic,Not Fraud
835397,5914.03,NetBanking,Bill Payment,BookMyShow,Patna,android,Axis,15,20.61,0,1,Domestic,Not Fraud
217092,16271.15,UPI,Refund,BigBasket,Kolkata,Windows,BOB,12,36.84,1,1,Domestic,Not Fraud
976183,2600.61,Wallet,Refund,Paytm,Chennai,Android ,Union Bank,10,9.29,1,3,Domestic ,Not Fraud
340119,771.82,ATM,Cash Withdrawal,Flipkart,Kochi,Mac,SBI,14,19.23,0,0,Domestic,Not Fraud
777262,832.49,NetBanking,Transfer,BigBasket,Lucknow,Mac,Union Bank,6,21.7,0,1,International,Not Fraud
184100,1097.08,POS,Recharge,Amazon India,Surat,Android,ICICI,13,57.51,0,0,Domestic,Not Fraud
656642,855.67,POS,Purchase,IRCTC,Bengaluru,Unknown,Axis,14,18.25,1,0,Domestic ,Not Fraud
175310,1269.8,Wallet,Bill Payment,CRED,Ahmedabad,Android ,PNB,13,59.48,0,1,Domestic,Not Fraud
631358,37105.57,POS,Transfer,Amazon India,Ahmedabad,Android ,Axis,4,19.08,0,3,Domestic ,Not Fraud
944149,1247.49,Card,Transfer,Airtel,Kolkata,Android ,Union Bank,8,54.7,0,3,International,Not Fraud
550053,8673.63,Card,Bill Payment,Google Pay,Patna,Unknown,Kotak,13,42.24,1,0,Domestic,Not Fraud
908371,767.41,UPI,Refund,Airtel,Surat,android,PNB,11,54.6,0,3,Domestic ,Not Fraud
326874," ₹12,202.48",POS,Cash Withdrawal,PhonePe,Bhopal,Windows,ICICI,3,11.5,1,0,Domestic,Not Fraud
691737,4255.51,Wallet,Bill Payment,SBI,Pune,android,Canara,11,48.99,1,3,domestic,Not Fraud
682600,2103,POS,Bill Payment,IRCTC,Patna,Unknown,BOB,5,43.84,0,1,International,Not Fraud
979294,598.21,Card,Refund,Google Pay,Kolkata,Unknown,Union Bank,14,10.36,0,0,Domestic ,Not Fraud
244416,1188.52,NetBanking,Transfer,IRCTC,Indore,Unknown,SBI,9,28.25,0,3,International,Not Fraud
638200,3884.52,POS,Purchase,Airtel,Indore,Windows,SBI,2,37.14,1,1,International,Fraud
702213,963.73,UPI,Refund,Google Pay,Pune,Android ,ICICI,2,58.84,0,0,Domestic,Not Fraud
364997,961.44,ATM,Transfer,Amazon India,Lucknow,Mac,Axis,2,56.58,1,0,Domestic ,Not Fraud
410082,391.29,POS,Bill Payment,CRED,Chandigarh,Android,ICICI,2,7.23,0,2,Domestic,Not Fraud
239627,1519.67,Card,Refund,Myntra,Surat,Android,PNB,11,47.61,0,2,International,Not Fraud
221437,2984.28,POS,Transfer,BigBasket,Chandigarh,Windows,PNB,15,19.84,0,2,domestic,Not Fraud
476170,821.71,Card,Recharge,Google Pay,Kochi,Android,SBI,13,54.15,0,3,Domestic,Not Fraud
813681,845.92,Card,Recharge,Jio,Surat,Android,BOB,4,47.14,0,0,domestic,Not Fraud
140869,9380.61,UPI,Recharge,MakeMyTrip,Mumbai,Mac,PNB,13,45.42,1,1,International,Not Fraud
338321,1425.0,Card,Refund,CRED,Kochi,Windows,HDFC,1,41.24,1,2,Domestic ,Not Fraud
997896,10647.81,ATM,Refund,Zomato,Kochi,iPhone,PNB,14,13.3,1,2,International,Not Fraud
593107,13436.26,ATM,Recharge,PhonePe,Jaipur,android,Canara,4,29.84,1,2,domestic,Fraud
398644,3051.78,UPI,Transfer,Razorpay,Bhopal,Mac,BOB,11,14.01,1,2,Domestic,Not Fraud
996608,4410.03,ATM,Refund,Razorpay,Surat,Unknown,SBI,6,27.08,0,3,domestic,Not Fraud
945540,2540.67,NetBanking,Refund,Ajio,Delhi,Android ,Axis,11,50.43,1,3,Domestic,Not Fraud
298275,5427.44,ATM,Transfer,Razorpay,Bhopal,iPhone,ICICI,7,34.94,1,1,domestic,Not Fraud
224655,1222.47,Wallet,Cash Withdrawal,Myntra,Pune,Windows,Axis,5,37.42,0,2,Domestic,Not Fraud
142943,947.46,UPI,Bill Payment,Jio,Ahmedabad,Unknown,PNB,7,6.9,1,0,International,Not Fraud
983675,3789.2,ATM,Purchase,SBI,Ahmedabad,Unknown,ICICI,7,19.56,1,3,Domestic,Not Fraud
153535,4629.84,Wallet,Refund,PhonePe,,Unknown,SBI,3,58.17,0,2,Domestic ,Not Fraud
644786,3082.7,Card,Recharge,Paytm,Patna,Mac,SBI,3,41.69,0,3,Domestic ,Not Fraud
138929,,POS,Recharge,Flipkart,Chennai,iPhone,Canara,7,38.63,1,0,Domestic,Not Fraud
819593,2639.6,Wallet,Transfer,BigBasket,Hyderabad,iPhone,HDFC,14,13.95,0,1,Domestic ,Not Fraud
399968,885.44,UPI,Recharge,IRCTC,Chennai,Unknown,Axis,10,33.62,1,3,International,Not Fraud
483437,392.82,UPI,Recharge,Razorpay,Patna,iPhone,SBI,9,34.82,0,2,Domestic ,Not Fraud
674048,1384.02,NetBanking,Bill Payment,Google Pay,Chennai,Mac,ICICI,15,32.23,0,3,Domestic,Not Fraud
421194,1241.53,Wallet,Recharge,SBI,Chennai,Android,Union Bank,3,23.99,0,1,International,Not Fraud
980101,1733.39,UPI,Bill Payment,Flipkart,Patna,Android ,BOB,11,24.15,1,3,domestic,Not Fraud
733266,2621.29,NetBanking,Bill Payment,PhonePe,Indore,iPhone,,2,58.63,1,0,Domestic ,No
564135,4175.09,Wallet,Cash Withdrawal,Flipkart,Hyderabad,Mac,Kotak,10,22.82,0,2,Domestic ,Not Fraud
490305,,POS,Cash Withdrawal,Zomato,Delhi,Mac,Union Bank,1,9.0,1,3,International,Not Fraud
771092,510.09,Card,Recharge,Jio,Chandigarh,Unknown,Canara,4,52.1,1,2,Domestic ,Not Fraud
321447,4354.74,POS,Bill Payment,Flipkart,Kolkata,Windows,HDFC,8,17.57,1,0,International,Not Fraud
789228,5099.13,Wallet,Purchase,BigBasket,Hyderabad,Unknown,Union Bank,1,48.02,1,3,Domestic,Not Fraud
355314,2215.15,NetBanking,Recharge,Razorpay,Mumbai,Windows,Union Bank,6,8.81,1,0,Domestic,Not Fraud
154856,2570.38,POS,Transfer,SBI,Surat,Mac,ICICI,14,39.58,0,2,Domestic,Not Fraud
642157,394.83,Wallet,Bill Payment,Amazon India,Chennai,Android ,PNB,14,53.07,1,0,International,Not Fraud
364314,5897.54,Wallet,Bill Payment,Amazon India,Bhopal,Windows,ICICI,11,28.52,0,0,domestic,Not Fraud
668074,2192.19,Card,Recharge,CRED,Kochi,Mac,Union Bank,9,27.72,1,2,domestic,Not Fraud
361300," ₹9,109.22",NetBanking,Refund,Myntra,Patna,Unknown,Canara,9,36.21,0,1,domestic,Not Fraud
351650,5667.02,Wallet,Cash Withdrawal,Jio,Bengaluru,Android,Union Bank,14,53.79,1,0,Domestic ,Not Fraud
850228,677.18,Card,Transfer,PhonePe,Lucknow,Mac,SBI,13,54.52,0,3,International,Not Fraud
611988,6636.42,POS,Refund,MakeMyTrip,Pune,Android,SBI,9,45.52,0,3,Domestic ,Not Fraud
246286,881.57,NetBanking,Purchase,Uber,Surat,Mac,Union Bank,2,56.29,1,3,Domestic,Not Fraud
183091,6391.77,NetBanking,Bill Payment,MakeMyTrip,Kolkata,iPhone,Canara,11,13.29,0,3,Domestic,Not Fraud
836544,233.44,Wallet,Transfer,Uber,Patna,Unknown,Canara,11,46.69,0,3,International,Not Fraud
768704,651.72,NetBanking,Cash Withdrawal,Amazon India,Bengaluru,Mac,ICICI,11,20.88,1,3,International,Not Fraud
231939,487.48,POS,Bill Payment,Flipkart,Delhi,Android ,PNB,13,27.79,0,1,domestic,Not Fraud
580408,12019.05,NetBanking,Recharge,CRED,Lucknow,Windows,Axis,11,2.42,0,0,Domestic ,Not Fraud
803729,5177.78,Wallet,Cash Withdrawal,Airtel,Bhopal,iPhone,SBI,7,30.02,0,1,International,Not Fraud
982762,864.38,UPI,Transfer,Myntra,Patna,Android,Kotak,5,57.54,1,2,Domestic,Not Fraud
494181,2530.04,Card,Recharge,Razorpay,Ahmedabad,android,SBI,3,32.7,0,2,Domestic ,Not Fraud
122204,9710.35,UPI,Cash Withdrawal,Paytm,Pune,Windows,Kotak,3,38.19,1,3,International,Not Fraud
780041,1467.47,POS,Bill Payment,Ajio,Indore,Windows,PNB,4,41.33,1,1,Domestic,Not Fraud
801219,265.61,ATM,Transfer,Airtel,Kolkata,Windows,PNB,13,31.82,0,0,Domestic ,Not Fraud
637805,1017.25,NetBanking,Purchase,Paytm,Delhi,iPhone,ICICI,12,46.5,0,2,Domestic,Not Fraud
976081,3330.33,NetBanking,Recharge,Myntra,Mumbai,Windows,Axis,13,47.18,1,0,International,Not Fraud
261337,2412.56,ATM,Bill Payment,Amazon India,Delhi,Windows,Canara,6,18.22,0,0,Domestic,Not Fraud
825514,1062.04,ATM,Purchase,Ajio,Indore,Android ,Axis,3,53.56,1,3,Domestic,Not Fraud
651176,4088.81,UPI,Purchase,Meesho,Pune,Android ,Axis,10,3.14,0,3,Domestic ,Not Fraud
551976,450.33,Card,Recharge,BigBasket,Surat,iPhone,Axis,15,51.77,1,3,Domestic,Not Fraud
857257,7251,POS,Purchase,SBI,Bengaluru,iPhone,Union Bank,4,46.93,0,1,domestic,fraud
784739,1742.49,Wallet,Cash Withdrawal,Ajio,Delhi,Windows,PNB,8,9.21,0,3,International,Not Fraud
497531,778.92,POS,Refund,Airtel,Delhi,Android ,Canara,14,46.31,0,3,Domestic ,Not Fraud
878242,1119.12,Wallet,Transfer,IRCTC,Ahmedabad,Mac,Axis,11,19.16,0,0,Domestic ,Not Fraud
782718,4038.08,UPI,Recharge,Airtel,Bhopal,android,Canara,3,14.68,1,0,Domestic ,Not Fraud
325203,4326.3,NetBanking,Recharge,Paytm,Hyderabad,Windows,HDFC,15,18.72,0,1,Domestic ,Not Fraud
541546,385.89,Card,Purchase,MakeMyTrip,Ahmedabad,iPhone,SBI,15,47.99,1,3,domestic,Not Fraud
637784,3723.13,Card,Cash Withdrawal,Ajio,Kochi,Unknown,SBI,2,6.74,1,2,Domestic,Not Fraud
737085,838.1,Wallet,Purchase,Zomato,Bhopal,Unknown,Kotak,3,24.04,0,2,domestic,Not Fraud
938122,1598.42,Card,Cash Withdrawal,PhonePe,Jaipur,Mac,Canara,11,16.43,1,2,domestic,YES
648048,,UPI,Recharge,Swiggy,Bengaluru,android,BOB,7,48.01,1,2,International,Not Fraud
303086,11596.52,ATM,Recharge,Flipkart,Indore,iPhone,PNB,5,1.86,0,3,domestic,No
844304,195.19,POS,Purchase,Flipkart,Kochi,Mac,BOB,2,18.36,0,2,domestic,Not Fraud
217698,1828.77,POS,Transfer,CRED,Indore,Mac,Canara,7,58.01,0,3,International,Not Fraud
195521,3246.4,POS,Recharge,Paytm,Patna,Android,Axis,11,57.34,0,0,Domestic,Not Fraud
402429,5060.73,UPI,Bill Payment,Flipkart,Ahmedabad,Android ,Kotak,3,37.57,0,2,domestic,Not Fraud
387224,1148.7,NetBanking,Recharge,Ajio,Bhopal,android,Union Bank,11,27.44,1,0,Domestic,Not Fraud
536754,457.27,ATM,Refund,Swiggy,Jaipur,android,SBI,2,4.66,1,2,domestic,Not Fraud
621185,4922.49,Card,Transfer,Ajio,,Android ,Union Bank,12,40.18,1,3,Domestic ,Not Fraud
744354,13420.57,Card,Transfer,MakeMyTrip,Mumbai,Android,ICICI,7,39.98,1,0,International,Not Fraud
969383,3524.88,NetBanking,Bill Payment,CRED,Bengaluru,Mac,BOB,1,11.42,1,0,Domestic,Not Fraud
840610,1997.29,POS,Transfer,Razorpay,Patna,Android ,ICICI,1,34.28,0,2,domestic,Not Fraud
239703,4199.66,POS,Purchase,Jio,Patna,iPhone,Canara,7,28.31,1,2,Domestic,Not Fraud
558713,2214.68,UPI,Bill Payment,Paytm,Delhi,android,PNB,3,23.89,0,0,International,Not Fraud
868019,40753.81,Wallet,Recharge,Amazon India,Ahmedabad,iPhone,SBI,7,13.7,0,3,domestic,Not Fraud
904330,1738.86,Card,Refund,Flipkart,Mumbai,Mac,PNB,7,36.07,0,1,International,Not Fraud
852312,2400.47,Card,Cash Withdrawal,PhonePe,Chennai,Mac,ICICI,8,49.49,0,0,domestic,Not Fraud
477537,1118.18,ATM,Bill Payment,MakeMyTrip,Pune,android,PNB,11,29.26,0,2,Domestic ,Not Fraud
840316,2533.14,UPI,Refund,Razorpay,Patna,Mac,BOB,6,18.5,0,0,domestic,Not Fraud
861085,5589.25,Card,Transfer,BookMyShow,Chennai,Android ,BOB,3,31.62,0,0,International,Not Fraud
462225,18529.38,Card,Transfer,Amazon India,Indore,Android,ICICI,13,21.83,0,0,International,Not Fraud
695844,616.76,UPI,Bill Payment,PhonePe,Kochi,Mac,Canara,10,40.74,1,1,International,Not Fraud
809890,,ATM,Transfer,Uber,Kolkata,Windows,Canara,8,17.77,1,1,domestic,Not Fraud
156177,1398.57,Wallet,Transfer,Jio,Patna,Windows,HDFC,3,44.33,0,0,International,Not Fraud
324213,7435.77,NetBanking,Transfer,BookMyShow,Bhopal,Android ,ICICI,10,58.78,1,3,Domestic,Not Fraud
698757,2547.93,Card,Bill Payment,CRED,Chennai,android,Kotak,11,41.48,1,2,domestic,Not Fraud
212661,2098.61,ATM,Cash Withdrawal,Zomato,Chandigarh,iPhone,Kotak,1,17.21,1,1,domestic,Not Fraud
507886,4762.2,Card,Purchase,MakeMyTrip,Kochi,Unknown,PNB,7,20.75,0,1,Domestic ,YES
514262,4606.64,Card,Bill Payment,PhonePe,Jaipur,Mac,PNB,3,44.84,0,1,International,Not Fraud
285392,9391.68,POS,Bill Payment,PhonePe,Jaipur,iPhone,Axis,2,11.28,0,2,Domestic ,Not Fraud
389621,2024.8,Wallet,Cash Withdrawal,BigBasket,Lucknow,Unknown,SBI,8,25.88,0,0,Domestic ,Fraud
926098,10894.35,NetBanking,Refund,Meesho,Patna,Unknown,HDFC,14,18.23,1,1,International,Not Fraud
928184," ₹2,862.89",Card,Refund,Airtel,Surat,Unknown,SBI,9,0.79,0,0,International,Not Fraud
491828,4951.07,UPI,Recharge,SBI,Lucknow,Unknown,HDFC,1,52.64,1,0,Domestic,Not Fraud
841485,5736.23,Wallet,Cash Withdrawal,Swiggy,Chandigarh,android,SBI,3,45.1,1,0,Domestic ,Not Fraud
909153,2653.8,UPI,Recharge,Google Pay,Pune,android,PNB,13,15.98,0,1,Domestic ,Not Fraud
876634,9473.42,Wallet,Cash Withdrawal,BigBasket,Mumbai,Windows,HDFC,3,43.28,0,0,Domestic ,Not Fraud
800631,8337.46,ATM,Recharge,Swiggy,Delhi,Mac,HDFC,12,38.74,0,1,International,Not Fraud
734704,3868.47,UPI,Purchase,PhonePe,Chennai,Mac,Kotak,14,48.95,0,3,Domestic,Not Fraud
208232,25870.26,Card,Cash Withdrawal,Paytm,Delhi,android,SBI,12,53.41,0,2,domestic,Not Fraud
950977,6752.16,ATM,Cash Withdrawal,Google Pay,Ahmedabad,android,PNB,14,44.44,0,3,International,Not Fraud
797466,1358.65,NetBanking,Bill Payment,Ajio,Delhi,Unknown,ICICI,10,39.51,1,2,Domestic ,Not Fraud
399568,1852.93,ATM,Cash Withdrawal,BigBasket,Kochi,Windows,HDFC,8,8.43,1,0,Domestic ,Not Fraud
906069," ₹1,410.61",POS,Cash Withdrawal,SBI,Chennai,Mac,BOB,12,32.45,1,0,International,Not Fraud
165961,10801.79,POS,Bill Payment,BigBasket,Hyderabad,Android,BOB,15,21.9,1,1,International,Not Fraud
729358,1446.01,POS,Recharge,Amazon India,Delhi,Mac,PNB,7,52.73,1,1,Domestic,Not Fraud
753971,1591.07,NetBanking,Refund,Paytm,Bengaluru,iPhone,HDFC,4,17.36,0,1,International,Not Fraud
928394,429.8,NetBanking,Bill Payment,Zomato,Ahmedabad,Android ,HDFC,8,30.77,1,1,Domestic ,Not Fraud
626645,3736.19,UPI,Purchase,PhonePe,Chennai,Mac,Axis,2,39.22,0,3,International,Not Fraud
415105,2398.6,NetBanking,Bill Payment,BookMyShow,Chandigarh,Unknown,PNB,9,31.41,0,1,Domestic ,Not Fraud
295756,607.33,UPI,Purchase,MakeMyTrip,Kolkata,Mac,PNB,9,57.73,0,0,domestic,Not Fraud
428629,1578.02,Wallet,Cash Withdrawal,Meesho,Surat,Windows,HDFC,4,4.43,0,3,domestic,Not Fraud
400056,11293.26,Wallet,Bill Payment,Swiggy,Lucknow,android,Kotak,6,8.63,1,2,domestic,Not Fraud
272624,5639.83,UPI,Transfer,PhonePe,Indore,Android ,Axis,10,25.98,1,0,Domestic,Not Fraud
636593,556.32,NetBanking,Refund,MakeMyTrip,Indore,Android ,BOB,7,3.32,0,0,domestic,Not Fraud
437109,2781.54,Wallet,Transfer,Paytm,Delhi,Windows,HDFC,5,33.45,1,0,domestic,Not Fraud
103913,2727.44,Wallet,Purchase,BookMyShow,Mumbai,Windows,Axis,11,58.02,1,1,International,Not Fraud
547387,381.94,Card,Transfer,MakeMyTrip,Patna,android,Canara,5,42.53,0,1,International,Not Fraud
364633,3988.7,POS,Cash Withdrawal,BigBasket,Delhi,android,BOB,11,54.86,0,2,domestic,Not Fraud
844825,4843.58,Wallet,Recharge,BookMyShow,Ahmedabad,Android ,HDFC,12,56.28,1,2,Domestic,Not Fraud
900128,1435.17,POS,Bill Payment,Razorpay,Indore,Android ,ICICI,14,24.67,1,2,Domestic ,Not Fraud
462855,1722.92,ATM,Bill Payment,Paytm,Bengaluru,Mac,HDFC,4,46.49,0,2,International,Not Fraud
422770,995.15,Wallet,Purchase,Amazon India,Indore,Android,HDFC,5,11.09,0,3,domestic,Not Fraud
732067,2673.35,Wallet,Refund,BookMyShow,Jaipur,android,SBI,10,57.35,1,3,International,Not Fraud
334588,1300.4,Wallet,Refund,Razorpay,Delhi,iPhone,BOB,11,10.49,1,3,Domestic ,Not Fraud
814384,14110.38,NetBanking,Transfer,SBI,Kochi,Windows,ICICI,6,18.56,0,3,Domestic ,Fraud
892920,,ATM,Recharge,CRED,Surat,Mac,Union Bank,9,20.65,1,1,domestic,Not Fraud
514830,1777.27,POS,Bill Payment,Google Pay,Patna,iPhone,Canara,14,29.62,1,2,Domestic ,Not Fraud
365018,5086.25,ATM,Refund,BookMyShow,Jaipur,Android ,HDFC,14,19.25,0,1,domestic,Not Fraud
954318,1954.31,POS,Transfer,Airtel,Bhopal,Unknown,Kotak,6,16.85,0,3,Domestic,Not Fraud
130592,726.22,ATM,Recharge,CRED,Ahmedabad,android,BOB,8,13.36,0,0,domestic,Not Fraud
552860,171.25,UPI,Bill Payment,CRED,Chennai,android,Union Bank,4,12.21,1,3,Domestic ,Not Fraud
703524,7953.84,Card,Recharge,Razorpay,Pune,Mac,Canara,5,49.11,0,0,Domestic,Not Fraud
305848,1780.36,UPI,Bill Payment,Meesho,Lucknow,Mac,Canara,4,51.8,0,3,Domestic,Not Fraud
593219,238.17,ATM,Bill Payment,Amazon India,Surat,iPhone,ICICI,6,26.02,1,0,Domestic ,Not Fraud
727280,6418.46,POS,Recharge,Paytm,Hyderabad,Mac,HDFC,11,35.34,1,0,International,Not Fraud
131417,,POS,Recharge,Ajio,Mumbai,Unknown,HDFC,14,25.7,0,3,Domestic,Not Fraud
444523,8960.05,Card,Bill Payment,PhonePe,Mumbai,android,Union Bank,11,17.16,0,2,domestic,Not Fraud
373775,2342.12,ATM,Transfer,Google Pay,Bhopal,iPhone,HDFC,5,53.34,1,1,Domestic,Not Fraud
780498,3281.81,NetBanking,Recharge,SBI,Patna,iPhone,SBI,1,53.95,1,3,International,Not Fraud
585397,4268.19,NetBanking,Cash Withdrawal,Amazon India,Ahmedabad,Android,HDFC,4,55.47,0,0,International,Not Fraud
642301,1679.33,Card,Transfer,MakeMyTrip,Bengaluru,iPhone,SBI,3,48.48,0,2,Domestic,Not Fraud
851504,6447.64,ATM,Recharge,Ajio,Kochi,Windows,Canara,6,38.32,1,1,Domestic,Not Fraud
777926,1104.72,Wallet,Bill Payment,Razorpay,Chennai,Windows,HDFC,8,41.17,0,2,domestic,Not Fraud
220721,1358.63,POS,Purchase,BigBasket,Kochi,Unknown,PNB,15,42.81,1,0,International,Not Fraud
165014,3213.79,Wallet,Bill Payment,Jio,Indore,Unknown,Axis,9,45.42,0,1,Domestic ,Not Fraud
950835,1262.52,ATM,Bill Payment,Jio,Kolkata,android,HDFC,4,29.0,1,0,Domestic,Not Fraud
791002,2794.79,Wallet,Cash Withdrawal,CRED,Hyderabad,Windows,ICICI,14,29.37,0,2,domestic,Not Fraud
485685,1886.39,UPI,Cash Withdrawal,IRCTC,Chennai,android,ICICI,2,41.64,0,2,Domestic,Not Fraud
325118,1224.35,ATM,Transfer,CRED,Indore,Windows,HDFC,4,22.44,1,3,Domestic ,Not Fraud
445641,,POS,Recharge,Amazon India,Bengaluru,Unknown,BOB,11,28.35,1,1,Domestic,Not Fraud
642798,2642.92,ATM,Refund,Swiggy,Ahmedabad,Android ,BOB,9,32.82,0,0,Domestic,Fraud
698384,2743.88,UPI,Purchase,Uber,Bhopal,iPhone,SBI,7,14.66,0,1,Domestic,Not Fraud
892640,2699.03,UPI,Bill Payment,Meesho,Pune,Unknown,Kotak,7,46.4,1,3,International,Not Fraud
533091,,Card,Bill Payment,Myntra,Bengaluru,Windows,ICICI,5,16.56,0,2,Domestic ,Not Fraud
738985,3214.3,Wallet,Purchase,Meesho,Surat,Unknown,Union Bank,10,10.21,1,3,Domestic,Not Fraud
497257,1321.12,Card,Cash Withdrawal,Airtel,Surat,Android,BOB,13,47.66,0,3,domestic,Fraud
776962,1249.9,POS,Recharge,IRCTC,Kolkata,Unknown,ICICI,3,16.05,1,1,International,Not Fraud
625801,829.63,POS,Recharge,Paytm,Bengaluru,Android ,BOB,4,3.18,1,2,domestic,Not Fraud
453710,6295.84,POS,Recharge,BookMyShow,Indore,android,BOB,2,51.0,0,3,Domestic ,Fraud
164436,767.41,Wallet,Purchase,CRED,Indore,Android,Kotak,5,9.14,1,3,domestic,Not Fraud
993614,1735.16,ATM,Cash Withdrawal,Airtel,Mumbai,Windows,PNB,9,19.24,0,2,International,Not Fraud
880124,4520.06,Card,Refund,Razorpay,Chandigarh,iPhone,SBI,13,30.37,0,3,Domestic,Not Fraud
468414,3202.45,NetBanking,Recharge,Jio,Patna,Unknown,SBI,10,37.26,0,0,domestic,fraud
214016,2217.86,Wallet,Transfer,Zomato,Indore,Android ,SBI,7,33.03,1,2,domestic,Not Fraud
545629,1998.87,NetBanking,Transfer,SBI,Bengaluru,iPhone,Canara,7,21.15,0,1,International,Not Fraud
596049,1748.86,Wallet,Transfer,,Surat,Windows,BOB,12,3.54,1,2,Domestic,Not Fraud
727916,11041.98,UPI,Purchase,Myntra,Bengaluru,android,Union Bank,4,48.63,0,2,International,Not Fraud
213532,3409.23,POS,Cash Withdrawal,Swiggy,Surat,Unknown,PNB,12,31.73,0,1,domestic,Not Fraud
167940,1598.97,UPI,Refund,IRCTC,Mumbai,Unknown,SBI,6,42.63,0,2,Domestic,Not Fraud
666502,426.19,Card,Refund,Ajio,Surat,Android,PNB,15,16.98,1,2,International,Not Fraud
678603," ₹2,913.93",POS,Purchase,Flipkart,Kochi,Windows,ICICI,15,40.83,0,1,Domestic ,Not Fraud
172550,5692.53,NetBanking,Purchase,SBI,Indore,Android,Canara,1,41.17,1,0,Domestic ,Not Fraud
852222,636.64,NetBanking,Recharge,Amazon India,Chandigarh,Android ,Kotak,13,37.81,1,1,domestic,Not Fraud
291142,1747.37,NetBanking,Transfer,BigBasket,Jaipur,Android,SBI,8,6.73,0,3,Domestic,Not Fraud
718206,11508.26,ATM,Purchase,Zomato,Mumbai,Mac,Axis,5,50.67,0,0,Domestic ,Fraud
631125,1813.14,POS,Cash Withdrawal,BookMyShow,Kochi,Android ,Canara,3,52.87,0,0,domestic,Not Fraud
225961,2157.17,ATM,Transfer,Razorpay,Hyderabad,Android ,ICICI,4,22.17,0,3,domestic,Fraud
634345,2941.86,POS,Transfer,Ajio,Patna,Windows,PNB,8,56.64,1,3,Domestic ,Not Fraud
164573,3225.62,ATM,Bill Payment,Myntra,Hyderabad,Mac,ICICI,12,22.86,1,3,Domestic,Not Fraud
873894,1581.68,Card,Recharge,PhonePe,Bengaluru,Android ,Canara,12,47.0,1,1,International,Not Fraud
796729,1877.75,Wallet,Purchase,Meesho,Chandigarh,Windows,HDFC,10,11.9,1,0,Domestic ,Not Fraud
158175,4000.44,Wallet,Recharge,PhonePe,Mumbai,Windows,Kotak,6,19.61,1,3,Domestic ,Not Fraud
618996,2012.59,POS,Transfer,Jio,Pune,Windows,Union Bank,6,2.0,0,3,International,Not Fraud
663197,1106.4,Card,Transfer,Paytm,Jaipur,Unknown,HDFC,6,19.54,1,2,International,No
257552,5815.17,NetBanking,Cash Withdrawal,Razorpay,Chandigarh,iPhone,Kotak,2,55.26,0,0,Domestic,Not Fraud
440735,3653.9,Card,Cash Withdrawal,Jio,Ahmedabad,android,PNB,12,30.02,0,2,Domestic ,Not Fraud
458280,848.74,NetBanking,Transfer,CRED,Lucknow,Windows,SBI,12,15.11,1,1,International,Not Fraud
651015,607.15,UPI,Cash Withdrawal,Google Pay,Surat,android,SBI,14,59.12,0,3,domestic,Not Fraud
736876,940.82,Card,Cash Withdrawal,Zomato,Lucknow,iPhone,PNB,6,26.22,0,2,domestic,Not Fraud
675462, ₹935.75,ATM,Cash Withdrawal,Airtel,Bengaluru,Windows,PNB,3,33.99,1,1,domestic,Not Fraud
479392,2892.37,NetBanking,Purchase,Uber,Hyderabad,Unknown,Kotak,12,42.23,0,0,domestic,Fraud
824599,508.4,ATM,Cash Withdrawal,Uber,Lucknow,Android ,Union Bank,9,8.9,0,0,International,Not Fraud
429929,1412.22,NetBanking,Recharge,Zomato,Chennai,iPhone,SBI,15,8.33,0,2,Domestic ,Not Fraud
428345,999.21,Card,Transfer,BigBasket,Jaipur,Android ,BOB,4,56.24,1,1,International,fraud
834842,525.37,POS,Refund,CRED,Chandigarh,iPhone,BOB,15,53.75,1,3,International,Not Fraud
251666,572.93,Card,Purchase,Jio,Delhi,Android ,SBI,5,47.92,0,2,domestic,Not Fraud
682537,7116.59,Card,Cash Withdrawal,Ajio,Kolkata,Unknown,Axis,11,6.29,0,1,Domestic ,Not Fraud
731331,5826.13,Wallet,Transfer,Google Pay,Delhi,Android ,Axis,6,34.77,0,0,Domestic ,Not Fraud
678372,5183.84,UPI,Refund,Ajio,Mumbai,Windows,SBI,15,46.48,1,2,Domestic ,Not Fraud
279636,1536.71,ATM,Bill Payment,Razorpay,Surat,Android,HDFC,3,54.02,1,2,Domestic,Not Fraud
945872,1601.59,POS,Purchase,Zomato,Hyderabad,Windows,BOB,15,25.79,1,2,Domestic,Not Fraud
930946,1084.62,Wallet,Refund,Paytm,Delhi,android,ICICI,14,31.63,0,2,domestic,Not Fraud
173746,5342.61,Card,Cash Withdrawal,Razorpay,Surat,Mac,Axis,2,18.42,0,1,Domestic,Not Fraud
412308,2217.49,NetBanking,Purchase,Amazon India,Jaipur,android,Axis,9,57.11,0,0,Domestic,Not Fraud
300865,702.12,ATM,Cash Withdrawal,Swiggy,Patna,Windows,Union Bank,3,45.59,1,3,Domestic,Not Fraud
215893,1158.35,UPI,Purchase,Jio,Patna,Android,SBI,4,7.41,1,2,domestic,Not Fraud
788847,1544.25,POS,Bill Payment,SBI,Ahmedabad,iPhone,BOB,2,29.4,0,3,Domestic ,Not Fraud
143746,1857.47,UPI,Recharge,SBI,Pune,iPhone,HDFC,5,30.45,0,0,domestic,Not Fraud
789250,669.06,POS,Bill Payment,PhonePe,Kochi,Android ,HDFC,7,46.75,0,1,Domestic,No
904475,1382.64,ATM,Refund,PhonePe,Surat,Android ,BOB,4,35.05,1,0,domestic,Not Fraud
820144,1114.04,UPI,Bill Payment,Swiggy,Kochi,Android ,Axis,15,20.85,1,2,International,Not Fraud
122716,541.04,Wallet,Purchase,IRCTC,Kolkata,Android ,SBI,13,45.39,1,3,Domestic,Not Fraud
538764,1484.85,UPI,Refund,Amazon India,Hyderabad,Windows,Kotak,5,57.07,0,3,International,Not Fraud
826598,10129.45,UPI,Recharge,Zomato,Mumbai,Android,Canara,5,39.61,0,0,Domestic ,Not Fraud
206011,1522.43,POS,Refund,Paytm,Delhi,Windows,SBI,13,27.9,0,2,Domestic ,Not Fraud
955208,2033.65,Card,Cash Withdrawal,Meesho,Bengaluru,Android,Kotak,6,5.9,0,1,Domestic ,Not Fraud
446663,1237.34,Card,Bill Payment,Ajio,Bhopal,Windows,SBI,4,22.86,1,0,International,Not Fraud
134653,1605.9,UPI,Cash Withdrawal,Amazon India,Chennai,Android ,SBI,6,52.28,0,0,domestic,Not Fraud
529242,363.22,NetBanking,Bill Payment,MakeMyTrip,Pune,android,ICICI,2,57.8,1,2,domestic,Not Fraud
708729,4623.62,NetBanking,Recharge,BigBasket,Chennai,Unknown,ICICI,14,51.14,1,0,International,Not Fraud
431509,1451.3,Card,Recharge,Myntra,Surat,Android ,Union Bank,1,52.38,0,3,International,Not Fraud
555879,1568.61,NetBanking,Cash Withdrawal,Razorpay,Jaipur,android,Kotak,1,23.25,0,3,domestic,Not Fraud
987560,4724.63,ATM,Refund,Uber,Indore,iPhone,BOB,5,1.56,0,2,domestic,Fraud
932583,879.62,ATM,Refund,IRCTC,Ahmedabad,android,Kotak,2,42.43,1,1,Domestic,Not Fraud
262062,1017.51,POS,Refund,PhonePe,Lucknow,android,Union Bank,8,33.45,1,1,International,Not Fraud
616960,2173.87,NetBanking,Bill Payment,SBI,Indore,Unknown,Canara,12,52.46,0,3,Domestic,Not Fraud
131875,322.71,Card,Cash Withdrawal,Ajio,Chennai,Mac,HDFC,13,40.01,0,2,Domestic ,Not Fraud
767346,441.11,UPI,Refund,IRCTC,Mumbai,Windows,ICICI,6,35.3,0,1,Domestic ,Not Fraud
538546,2029.96,NetBanking,Transfer,BookMyShow,Ahmedabad,iPhone,ICICI,13,44.8,0,0,domestic,Not Fraud
473789,1466.47,POS,Cash Withdrawal,Meesho,Jaipur,,BOB,8,14.99,0,2,International,Not Fraud
236502,562.87,UPI,Cash Withdrawal,PhonePe,Pune,Mac,Canara,10,28.63,0,2,Domestic,Not Fraud
600788,334.34,POS,Recharge,CRED,Chennai,Android,SBI,2,52.3,0,2,domestic,Not Fraud
478303,3162.83,UPI,Recharge,SBI,Surat,android,Union Bank,8,47.39,0,1,International,Not Fraud
638167,2657.17,NetBanking,Purchase,Airtel,Kochi,Android,ICICI,11,32.82,1,2,Domestic ,Yes
550099,3134.59,Wallet,Cash Withdrawal,BigBasket,Ahmedabad,iPhone,Kotak,6,6.35,0,2,International,Not Fraud
400454,685.65,Wallet,Cash Withdrawal,Ajio,Hyderabad,iPhone,Kotak,2,25.6,1,3,domestic,Not Fraud
157253,10230.02,POS,Bill Payment,MakeMyTrip,Indore,android,Canara,7,38.77,1,3,International,Not Fraud
378889,618.96,NetBanking,Purchase,Ajio,Kochi,iPhone,HDFC,6,40.58,0,2,International,Not Fraud
831111,496.77,Wallet,Cash Withdrawal,Meesho,Bengaluru,Windows,PNB,15,35.41,0,1,International,Not Fraud
715490,1285.7,Card,Purchase,PhonePe,Chennai,Android,SBI,2,22.11,0,2,International,Not Fraud
767809,5783.92,ATM,Transfer,Amazon India,Pune,Android,Kotak,7,20.37,0,1,domestic,Fraud
359544,7623.74,UPI,Cash Withdrawal,Flipkart,Chandigarh,Android ,SBI,14,26.76,0,2,Domestic,Not Fraud
938851,1200.39,Wallet,Transfer,CRED,Kochi,iPhone,HDFC,5,49.96,1,2,domestic,Not Fraud
281530,1026.45,NetBanking,Bill Payment,Meesho,Chandigarh,iPhone,Axis,7,12.51,1,1,Domestic,Not Fraud
245345,5226.93,Card,Purchase,Razorpay,Surat,Android,SBI,11,41.79,1,2,domestic,Not Fraud
203526,1489.12,UPI,Cash Withdrawal,BigBasket,Kochi,Android ,SBI,7,41.17,1,2,Domestic ,Not Fraud
231829,9661.53,Wallet,Cash Withdrawal,BigBasket,Patna,Android ,Kotak,1,30.06,1,1,Domestic ,Not Fraud
680922,1584.72,ATM,Cash Withdrawal,IRCTC,Chandigarh,Unknown,PNB,6,41.57,1,1,Domestic ,Not Fraud
359178,2711.56,Card,Transfer,CRED,Patna,Windows,SBI,1,11.72,0,1,International,Not Fraud
302225,5190.7,NetBanking,Bill Payment,Airtel,Chandigarh,Windows,ICICI,7,36.56,1,2,Domestic ,Not Fraud
846636,782.49,NetBanking,Cash Withdrawal,SBI,Patna,Mac,Axis,13,34.55,1,2,Domestic,Not Fraud
305443,1795.72,UPI,Bill Payment,IRCTC,Patna,android,BOB,7,48.12,1,1,Domestic ,Not Fraud
924837,1934.49,UPI,Refund,IRCTC,Mumbai,Android,Canara,10,18.84,0,0,International,Not Fraud
347277,1713.66,Wallet,Cash Withdrawal,Google Pay,Lucknow,iPhone,ICICI,10,12.81,1,0,International,Not Fraud
267378,1636.61,Card,Bill Payment,Airtel,Chandigarh,Android,Union Bank,1,8.55,1,2,International,Not Fraud
125216,2128.56,Card,Refund,Razorpay,Delhi,iPhone,Canara,15,37.22,1,3,Domestic,Fraud
233456,6131.23,Wallet,Cash Withdrawal,Ajio,Ahmedabad,Mac,PNB,8,21.48,0,2,domestic,Not Fraud
772838,894.29,ATM,Bill Payment,SBI,Chennai,iPhone,ICICI,2,12.54,1,1,International,Not Fraud
971729,1591.07,ATM,Cash Withdrawal,BookMyShow,Lucknow,iPhone,Axis,3,36.22,0,1,Domestic ,Not Fraud
510618,1554.52,UPI,Refund,,Kolkata,Windows,HDFC,14,39.24,1,0,Domestic,Not Fraud
841913,1080.38,Card,Purchase,Razorpay,Patna,Android ,Kotak,1,37.93,1,1,International,Not Fraud
141410,1549.98,POS,Bill Payment,MakeMyTrip,Kochi,Unknown,Canara,1,2.71,0,0,Domestic ,Not Fraud
584988,804.07,NetBanking,Recharge,Jio,Bhopal,Windows,BOB,11,1.77,1,2,Domestic ,Not Fraud
428814,16559.81,Wallet,Bill Payment,Swiggy,Lucknow,android,Kotak,13,4.17,1,0,Domestic ,Not Fraud
983957,586.45,Wallet,,PhonePe,Delhi,Android,Axis,7,44.23,1,1,Domestic,Not Fraud
550514,5896.46,ATM,Cash Withdrawal,Paytm,Indore,Android ,ICICI,5,12.92,0,3,Domestic,Fraud
134537,2139.66,Card,Refund,Uber,Chennai,Windows,Axis,2,43.01,1,3,International,Not Fraud
559592,11124.18,UPI,Transfer,MakeMyTrip,Kochi,Unknown,Kotak,9,9.43,1,3,Domestic ,Not Fraud
864177,1039,ATM,Recharge,Paytm,Lucknow,Android ,BOB,1,31.81,1,1,domestic,Not Fraud
666542,3955.31,Card,Cash Withdrawal,Airtel,Chennai,android,ICICI,14,43.09,0,3,Domestic,Not Fraud
150538,3326.32,Wallet,Purchase,Jio,Delhi,Android,Kotak,7,52.22,1,1,Domestic ,Not Fraud
787628,10034.36,ATM,Purchase,CRED,Surat,Mac,Axis,4,52.14,0,0,Domestic,Not Fraud
265415,1106.1,Card,Transfer,SBI,Chandigarh,Mac,Union Bank,3,55.83,0,0,Domestic ,Not Fraud
286052,1738.61,Card,Transfer,Paytm,Bengaluru,iPhone,BOB,2,10.16,0,1,International,No
831369,1883.62,UPI,Refund,Zomato,Ahmedabad,android,Canara,12,0.92,0,0,Domestic,Not Fraud
756781,287.33,NetBanking,Bill Payment,Zomato,Chandigarh,iPhone,HDFC,1,53.88,1,0,International,Not Fraud
378185,558.78,Card,Purchase,Amazon India,Bhopal,Android,PNB,12,4.66,0,1,domestic,Not Fraud
505043,1110.23,UPI,Recharge,BookMyShow,Patna,Android,PNB,8,40.81,0,0,Domestic ,Not Fraud
553310,1599.38,UPI,Bill Payment,Zomato,Surat,iPhone,Axis,8,14.11,0,1,International,Not Fraud
435260," ₹6,723.16",POS,Purchase,Paytm,Indore,Android,Union Bank,1,31.7,1,1,domestic,Not Fraud
456245,2228,POS,Refund,Amazon India,Ahmedabad,Android ,Canara,15,30.65,1,2,Domestic,Not Fraud
887906,1832.37,Card,Purchase,Razorpay,Kolkata,Unknown,HDFC,3,3.89,0,2,Domestic,Fraud
386434,1789.5,Card,Bill Payment,BigBasket,Delhi,Windows,HDFC,14,57.06,0,0,Domestic ,Not Fraud
669402,6945.17,ATM,Transfer,Swiggy,Pune,Mac,Kotak,11,4.91,0,0,Domestic,Not Fraud
140905,5036.69,Wallet,Bill Payment,Razorpay,Bengaluru,Mac,ICICI,10,9.28,0,3,Domestic ,Yes
863917,1656.84,UPI,Bill Payment,PhonePe,Indore,Windows,Canara,3,3.65,1,1,domestic,Not Fraud
271346,4712.41,Card,Refund,Paytm,Pune,Unknown,PNB,12,54.08,0,1,Domestic ,Not Fraud
351392,3240.39,Card,Recharge,PhonePe,Kochi,Android ,Union Bank,10,4.74,1,3,Domestic ,Not Fraud
161971,2054.0,NetBanking,Purchase,Myntra,Bhopal,Android,HDFC,2,15.78,0,0,domestic,Not Fraud
784096,1211.41,Card,Purchase,BookMyShow,Indore,iPhone,Kotak,5,12.28,1,1,Domestic,Not Fraud
349180,850.86,NetBanking,Recharge,MakeMyTrip,Bengaluru,iPhone,Kotak,9,6.67,1,0,International,Not Fraud
751974,5787.74,POS,Recharge,Myntra,Lucknow,Mac,Union Bank,10,31.75,1,2,Domestic,Not Fraud
588151,731.74,UPI,Cash Withdrawal,Google Pay,Ahmedabad,android,ICICI,14,53.33,0,2,domestic,Not Fraud
381701,427.74,Card,Refund,MakeMyTrip,Chandigarh,Android ,BOB,11,25.0,1,3,Domestic ,Not Fraud
454592,8142.81,ATM,Recharge,Swiggy,Chennai,Android,Canara,1,25.54,1,3,Domestic,Not Fraud
950767,,POS,Purchase,CRED,Bengaluru,iPhone,SBI,10,32.51,0,1,Domestic,Not Fraud
574646,1795.75,NetBanking,Cash Withdrawal,SBI,Kochi,Android,BOB,9,52.52,0,0,Domestic,Not Fraud
838858," ₹1,306.82",Wallet,Transfer,Myntra,Chandigarh,iPhone,Union Bank,15,50.6,1,3,domestic,Not Fraud
772464,299.17,ATM,Bill Payment,Airtel,Mumbai,iPhone,Canara,9,50.93,0,3,Domestic ,Not Fraud
554715,3344.99,POS,Purchase,Airtel,Hyderabad,Unknown,Kotak,12,1.62,0,2,Domestic ,Not Fraud
405097,1932.38,Wallet,Bill Payment,Ajio,Mumbai,Mac,HDFC,3,23.43,0,3,domestic,Not Fraud
719404,1510.9,Card,Transfer,Jio,Bhopal,Windows,PNB,6,2.38,1,3,domestic,Not Fraud
677565,8247.5,POS,Purchase,Airtel,Chennai,Windows,ICICI,14,17.5,1,0,Domestic,Not Fraud
691123,9557.57,POS,Transfer,Airtel,Patna,android,Axis,10,3.26,0,1,domestic,Not Fraud
669751,788.72,Card,Recharge,CRED,Chennai,Windows,PNB,6,4.24,0,3,Domestic ,Not Fraud
652819,3086.59,UPI,Bill Payment,Meesho,Delhi,Windows,ICICI,10,29.94,1,1,Domestic ,Not Fraud
150614,1613.48,POS,Purchase,Uber,Delhi,Unknown,HDFC,4,12.22,0,0,domestic,Not Fraud
170059,3100.96,Card,Transfer,SBI,Mumbai,Android ,HDFC,1,34.86,1,3,Domestic ,Not Fraud
743176,2027.24,NetBanking,Bill Payment,Uber,Indore,Windows,SBI,6,48.37,1,1,domestic,Not Fraud
173225,1705.15,ATM,Refund,Paytm,Chennai,Unknown,Axis,5,58.43,1,2,Domestic,Fraud
600707,1034.97,NetBanking,Refund,Airtel,Hyderabad,Android ,HDFC,7,9.52,1,2,International,Not Fraud
876498,279.34,Card,Cash Withdrawal,Flipkart,Lucknow,Unknown,PNB,13,46.52,1,1,Domestic ,Not Fraud
170484,1690.66,UPI,Bill Payment,SBI,Lucknow,Unknown,HDFC,12,42.44,1,2,Domestic ,Not Fraud
664495,1386.44,UPI,Transfer,Jio,Bengaluru,Windows,Kotak,6,19.88,1,0,Domestic,Not Fraud
460408,2060.51,Wallet,Refund,SBI,Delhi,Mac,Axis,15,2.76,0,0,Domestic,Not Fraud
748106,539.23,NetBanking,Refund,Flipkart,Patna,Android ,Axis,3,48.13,0,3,domestic,Fraud
194696,944.93,POS,Recharge,IRCTC,Pune,android,BOB,6,40.84,1,3,Domestic,Not Fraud
488493,815.98,Wallet,Recharge,Flipkart,Lucknow,Mac,Axis,6,7.25,1,0,Domestic,No
772387,1839.68,ATM,Recharge,BigBasket,Indore,iPhone,BOB,12,25.84,1,2,Domestic ,Fraud
698426,2437.14,POS,Cash Withdrawal,Razorpay,Bengaluru,iPhone,Axis,15,49.86,0,1,domestic,Not Fraud
889730,,UPI,Cash Withdrawal,Uber,Chandigarh,iPhone,SBI,10,5.52,1,1,Domestic ,Not Fraud
510614,5448,Card,Cash Withdrawal,,Pune,iPhone,Axis,10,43.91,0,2,Domestic,Not Fraud
499441,16249.4,UPI,Recharge,Uber,Chennai,iPhone,ICICI,4,44.91,1,1,International,Not Fraud
780984,434.36,ATM,Bill Payment,Razorpay,Patna,Android,Union Bank,11,52.49,0,0,International,Not Fraud
266058,2056.86,Wallet,,BigBasket,Ahmedabad,Mac,Kotak,7,57.1,1,2,domestic,Not Fraud
845006,2165.87,UPI,Bill Payment,Ajio,Ahmedabad,android,Axis,5,44.4,0,3,domestic,Not Fraud
999807,2725.0,UPI,Cash Withdrawal,Meesho,Bhopal,Windows,Union Bank,13,23.94,0,2,domestic,Not Fraud
519387,2202.24,ATM,Bill Payment,Swiggy,Mumbai,iPhone,HDFC,12,5.19,1,3,Domestic ,Not Fraud
689193,5034.69,UPI,Refund,Google Pay,Surat,android,SBI,14,15.89,1,1,domestic,Not Fraud
992144,1842.89,Card,Refund,Airtel,Patna,Unknown,PNB,2,41.88,1,3,Domestic ,Not Fraud
582003,421.9,ATM,Purchase,BigBasket,Pune,android,HDFC,1,24.96,0,2,International,Not Fraud
515254,2171.53,UPI,Recharge,Paytm,Ahmedabad,android,Union Bank,14,28.66,0,3,International,Fraud
791381,1918.71,NetBanking,Cash Withdrawal,Amazon India,Chandigarh,Mac,HDFC,14,19.63,1,1,Domestic ,Not Fraud
352797,228.44,POS,Refund,Razorpay,Mumbai,Unknown,PNB,12,39.7,1,3,Domestic,Not Fraud
640730,1275.66,Wallet,Cash Withdrawal,Google Pay,Surat,iPhone,Union Bank,1,18.42,0,2,Domestic ,Not Fraud
343052,,UPI,Cash Withdrawal,Flipkart,Delhi,Android,Axis,11,18.61,1,2,International,Not Fraud
113917,748.1,Card,Cash Withdrawal,Razorpay,Surat,Android,Canara,6,17.7,1,1,domestic,Not Fraud
339357,,NetBanking,Transfer,Swiggy,Lucknow,iPhone,PNB,13,46.32,0,3,Domestic ,Not Fraud
328450,1744.92,UPI,Refund,Amazon India,Lucknow,iPhone,Axis,9,27.72,1,1,Domestic,Not Fraud
423923,1820.72,POS,Transfer,Amazon India,Kochi,android,BOB,9,4.88,1,0,International,Fraud
685821,560.86,Wallet,Purchase,Ajio,Kochi,android,ICICI,9,36.45,0,1,Domestic,Not Fraud
774662,9749.03,ATM,Refund,PhonePe,Kolkata,android,SBI,3,16.05,1,1,Domestic ,Not Fraud
472710,2044.39,NetBanking,Refund,Zomato,Indore,Android ,Kotak,8,43.18,1,1,domestic,Not Fraud
582289,9731.94,NetBanking,Bill Payment,Zomato,Hyderabad,Android,BOB,7,17.28,1,3,Domestic,Not Fraud
554995, ₹730.89,ATM,Refund,Meesho,Pune,Unknown,Axis,6,42.18,0,3,domestic,Not Fraud
574030,695.32,POS,Recharge,MakeMyTrip,Pune,iPhone,ICICI,1,20.41,1,2,Domestic ,Not Fraud
883748," ₹3,269.18",POS,Refund,Google Pay,Kolkata,iPhone,ICICI,11,23.44,0,3,Domestic ,Not Fraud
298401,1067.33,UPI,Cash Withdrawal,Google Pay,Indore,iPhone,Union Bank,15,7.46,0,1,domestic,Not Fraud
387912," ₹3,288.95",Wallet,Refund,PhonePe,Indore,iPhone,Kotak,6,22.15,0,1,domestic,Not Fraud
417471," ₹5,702.19",Card,Purchase,PhonePe,Bhopal,Windows,Axis,14,36.78,1,3,Domestic ,Not Fraud
428968,6844.45,Card,Recharge,Flipkart,Indore,android,BOB,7,17.6,0,2,Domestic ,Not Fraud
312187,3038.07,NetBanking,Recharge,Myntra,Kochi,Unknown,Kotak,4,1.09,1,3,Domestic,Not Fraud
799914, ₹408.31,Card,Recharge,Uber,Bhopal,Android ,SBI,8,16.95,0,0,Domestic ,Not Fraud
480458,17448.09,UPI,Cash Withdrawal,BigBasket,Hyderabad,Android,Axis,14,19.16,0,2,Domestic,Not Fraud
911741,32383.14,NetBanking,Recharge,Amazon India,Hyderabad,Android,Kotak,7,44.87,0,1,Domestic ,Not Fraud
401874,3384.96,ATM,Transfer,BigBasket,Hyderabad,android,Kotak,6,59.21,0,1,Domestic,Not Fraud
820389,383.9,Card,Purchase,Google Pay,Jaipur,Windows,Canara,8,45.38,1,0,International,Fraud
278996,32056.27,Card,Cash Withdrawal,Zomato,Pune,iPhone,HDFC,10,55.15,0,2,International,Not Fraud
551004,4006.1,Card,Recharge,BigBasket,Kochi,Android,SBI,3,20.12,0,2,Domestic,Not Fraud
259341,3646.1,NetBanking,Refund,PhonePe,Delhi,iPhone,ICICI,13,58.39,0,2,domestic,Not Fraud
771681,6776.15,ATM,Bill Payment,MakeMyTrip,Chennai,Windows,Union Bank,5,49.29,1,3,International,Yes
209862,702.06,NetBanking,Bill Payment,Zomato,Chandigarh,Android ,SBI,1,36.9,1,2,domestic,Not Fraud
821216,1313.28,POS,Refund,Paytm,Mumbai,Android,Kotak,5,54.93,1,2,Domestic ,Not Fraud
641860,7308.92,Card,Bill Payment,Flipkart,Bhopal,Mac,Canara,10,12.72,0,2,International,Not Fraud
551473,2699.5,UPI,Cash Withdrawal,IRCTC,Mumbai,Mac,PNB,7,33.68,0,1,Domestic,Not Fraud
111978,2368.55,Card,Cash Withdrawal,Ajio,Ahmedabad,Windows,Kotak,4,57.38,1,1,domestic,Not Fraud
419375,577.49,POS,Purchase,Swiggy,Mumbai,android,Kotak,8,58.7,1,3,International,Not Fraud
459790,2039.43,NetBanking,Transfer,BookMyShow,Chandigarh,Unknown,BOB,8,12.42,1,0,Domestic,Not Fraud
817963,1477.46,ATM,Purchase,Paytm,Jaipur,Android ,Canara,9,39.65,1,3,Domestic,Not Fraud
571076,12825.53,Wallet,Purchase,Swiggy,Lucknow,iPhone,SBI,15,54.78,0,3,domestic,Not Fraud
705502,2408.3,UPI,Recharge,MakeMyTrip,Chandigarh,iPhone,Union Bank,11,34.99,1,0,domestic,Not Fraud
617000,4395.08,Card,Cash Withdrawal,Paytm,Jaipur,Android,BOB,14,7.48,1,2,Domestic,Not Fraud
531094,357.93,UPI,Purchase,Uber,Patna,Android,Canara,9,44.46,0,2,domestic,Not Fraud
389259,3857.12,ATM,Refund,Zomato,Indore,iPhone,Canara,8,43.99,1,3,International,Not Fraud
520795,3362.04,POS,Refund,CRED,Delhi,Unknown,Canara,1,46.09,0,3,domestic,Not Fraud
569636,857.39,UPI,Cash Withdrawal,Ajio,Bhopal,Mac,PNB,10,59.57,1,0,Domestic ,Fraud
526982,1325.19,Wallet,Transfer,Uber,Mumbai,iPhone,Union Bank,8,23.92,0,3,Domestic,Not Fraud
637261,1377.18,NetBanking,Bill Payment,CRED,Lucknow,Unknown,Canara,3,58.87,0,1,Domestic ,Not Fraud
198143,6161.41,Card,Bill Payment,PhonePe,Bengaluru,Mac,SBI,14,8.19,0,3,Domestic ,Not Fraud
176838,909.97,Card,Recharge,CRED,Hyderabad,Android ,Kotak,8,33.05,0,2,Domestic,Not Fraud
224930,660.3,Wallet,,Uber,Bhopal,android,PNB,1,26.48,1,2,Domestic ,Not Fraud
257778,1340.14,UPI,Refund,Airtel,Pune,iPhone,Union Bank,14,24.01,1,3,Domestic,Not Fraud
328463,1426.22,ATM,Purchase,Jio,Kochi,android,Axis,2,50.12,0,3,International,Not Fraud
833911,4855.57,Wallet,Transfer,Zomato,Kolkata,Mac,Kotak,13,54.96,1,1,International,Not Fraud
175813,3305.01,ATM,Bill Payment,Zomato,Mumbai,Android,Union Bank,10,33.55,1,0,domestic,Not Fraud
118997,12335.27,POS,Recharge,BigBasket,Chennai,Android,HDFC,6,30.95,0,2,Domestic,Not Fraud
789219,1054.77,POS,Cash Withdrawal,Airtel,Delhi,Android,Axis,7,48.64,0,1,Domestic,Not Fraud
299382,2691.42,NetBanking,Bill Payment,CRED,Kochi,Mac,ICICI,7,46.66,0,3,domestic,Not Fraud
881280,4257.12,Card,Transfer,Razorpay,Mumbai,Mac,SBI,7,22.23,1,3,Domestic,Not Fraud
383818,1968.55,ATM,Bill Payment,Flipkart,Indore,Unknown,Axis,6,2.46,1,1,domestic,Not Fraud
113968,2145.97,POS,Cash Withdrawal,Jio,Indore,android,Kotak,12,19.44,0,1,domestic,Not Fraud
305672,1135.99,POS,Recharge,Razorpay,Indore,Mac,Union Bank,3,22.29,1,1,Domestic ,Not Fraud
688275,836.24,NetBanking,Refund,SBI,Pune,Android,PNB,14,44.93,0,1,International,Not Fraud
323920,7535.65,NetBanking,Refund,IRCTC,Mumbai,Windows,BOB,5,5.82,1,1,Domestic,Not Fraud
765583,559.36,ATM,Cash Withdrawal,CRED,Delhi,Android ,Canara,3,45.09,0,0,Domestic,Not Fraud
396224,2247.09,UPI,Refund,Ajio,Kochi,Android ,Canara,3,8.08,0,1,International,Not Fraud
295770,8086.85,NetBanking,Transfer,Flipkart,Surat,Mac,HDFC,2,6.08,1,2,Domestic ,Not Fraud
358562,1410.1,Wallet,Purchase,Myntra,Lucknow,Unknown,Kotak,6,39.84,1,3,Domestic ,Not Fraud
838278,7640.68,Card,Bill Payment,IRCTC,Delhi,iPhone,Kotak,11,28.5,1,3,Domestic ,Not Fraud
838473,6269.05,POS,Recharge,PhonePe,Bengaluru,Mac,PNB,2,6.97,1,3,International,Not Fraud
680864,3209.85,POS,Bill Payment,Jio,Bhopal,iPhone,Canara,11,37.94,0,0,Domestic,Not Fraud
144820,3648.07,Wallet,Bill Payment,Swiggy,surat,iPhone,Canara,10,41.99,1,0,Domestic,Not Fraud
411858,3115.09,POS,Refund,Uber,Chandigarh,iPhone,BOB,14,31.02,0,2,Domestic,Not Fraud
857265,907.86,Card,Transfer,Airtel,Ahmedabad,android,BOB,13,49.26,1,2,Domestic ,Not Fraud
189484,766.68,UPI,Refund,Swiggy,Chandigarh,Mac,ICICI,11,59.48,0,3,domestic,Not Fraud
920651,4037.28,Card,Purchase,BookMyShow,Bengaluru,android,ICICI,12,3.12,0,2,International,Not Fraud
198164,6872.26,POS,Transfer,Ajio,Bhopal,Android ,PNB,12,3.42,1,1,International,Not Fraud
562838,1974.26,UPI,Bill Payment,Swiggy,Bhopal,iPhone,Axis,6,23.73,1,2,International,Not Fraud
931040,2561.64,Wallet,Refund,Flipkart,Mumbai,iPhone,BOB,1,21.59,0,3,domestic,Not Fraud
902602,739.57,POS,Refund,Ajio,Pune,Windows,Axis,13,35.78,1,3,Domestic ,Not Fraud
962026,1340.85,Card,Recharge,SBI,Bhopal,Android ,HDFC,8,0.67,0,1,International,Not Fraud
826860,1248.19,Wallet,Transfer,Swiggy,Kolkata,Android,BOB,3,44.54,0,2,International,Not Fraud
235943,352.94,POS,Recharge,MakeMyTrip,Surat,Windows,ICICI,12,32.85,1,0,Domestic ,Not Fraud
467787,1090.45,Card,Transfer,Jio,Ahmedabad,android,Union Bank,13,54.34,1,2,Domestic ,Not Fraud
677375,14475.34,NetBanking,Recharge,IRCTC,Kochi,Android,Axis,6,43.59,0,0,Domestic ,Fraud
365959,12012,ATM,Recharge,Amazon India,Hyderabad,Android,Union Bank,8,26.17,0,3,Domestic ,Not Fraud
255081,4413.19,NetBanking,Bill Payment,BookMyShow,Kochi,android,BOB,3,47.61,1,1,Domestic,Not Fraud
127704,989.62,UPI,Recharge,Zomato,Kolkata,Windows,Kotak,10,28.74,1,1,Domestic,Fraud
343108,2135.79,POS,Recharge,SBI,Hyderabad,Windows,HDFC,7,26.21,0,3,domestic,Not Fraud
167654,2256.38,Wallet,Refund,Zomato,Ahmedabad,Android,Union Bank,15,26.16,1,1,domestic,Not Fraud
751001,2119.27,NetBanking,Bill Payment,BookMyShow,Kochi,Unknown,BOB,2,55.67,1,2,domestic,Not Fraud
482017,25317.43,POS,Bill Payment,Flipkart,Mumbai,android,SBI,5,2.04,0,1,domestic,Not Fraud
304209,720.69,Card,Purchase,PhonePe,Ahmedabad,Unknown,BOB,15,42.85,1,2,Domestic,Not Fraud
299591,1066.58,ATM,Refund,Airtel,Chandigarh,Mac,Canara,8,51.13,1,1,Domestic,Not Fraud
111676,575.32,Wallet,Cash Withdrawal,Razorpay,Mumbai,Mac,Canara,13,52.78,0,2,domestic,Not Fraud
570432,1966.13,POS,Purchase,Swiggy,Mumbai,android,Canara,9,9.58,1,3,International,Not Fraud
987438,6723.06,NetBanking,Bill Payment,Myntra,Kochi,iPhone,PNB,14,33.23,0,2,Domestic,Not Fraud
125202,9555.94,NetBanking,Cash Withdrawal,IRCTC,Chandigarh,Unknown,Union Bank,6,5.02,0,0,Domestic ,Not Fraud
860265,730.45,Card,Cash Withdrawal,PhonePe,Surat,Mac,Union Bank,10,10.32,0,1,Domestic ,Not Fraud
900020,6664.97,NetBanking,Cash Withdrawal,Flipkart,Pune,Unknown,Union Bank,9,55.74,1,3,International,Not Fraud
881241,1361.32,NetBanking,Transfer,BookMyShow,Indore,Unknown,PNB,13,38.36,1,3,International,Fraud
628325,678.05,POS,Refund,Amazon India,Bengaluru,Unknown,Union Bank,5,45.39,1,1,Domestic,Not Fraud
813589,1229.45,NetBanking,Cash Withdrawal,Zomato,Ahmedabad,Unknown,BOB,14,6.96,1,2,Domestic ,Fraud
525866,2847.63,UPI,Recharge,Airtel,Lucknow,Android,Kotak,14,53.52,0,3,domestic,Not Fraud
272745,1002.16,ATM,Transfer,BigBasket,Ahmedabad,Android,Union Bank,5,21.83,0,3,Domestic,Not Fraud
720440,671.7,NetBanking,Refund,BigBasket,Patna,Windows,Axis,15,56.89,0,2,Domestic ,Not Fraud
221326,1400.64,UPI,Purchase,Paytm,Kochi,Unknown,Canara,15,23.94,1,0,International,Not Fraud
262306,2993.28,NetBanking,Bill Payment,BigBasket,Hyderabad,Android,PNB,14,21.02,1,0,International,Not Fraud
691469,1993.45,ATM,Bill Payment,Razorpay,Chandigarh,Windows,Canara,11,30.39,1,0,Domestic ,Not Fraud
209879,760.83,NetBanking,Bill Payment,Swiggy,Bhopal,iPhone,Kotak,6,11.2,1,2,domestic,Not Fraud
366642,3887.42,NetBanking,Purchase,Razorpay,Bengaluru,Windows,Axis,10,30.41,1,1,Domestic,Not Fraud
383388,5692.35,NetBanking,Purchase,CRED,Chandigarh,iPhone,Canara,1,47.83,1,0,International,Not Fraud
461420,1396.53,Wallet,Transfer,Swiggy,Chennai,Android ,Union Bank,2,50.56,1,2,International,Not Fraud
293284,1422.34,NetBanking,Cash Withdrawal,Amazon India,Kolkata,Android ,ICICI,11,37.14,1,0,International,Not Fraud
708838,1969.88,POS,Cash Withdrawal,Uber,Kochi,Mac,PNB,11,50.69,1,3,Domestic ,Not Fraud
373294,537.57,Card,Refund,Jio,Chandigarh,Mac,Canara,12,48.92,0,2,International,Not Fraud
317445,1784.36,UPI,Cash Withdrawal,Zomato,Pune,Android ,Canara,9,40.87,0,1,International,Not Fraud
873432,4905.87,UPI,Transfer,CRED,Ahmedabad,iPhone,Union Bank,15,36.91,1,1,Domestic,Not Fraud
987128,2792.53,UPI,Purchase,Razorpay,Surat,android,SBI,3,14.22,1,2,Domestic,Yes
930550,8742.6,ATM,Purchase,Airtel,Chennai,iPhone,Union Bank,13,14.76,0,3,International,Not Fraud
773780,673.92,POS,Refund,IRCTC,Bhopal,Android,Union Bank,6,11.12,1,3,Domestic ,Not Fraud
186777,2427.91,POS,Purchase,Uber,Hyderabad,iPhone,Canara,15,16.91,0,0,International,Not Fraud
648862,4313,Card,Bill Payment,Ajio,Lucknow,Android ,Union Bank,12,32.1,0,0,International,Not Fraud
986840,825.35,Card,Bill Payment,Myntra,Kochi,iPhone,Kotak,15,17.81,1,2,International,Not Fraud
353946,1722.7,Wallet,Cash Withdrawal,Google Pay,Kolkata,android,Axis,8,50.55,1,2,Domestic,Not Fraud
932149," ₹2,593.50",POS,Recharge,Flipkart,Kochi,Mac,SBI,4,45.98,0,2,International,Not Fraud
107481,8499.53,UPI,Purchase,Amazon India,Bhopal,Windows,Axis,14,56.16,0,1,Domestic ,Not Fraud
189878,672.98,Card,Purchase,BigBasket,Hyderabad,iPhone,Kotak,12,26.99,1,2,Domestic ,Not Fraud
475506,1598.87,UPI,Bill Payment,Amazon India,Mumbai,Unknown,BOB,3,48.17,0,2,domestic,Not Fraud
302657,1271.54,POS,Purchase,Ajio,Bhopal,iPhone,SBI,6,53.03,1,3,domestic,Not Fraud
648026,501.41,Wallet,Transfer,Jio,Chandigarh,android,BOB,10,42.22,0,3,International,Not Fraud
592791,859.69,ATM,Cash Withdrawal,Uber,Indore,Windows,Canara,15,50.51,1,0,Domestic,Not Fraud
316317,1580,NetBanking,Cash Withdrawal,Swiggy,Hyderabad,Android,BOB,11,52.62,0,0,International,Fraud
798041,13670.84,Card,Cash Withdrawal,Airtel,Ahmedabad,Android,BOB,13,51.14,1,2,International,Not Fraud
841724,37456.27,UPI,Transfer,Google Pay,Patna,Android,Kotak,14,4.28,0,2,Domestic ,Not Fraud
335212,1601.75,Card,Bill Payment,CRED,Delhi,android,ICICI,9,48.42,1,0,domestic,Not Fraud
708685,7647.15,NetBanking,Transfer,Airtel,Jaipur,Mac,Axis,13,18.94,1,0,domestic,Not Fraud
884011,3100.35,UPI,Recharge,Ajio,Mumbai,android,SBI,7,3.31,0,0,domestic,Not Fraud
477750,3503.25,Card,Cash Withdrawal,PhonePe,Chandigarh,Windows,Canara,3,50.18,1,1,Domestic,Not Fraud
118716,1794.61,Card,Refund,Swiggy,Mumbai,Mac,HDFC,12,37.25,0,0,domestic,Not Fraud
735797,1179.66,ATM,Cash Withdrawal,IRCTC,Kochi,Windows,BOB,10,38.14,0,2,Domestic,Not Fraud
871444,750.84,POS,Refund,Myntra,Bhopal,android,Canara,12,39.4,1,1,Domestic,Not Fraud
463034,3048.44,ATM,Transfer,Paytm,Kolkata,iPhone,HDFC,1,49.49,0,2,Domestic ,Not Fraud
922460,2037.61,Card,Transfer,Paytm,Chandigarh,Mac,Axis,2,40.61,1,1,Domestic,Not Fraud
242545,1918.78,Wallet,Bill Payment,IRCTC,Lucknow,Android,SBI,11,57.56,1,1,Domestic,Not Fraud
757287,445.67,POS,Bill Payment,BigBasket,Ahmedabad,Unknown,ICICI,2,25.39,0,1,International,Not Fraud
290169,1374.87,Wallet,Bill Payment,Meesho,Jaipur,Unknown,HDFC,4,51.38,0,3,International,Not Fraud
644399,13264.33,ATM,Purchase,Razorpay,Pune,Windows,Axis,4,28.84,0,0,International,Not Fraud
983372,17756.13,UPI,Purchase,BookMyShow,Pune,Unknown,PNB,9,18.17,0,0,International,Not Fraud
611996,21851.79,Card,Recharge,Google Pay,Delhi,Mac,Kotak,15,59.02,0,2,International,Not Fraud
642611,10685.73,UPI,Purchase,Meesho,Hyderabad,Android ,Union Bank,6,3.57,0,2,Domestic ,Not Fraud
775945,2432.56,NetBanking,Transfer,PhonePe,Surat,Android,SBI,15,39.78,1,1,International,Not Fraud
609236,1536.9,Card,Cash Withdrawal,PhonePe,Delhi,Windows,Canara,10,37.9,0,0,Domestic ,fraud
436874,1706.32,NetBanking,Bill Payment,IRCTC,Lucknow,Mac,BOB,1,46.09,1,1,Domestic,Not Fraud
988255,213.07,Wallet,Bill Payment,SBI,Delhi,iPhone,Canara,4,18.9,1,0,Domestic,Not Fraud
766728,3093.92,NetBanking,Purchase,MakeMyTrip,Kochi,Android ,Canara,6,54.26,1,2,Domestic ,Not Fraud
665019,7643.06,UPI,Refund,Google Pay,Ahmedabad,Android,HDFC,1,23.32,1,0,Domestic,Not Fraud
930403,1102.34,UPI,Purchase,Flipkart,Lucknow,Android,Kotak,4,17.81,1,2,International,Not Fraud
631777,7942.96,UPI,Purchase,Meesho,Pune,Android,Canara,2,10.32,0,3,domestic,Not Fraud
856788,1569.68,UPI,Bill Payment,Ajio,Bengaluru,Mac,HDFC,11,23.3,0,0,Domestic,Not Fraud
498169,3863.15,UPI,Cash Withdrawal,Uber,Indore,iPhone,HDFC,10,25.22,1,1,domestic,Not Fraud
579784,3169.2,Card,Bill Payment,IRCTC,Kochi,android,Kotak,12,43.05,0,2,domestic,Not Fraud
939438,2649.62,NetBanking,Transfer,BigBasket,Jaipur,android,ICICI,9,29.71,0,3,International,Not Fraud
544024,3889.1,Card,Transfer,Airtel,Delhi,Mac,Kotak,3,50.82,1,2,Domestic ,Not Fraud
780151,164.99,UPI,Transfer,Jio,Pune,Unknown,BOB,10,12.71,1,3,Domestic ,Not Fraud
148662,2388.76,UPI,Refund,CRED,Indore,Android ,Axis,11,18.25,1,3,Domestic ,Not Fraud
770983,1401.18,NetBanking,Bill Payment,Swiggy,Mumbai,Android ,PNB,14,47.08,1,3,domestic,Not Fraud
454695,3407.71,NetBanking,Refund,Airtel,Surat,Windows,Canara,12,16.36,0,0,domestic,Not Fraud
507973,,Wallet,Transfer,Ajio,Chandigarh,iPhone,Union Bank,10,19.69,1,0,domestic,Not Fraud
963834,6864.03,Wallet,Cash Withdrawal,Myntra,Mumbai,android,BOB,13,59.29,0,2,Domestic,Not Fraud
217122,1894.43,NetBanking,Purchase,Ajio,Jaipur,iPhone,BOB,7,11.66,1,2,Domestic,Not Fraud
122161,4851.5,UPI,Cash Withdrawal,SBI,Patna,Windows,Union Bank,9,3.89,0,2,Domestic,Not Fraud
705257,2105.44,Card,Bill Payment,SBI,Jaipur,android,HDFC,11,21.21,0,0,International,Not Fraud
162453,733.63,NetBanking,Purchase,Zomato,Indore,Unknown,ICICI,6,36.2,1,3,Domestic ,Not Fraud
353043,1411.25,POS,Recharge,Myntra,Lucknow,Android ,,5,37.71,1,0,International,Not Fraud
735777,1444.11,Card,Transfer,BigBasket,Bengaluru,android,PNB,3,16.75,1,1,Domestic ,Not Fraud
631025,10663.28,POS,Purchase,SBI,Jaipur,Unknown,ICICI,8,28.86,1,3,Domestic,Not Fraud
376690,437.04,Wallet,Purchase,Uber,Kolkata,Windows,PNB,2,42.29,0,3,Domestic,Not Fraud
433290,4241.64,Card,Recharge,BookMyShow,Indore,Mac,HDFC,1,4.83,0,2,International,Not Fraud
299814,1424.87,UPI,Purchase,Ajio,Ahmedabad,android,SBI,2,54.32,1,2,Domestic ,Not Fraud
746531,2013.43,UPI,Transfer,Razorpay,Lucknow,Android ,BOB,14,9.57,0,2,Domestic,Not Fraud
167260,981.01,Wallet,Purchase,Airtel,Kolkata,Android,Kotak,14,33.47,0,0,domestic,Not Fraud
836921,1449.77,ATM,Transfer,Flipkart,Patna,android,Canara,14,16.51,1,3,Domestic ,Not Fraud
882407,950.76,NetBanking,Transfer,Myntra,Jaipur,Android,Kotak,12,30.06,0,3,domestic,Not Fraud
623466,3581.01,ATM,Purchase,BigBasket,Hyderabad,Unknown,PNB,11,47.16,1,2,Domestic ,Not Fraud
617666,2133.37,NetBanking,Bill Payment,Swiggy,Lucknow,Android ,Kotak,13,37.79,0,2,Domestic,Not Fraud
690809,535.21,Wallet,Cash Withdrawal,SBI,Jaipur,Unknown,SBI,11,30.34,1,1,Domestic,Not Fraud
925030,,Wallet,Transfer,Google Pay,Bengaluru,Unknown,BOB,8,23.55,0,0,domestic,Not Fraud
596240,4509,POS,Purchase,Jio,Kochi,android,Union Bank,9,15.1,1,2,domestic,Fraud
371523,33280.77,Card,Refund,SBI,Bengaluru,Android ,ICICI,4,0.74,0,0,domestic,Not Fraud
712365,6701.32,Wallet,Refund,Meesho,Delhi,Windows,HDFC,13,16.13,1,3,Domestic ,Not Fraud
780454,210.28,UPI,Recharge,MakeMyTrip,Mumbai,Android ,SBI,3,43.09,1,1,Domestic ,Not Fraud
464086,15055.42,Wallet,Cash Withdrawal,Swiggy,Bhopal,Mac,BOB,9,51.59,0,3,Domestic,Not Fraud
119232,8246.11,ATM,Bill Payment,Airtel,Kolkata,iPhone,PNB,10,26.41,1,1,Domestic ,Not Fraud
352546,2375.65,UPI,Cash Withdrawal,CRED,Mumbai,Android ,PNB,14,42.72,0,0,Domestic,Not Fraud
398454,3639.76,ATM,Cash Withdrawal,Flipkart,Chandigarh,Android ,Kotak,5,28.1,0,2,International,Not Fraud
995753,343.67,NetBanking,Purchase,Paytm,Hyderabad,Windows,SBI,2,53.71,1,3,domestic,Not Fraud
662292,3032.19,Wallet,Bill Payment,Meesho,Kolkata,iPhone,SBI,6,4.47,1,0,Domestic,Fraud
125703,2071.4,NetBanking,Transfer,Zomato,Indore,Android,HDFC,6,44.94,1,0,International,Not Fraud
911914,6597.5,NetBanking,Recharge,CRED,Surat,Android,Axis,7,33.75,1,3,International,Not Fraud
255935,677.77,ATM,Bill Payment,Flipkart,Bhopal,Android,BOB,5,49.78,0,1,Domestic ,Fraud
789739,2768.56,Card,Bill Payment,Razorpay,Bhopal,Mac,Axis,5,54.08,1,2,domestic,Not Fraud
806518,2452.24,POS,Recharge,SBI,Kochi,Android,Canara,13,2.88,0,0,domestic,Not Fraud
125428,1241.87,POS,Transfer,Amazon India,Bhopal,Unknown,PNB,13,18.69,1,3,Domestic ,Not Fraud
609116,10245.49,Wallet,Transfer,CRED,Patna,Android ,BOB,4,31.84,0,1,International,Not Fraud
755706,2041.15,Wallet,Bill Payment,BookMyShow,Delhi,Mac,HDFC,15,47.78,1,1,Domestic ,Fraud
166370,4188.37,ATM,Cash Withdrawal,Amazon India,Mumbai,Mac,BOB,15,54.42,1,0,domestic,Not Fraud
733868,395.45,ATM,Recharge,BookMyShow,Bengaluru,android,ICICI,8,0.6,0,0,Domestic,Not Fraud
659922,6036.66,NetBanking,Recharge,MakeMyTrip,Kochi,Unknown,SBI,4,11.62,1,2,Domestic ,Not Fraud
706036,3515.68,ATM,Refund,CRED,Mumbai,Android ,BOB,8,38.16,1,1,Domestic,Fraud
184196,1963.33,Card,Cash Withdrawal,IRCTC,Hyderabad,Mac,Union Bank,6,47.21,1,3,Domestic,Not Fraud
216613,1259.73,Wallet,Transfer,BigBasket,Surat,Android ,Kotak,8,58.56,0,3,International,Not Fraud
526017,4291.0,UPI,Bill Payment,BigBasket,Jaipur,Mac,SBI,7,8.42,1,2,Domestic ,Not Fraud
595115,17215.15,Wallet,Recharge,Myntra,Kochi,Mac,ICICI,10,16.35,1,0,Domestic,Not Fraud
735251,539.77,Wallet,Recharge,PhonePe,Pune,Android ,ICICI,9,23.48,0,2,domestic,Not Fraud
420241,1615.08,NetBanking,Bill Payment,Ajio,Indore,Mac,Union Bank,14,46.34,0,3,International,Not Fraud
921232,534.37,Wallet,Refund,BigBasket,Lucknow,android,SBI,1,34.04,0,0,Domestic,Not Fraud
614761,1047.97,POS,Purchase,Flipkart,Delhi,iPhone,Canara,12,17.96,0,0,domestic,Not Fraud
519287,945.34,Card,Transfer,Paytm,Chandigarh,Android,HDFC,10,53.21,0,3,Domestic,Not Fraud
927387,369.69,POS,Bill Payment,IRCTC,Mumbai,Windows,SBI,5,14.79,1,3,domestic,Not Fraud
469472,3609.41,Wallet,Purchase,Swiggy,Jaipur,Android ,BOB,4,43.05,1,2,domestic,Not Fraud
203777,2164.64,UPI,Transfer,Airtel,Indore,Android ,Union Bank,7,55.43,1,1,Domestic,Not Fraud
623120,9421.34,Card,Refund,Razorpay,Chennai,android,Kotak,12,38.65,1,0,domestic,Not Fraud
700106,5937.9,POS,Purchase,Uber,Pune,android,SBI,8,33.59,1,1,International,No
481395,1663.12,ATM,Transfer,Flipkart,Chandigarh,Windows,Kotak,8,33.87,0,2,domestic,Not Fraud
783999,1456.73,Card,Bill Payment,Google Pay,Pune,Windows,SBI,4,4.36,0,2,domestic,Not Fraud
291352,3017.16,POS,Transfer,Zomato,Pune,Mac,Union Bank,7,18.58,0,0,Domestic,Not Fraud
236467,2164.66,Wallet,Bill Payment,Flipkart,Chandigarh,Android,SBI,7,40.16,0,3,Domestic ,Not Fraud
751702,6842.65,Card,Recharge,SBI,Chandigarh,Android,SBI,13,44.58,0,3,Domestic ,Not Fraud
631566,5903.54,Card,Bill Payment,Meesho,Hyderabad,Mac,PNB,15,21.8,0,1,Domestic ,Not Fraud
618133,529.31,ATM,Bill Payment,Ajio,Kolkata,Windows,Canara,2,21.73,1,1,International,Not Fraud
153044,3986.97,POS,Cash Withdrawal,Airtel,Chandigarh,Windows,HDFC,3,6.84,0,0,Domestic,Not Fraud
637642,942.5,POS,purchase,Flipkart,Kochi,android,PNB,15,39.15,1,1,Domestic,Not Fraud
303879,1335.61,POS,Refund,Uber,Chandigarh,iPhone,BOB,2,4.69,1,1,domestic,Not Fraud
691905,1995.6,POS,Bill Payment,Uber,Lucknow,Android,Kotak,7,39.62,1,3,International,Not Fraud
806641,2410.24,Wallet,Cash Withdrawal,Jio,Bengaluru,Mac,Axis,2,53.75,0,2,Domestic,Not Fraud
528009," ₹3,499.95",NetBanking,Bill Payment,Google Pay,Hyderabad,Unknown,PNB,13,24.21,1,3,Domestic,Not Fraud
987087, ₹772.04,UPI,Refund,BigBasket,Kolkata,Android,PNB,13,50.28,1,2,Domestic ,Not Fraud
546929,2935.07,UPI,Purchase,SBI,Surat,Mac,ICICI,13,42.19,0,2,Domestic ,Not Fraud
538158,7030.88,UPI,Transfer,Uber,Pune,Windows,Union Bank,3,34.77,0,3,Domestic,Not Fraud
770863,1925.72,Wallet,Purchase,Razorpay,Surat,Android,Kotak,14,40.89,1,3,International,Not Fraud
887437,1134.7,ATM,Cash Withdrawal,SBI,Jaipur,Mac,HDFC,8,32.51,1,3,Domestic ,Not Fraud
112803,5274.96,ATM,Cash Withdrawal,Myntra,Patna,Android ,Kotak,14,46.78,0,3,Domestic,Not Fraud
390480,8208.57,Card,Refund,IRCTC,Kochi,Mac,HDFC,1,32.19,0,2,Domestic ,Not Fraud
591974,9810.36,ATM,Refund,Paytm,Kolkata,Windows,HDFC,9,5.24,0,0,Domestic,Not Fraud
444571,840.69,Wallet,Cash Withdrawal,Uber,Delhi,Unknown,Kotak,2,36.33,0,2,International,Not Fraud
771604,2777.35,ATM,Recharge,Amazon India,Delhi,Unknown,Union Bank,7,49.63,0,2,domestic,Not Fraud
880179,13929.96,POS,Purchase,Myntra,Jaipur,iPhone,BOB,6,33.31,1,0,domestic,Not Fraud
533718,5327.77,UPI,Transfer,Flipkart,Ahmedabad,Android,HDFC,2,26.89,1,1,International,Not Fraud
949146,3386.15,ATM,Transfer,Meesho,Indore,android,ICICI,7,14.02,1,1,International,Not Fraud
368506,4184.94,Card,Recharge,PhonePe,Kolkata,Mac,PNB,9,47.29,0,1,Domestic,Not Fraud
314729,7116.39,NetBanking,Recharge,Paytm,Hyderabad,android,Union Bank,8,21.76,0,3,International,Not Fraud
704089,949.53,Card,Refund,Zomato,Chennai,Windows,Axis,15,26.0,1,1,Domestic,Not Fraud
497454,1766.91,NetBanking,Recharge,Uber,Delhi,Android ,ICICI,3,21.98,1,3,International,Not Fraud
809296,1333.05,Wallet,Purchase,BigBasket,Pune,Android ,Union Bank,3,25.14,0,0,Domestic ,Not Fraud
808465,1208.01,Card,Bill Payment,Zomato,Lucknow,android,Canara,7,12.77,1,0,International,Not Fraud
257323,2927.61,NetBanking,Recharge,MakeMyTrip,Kolkata,iPhone,Union Bank,11,46.99,0,3,domestic,Not Fraud
971493,2001.04,POS,Transfer,IRCTC,Bhopal,Windows,ICICI,5,40.63,0,3,Domestic,Not Fraud
174032,5486.48,NetBanking,Refund,BigBasket,Delhi,Android,Union Bank,7,8.83,1,0,domestic,Not Fraud
819931,1429.88,POS,Cash Withdrawal,Jio,Mumbai,iPhone,PNB,10,23.06,1,0,International,Not Fraud
396059,2499.65,ATM,Recharge,Amazon India,Bhopal,Unknown,HDFC,10,44.7,0,3,Domestic,Not Fraud
618364,2288.65,NetBanking,Cash Withdrawal,Paytm,Jaipur,android,ICICI,8,51.24,0,1,Domestic,Not Fraud
227432,1105.47,Wallet,Cash Withdrawal,Airtel,Chandigarh,Unknown,Union Bank,9,45.58,0,0,Domestic ,Not Fraud
837411,849.06,Card,Purchase,Paytm,Chennai,Android,ICICI,4,52.13,1,2,Domestic,Not Fraud
693943," ₹2,765.05",NetBanking,Transfer,Jio,Bhopal,Android,Canara,2,0.68,1,1,Domestic,Not Fraud
784378,6516.64,POS,Recharge,Paytm,Chennai,iPhone,SBI,15,33.65,0,2,Domestic,Not Fraud
829922,813.0,UPI,Cash Withdrawal,IRCTC,Chandigarh,Mac,ICICI,12,34.33,0,3,International,Not Fraud
356118,1570.36,POS,Bill Payment,IRCTC,Patna,iPhone,HDFC,1,52.72,1,0,domestic,Not Fraud
694608,456.27,ATM,Purchase,Uber,Chennai,android,Canara,11,40.85,1,2,International,Not Fraud
510882,4231.25,NetBanking,Purchase,SBI,Ahmedabad,iPhone,PNB,3,40.93,1,2,Domestic,Fraud
507382,2419.77,UPI,Bill Payment,Jio,Jaipur,iPhone,Union Bank,14,44.6,0,0,Domestic,Not Fraud
706464,1584.59,Wallet,Purchase,SBI,Mumbai,Android ,Canara,15,9.77,1,3,domestic,Not Fraud
767374,700.7,ATM,Refund,Paytm,Lucknow,Android ,bob,9,49.91,1,1,Domestic,Not Fraud
472381,4587.47,NetBanking,Purchase,Ajio,Chennai,Windows,Canara,1,57.44,0,0,International,Not Fraud
921375,1353.64,Card,Recharge,IRCTC,Kochi,android,Kotak,10,1.59,0,2,domestic,Not Fraud
311973,1080.87,Wallet,Purchase,Uber,Kochi,Android,Canara,11,39.54,0,2,Domestic,Not Fraud
680606,2649.81,UPI,Recharge,BookMyShow,Ahmedabad,Mac,SBI,2,26.79,0,1,Domestic ,Not Fraud
681963,547.63,UPI,Bill Payment,BigBasket,Delhi,iPhone,BOB,14,21.4,0,2,Domestic,Not Fraud
461078,6037.46,Card,Recharge,Amazon India,Kochi,Windows,ICICI,11,20.16,0,2,International,Not Fraud
137039,,Card,Recharge,Airtel,Patna,Android ,HDFC,13,21.0,0,0,domestic,Not Fraud
249233,1854.05,Card,Purchase,Amazon India,Lucknow,Unknown,BOB,12,41.35,0,0,Domestic,Not Fraud
774775,10384.09,NetBanking,Cash Withdrawal,Amazon India,Jaipur,Windows,HDFC,5,14.82,1,2,Domestic ,Not Fraud
809245,3020.81,Card,Transfer,Paytm,Chandigarh,iPhone,Kotak,14,38.12,0,0,domestic,Not Fraud
135015,5921.93,Wallet,Recharge,IRCTC,Ahmedabad,Mac,Union Bank,15,21.32,0,0,Domestic ,Not Fraud
461190,1868.85,ATM,Purchase,Paytm,Bengaluru,Android,Union Bank,14,40.47,0,3,International,Not Fraud
932046,3923.36,Card,Cash Withdrawal,MakeMyTrip,Kochi,Windows,Axis,15,25.11,1,3,International,Not Fraud
147550,1502.81,POS,Recharge,Amazon India,Mumbai,Android ,Union Bank,2,17.96,1,3,Domestic,Not Fraud
950946,2283.72,Wallet,Recharge,MakeMyTrip,Kolkata,android,ICICI,9,27.5,1,1,Domestic,Not Fraud
874305,1998.23,UPI,Refund,Amazon India,Surat,Windows,Axis,4,16.7,0,0,Domestic ,Fraud
685384,3640.44,UPI,Refund,Ajio,Ahmedabad,iPhone,ICICI,2,21.89,0,1,domestic,Not Fraud
115069,807.49,NetBanking,Cash Withdrawal,Meesho,Chandigarh,Android,BOB,8,9.68,1,0,Domestic,Not Fraud
683173,2847.96,Card,Refund,SBI,Ahmedabad,Mac,Union Bank,15,9.4,0,3,Domestic,Not Fraud
812106,1174.23,Card,Cash Withdrawal,Flipkart,Kolkata,iPhone,ICICI,2,20.51,0,1,Domestic,Not Fraud
689133,2422.52,UPI,Recharge,IRCTC,Bengaluru,Windows,SBI,4,45.46,0,2,Domestic ,Not Fraud
781742,47678.8,Card,Cash Withdrawal,BookMyShow,Kochi,android,SBI,11,19.98,0,1,Domestic ,Not Fraud
631839,657.5,ATM,Cash Withdrawal,CRED,Ahmedabad,Windows,Axis,5,21.28,1,3,Domestic ,Not Fraud
667622,2422.79,Card,Refund,MakeMyTrip,Bengaluru,Mac,Union Bank,15,33.98,0,1,Domestic ,Not Fraud
559442,414.69,Wallet,Bill Payment,SBI,Kolkata,android,Union Bank,12,24.72,0,2,Domestic,fraud
744579,718.46,UPI,Bill Payment,Airtel,Bhopal,Unknown,HDFC,14,35.66,0,3,International,Fraud
682215,1469.68,NetBanking,Bill Payment,BigBasket,Bengaluru,Android,Canara,2,58.36,1,0,domestic,Not Fraud
968271,1464.43,NetBanking,Cash Withdrawal,Razorpay,Delhi,Android,SBI,2,24.54,0,2,International,Not Fraud
573484,963.17,ATM,Purchase,Meesho,Bengaluru,Mac,Kotak,6,27.54,1,2,Domestic ,Not Fraud
838411, ₹208.21,Card,Recharge,Uber,Kolkata,iPhone,BOB,13,51.31,0,3,domestic,Not Fraud
742216,340.73,ATM,Purchase,Airtel,Jaipur,Mac,ICICI,1,51.97,0,1,Domestic,Not Fraud
892494,4379.43,ATM,Cash Withdrawal,Flipkart,Mumbai,Unknown,ICICI,9,29.16,0,0,Domestic ,Not Fraud
478820,327.47,POS,Bill Payment,Flipkart,Hyderabad,Windows,HDFC,13,34.84,0,1,International,Not Fraud
664231,2058.89,Wallet,Purchase,IRCTC,Hyderabad,Unknown,Kotak,12,37.51,1,2,International,Not Fraud
182543,1778.54,Wallet,Recharge,Meesho,Patna,Windows,BOB,5,7.42,0,2,Domestic,Not Fraud
687957,1491.15,Card,Transfer,BookMyShow,Delhi,Mac,PNB,7,3.92,1,2,Domestic ,Not Fraud
534010,1408.29,Card,Cash Withdrawal,Google Pay,Hyderabad,Unknown,SBI,9,56.98,0,0,domestic,YES
601369,1675.84,ATM,Cash Withdrawal,Airtel,Kolkata,Android ,Canara,12,46.32,1,1,Domestic,Not Fraud
249331,2066.12,ATM,Transfer,BigBasket,Bengaluru,Mac,Axis,12,47.98,0,2,Domestic ,fraud
401218,1689.2,NetBanking,Bill Payment,Uber,Bhopal,iPhone,Axis,2,8.0,1,3,International,Not Fraud
650121,674.04,ATM,Transfer,Razorpay,Mumbai,Android,SBI,7,37.18,0,0,Domestic,Not Fraud
543710,,NetBanking,Bill Payment,BookMyShow,Surat,Android,Union Bank,9,25.09,0,1,Domestic ,Not Fraud
534287,13541.21,NetBanking,Purchase,IRCTC,Lucknow,Mac,HDFC,14,49.59,0,2,Domestic,Not Fraud
479588,884.87,POS,Transfer,Jio,Patna,iPhone,Axis,5,25.83,0,1,Domestic,Not Fraud
954909,2003.65,ATM,Recharge,Meesho,Kolkata,android,HDFC,11,15.8,0,2,Domestic ,Not Fraud
176529," ₹3,628.63",POS,Recharge,PhonePe,Bengaluru,Unknown,Kotak,4,44.36,1,0,Domestic ,Not Fraud
124204,2243.05,Card,Bill Payment,Flipkart,Jaipur,Android ,PNB,11,37.68,1,0,Domestic,Not Fraud
920586,1165.11,UPI,Recharge,Airtel,Hyderabad,iPhone,Kotak,5,16.36,0,0,domestic,Not Fraud
351547,2616.81,NetBanking,Cash Withdrawal,MakeMyTrip,Chandigarh,Android,Axis,13,16.37,0,1,International,Not Fraud
564070,18312.33,POS,Bill Payment,Meesho,Chennai,Mac,Canara,9,41.52,0,1,domestic,Not Fraud
308222,3088.55,ATM,Purchase,Meesho,Kolkata,Mac,PNB,1,40.96,0,3,domestic,Not Fraud
771434,5740.41,UPI,Bill Payment,Uber,Kochi,android,BOB,8,0.31,0,1,Domestic ,Not Fraud
713857,3385.29,ATM,Purchase,IRCTC,Delhi,Unknown,Canara,15,2.92,1,2,International,Not Fraud
754461,1161.54,NetBanking,Refund,PhonePe,Chandigarh,Android,HDFC,12,40.39,0,0,International,Not Fraud
169501,313.67,Wallet,Cash Withdrawal,IRCTC,Jaipur,Unknown,HDFC,1,29.37,0,2,International,Not Fraud
194979,271.23,Card,Refund,Swiggy,Mumbai,Android,BOB,6,9.58,0,0,Domestic ,Not Fraud
977423,1594.41,Wallet,Recharge,IRCTC,Lucknow,Android,Axis,12,15.2,1,3,Domestic,Not Fraud
945486,1596.41,ATM,Bill Payment,Swiggy,Kolkata,Unknown,HDFC,10,1.62,1,3,Domestic,Not Fraud
335844,1656.03,POS,Refund,MakeMyTrip,Surat,Mac,PNB,7,37.74,1,2,Domestic ,Not Fraud
104675,3195.3,Wallet,Refund,MakeMyTrip,Lucknow,Unknown,BOB,5,19.02,0,1,domestic,Not Fraud
404731,3352.98,UPI,Bill Payment,BookMyShow,Bhopal,iPhone,PNB,13,42.71,1,1,International,Not Fraud
130604,4459.51,NetBanking,Cash Withdrawal,Swiggy,Kolkata,Unknown,ICICI,9,46.02,0,2,Domestic,Not Fraud
199355,1743.78,NetBanking,Transfer,Ajio,Kochi,Android ,HDFC,14,39.6,1,3,Domestic ,No
554184,845.59,Wallet,Cash Withdrawal,Amazon India,Bengaluru,Android,SBI,5,25.21,1,0,domestic,Not Fraud
889992,1649.75,NetBanking,Cash Withdrawal,BookMyShow,Surat,iPhone,BOB,4,40.86,1,0,Domestic ,Not Fraud
934689,1252.56,UPI,Recharge,Amazon India,Jaipur,Android,PNB,11,48.66,1,0,Domestic ,Not Fraud
759494,1191.6,NetBanking,Refund,Swiggy,Patna,Android ,HDFC,14,13.87,1,0,Domestic ,Not Fraud
302388,4650.09,Card,Refund,Airtel,Bengaluru,Unknown,BOB,1,58.23,0,2,Domestic,Not Fraud
586292,6093.34,ATM,Recharge,BookMyShow,Chandigarh,Android,Axis,7,8.74,1,2,International,Not Fraud
276990,2199.03,POS,Recharge,Amazon India,Chandigarh,Windows,ICICI,9,42.6,0,2,domestic,Not Fraud
209351,1514.15,Card,Refund,IRCTC,Hyderabad,Windows,Union Bank,10,26.6,1,2,Domestic ,Not Fraud
359561,4381.69,NetBanking,Recharge,CRED,Hyderabad,android,ICICI,6,41.29,0,2,domestic,Not Fraud
642802,,UPI,Refund,Google Pay,Kochi,Windows,PNB,5,6.99,0,0,International,Not Fraud
482299,2383.74,Card,Bill Payment,IRCTC,Indore,Windows,Union Bank,13,14.97,0,3,Domestic ,fraud
968550,964.12,UPI,Refund,Uber,Hyderabad,Android,Canara,10,30.44,0,2,domestic,Not Fraud
104713,6648.53,Wallet,Cash Withdrawal,Airtel,Hyderabad,Mac,Union Bank,14,35.48,1,2,domestic,Not Fraud
541221,6527.44,Wallet,Recharge,SBI,Hyderabad,Windows,BOB,5,19.38,1,2,Domestic ,Not Fraud
651216,5776.71,Wallet,Purchase,,Mumbai,Android,PNB,13,33.15,0,0,International,Not Fraud
698845,2012.52,POS,Transfer,Flipkart,Chennai,iPhone,SBI,12,10.29,0,1,Domestic ,Not Fraud
972227,893.96,ATM,Purchase,BookMyShow,Delhi,Unknown,ICICI,14,41.7,1,1,Domestic ,Not Fraud
351405,5253.83,ATM,Recharge,Google Pay,Chandigarh,android,PNB,6,21.86,1,3,International,Not Fraud
256852,675.98,Wallet,Bill Payment,Jio,Mumbai,Android,Union Bank,10,24.62,1,0,domestic,Not Fraud
596192,925.69,ATM,Bill Payment,Google Pay,Hyderabad,Unknown,Kotak,11,9.79,1,2,domestic,Fraud
294405,2570.84,ATM,Refund,Jio,Bhopal,android,Union Bank,1,49.71,0,2,Domestic ,Not Fraud
542151,5793.62,NetBanking,Refund,,Surat,Mac,ICICI,9,1.57,1,3,Domestic,Not Fraud
699945,2485.91,Card,Refund,Ajio,Lucknow,Windows,SBI,12,2.48,1,1,domestic,Fraud
238444,6012.37,Wallet,Cash Withdrawal,BookMyShow,Lucknow,Mac,Axis,11,32.24,0,0,Domestic,Not Fraud
691052,1813.98,ATM,Purchase,IRCTC,Jaipur,Android,ICICI,8,52.55,1,1,International,Not Fraud
625298,5761.4,Card,Bill Payment,MakeMyTrip,Patna,Windows,BOB,8,31.56,1,2,Domestic ,Not Fraud
633435,685.58,Card,Recharge,BookMyShow,Lucknow,iPhone,Union Bank,5,17.34,0,2,Domestic,Not Fraud
746804,954.14,POS,Purchase,Meesho,Bengaluru,Android,BOB,6,19.61,1,1,International,Not Fraud
827233,3203.8,POS,Refund,BookMyShow,Kochi,Unknown,HDFC,7,26.55,1,2,International,Fraud
420619,36074.79,Wallet,Refund,PhonePe,Jaipur,Android,BOB,13,28.85,0,3,Domestic,Not Fraud
270460,4550.34,POS,Bill Payment,MakeMyTrip,Delhi,Windows,Axis,12,4.13,1,0,Domestic,Not Fraud
980777,656.82,POS,Recharge,Airtel,Lucknow,android,PNB,2,38.46,1,0,International,Not Fraud
851622,1978.1,ATM,Refund,Myntra,Hyderabad,Windows,Axis,3,12.19,1,0,International,Not Fraud
261332,2197.37,Wallet,Purchase,Airtel,Pune,Windows,Kotak,4,6.07,1,0,International,Not Fraud
517416,3406.09,NetBanking,Transfer,Amazon India,Patna,Android ,BOB,5,4.52,1,1,Domestic ,Not Fraud
880603,862.69,POS,Cash Withdrawal,Zomato,Indore,iPhone,ICICI,13,39.58,1,1,Domestic ,Not Fraud
525309,240.29,Card,Refund,,Delhi,Windows,PNB,15,4.7,0,1,Domestic,Not Fraud
907547,1160.71,NetBanking,Bill Payment,PhonePe,Ahmedabad,Mac,PNB,3,33.44,0,3,domestic,Not Fraud
760249,2452.44,Card,Purchase,Meesho,Pune,android,Canara,7,0.16,1,0,domestic,Not Fraud
660891," ₹1,716.80",Wallet,Bill Payment,Jio,Bhopal,Android ,Union Bank,15,23.87,1,1,International,Not Fraud
500347,782.4,UPI,Recharge,CRED,Delhi,android,Canara,13,14.61,0,0,domestic,Not Fraud
263787,2411.05,POS,Purchase,Google Pay,Hyderabad,android,ICICI,3,17.31,0,1,International,Not Fraud
341438,841.86,Card,Purchase,Airtel,Ahmedabad,Windows,Canara,13,9.79,1,3,Domestic,Not Fraud
480529,1517.21,POS,Purchase,Uber,,Mac,Union Bank,4,22.62,1,0,International,Not Fraud
918643,797.05,Card,Cash Withdrawal,CRED,Surat,Android,ICICI,4,25.82,0,2,domestic,Not Fraud
655827,3360.63,Card,Recharge,Paytm,Lucknow,Android ,ICICI,14,13.46,0,1,domestic,Not Fraud
718935,1498.39,UPI,Bill Payment,Google Pay,Hyderabad,Android ,HDFC,3,15.17,1,3,Domestic ,Not Fraud
218422,7953.35,POS,Cash Withdrawal,Google Pay,Delhi,Windows,ICICI,6,55.4,1,1,International,Not Fraud
162071,3974.5,ATM,Purchase,PhonePe,Surat,Android,Kotak,9,41.99,0,2,Domestic ,Not Fraud
589033,,UPI,Recharge,Swiggy,Patna,Unknown,BOB,12,37.84,1,1,Domestic,Not Fraud
816357,1152.62,Wallet,Cash Withdrawal,IRCTC,Chennai,Unknown,SBI,6,48.19,1,0,Domestic,Not Fraud
151751,4341.42,UPI,Cash Withdrawal,CRED,Patna,iPhone,BOB,12,18.85,1,2,Domestic ,Not Fraud
527793,4277.53,POS,Bill Payment,CRED,Mumbai,iPhone,Kotak,11,4.12,0,2,Domestic,Not Fraud
352465,1282.32,UPI,Refund,Airtel,Bengaluru,Android,BOB,12,58.09,0,1,International,Not Fraud
344062,6176.19,UPI,Bill Payment,BigBasket,Kochi,Mac,Kotak,1,28.05,0,3,Domestic,Not Fraud
784627,3446.83,UPI,Refund,SBI,Bhopal,Windows,Kotak,1,1.63,1,0,Domestic,Not Fraud
580688,5022.17,ATM,Bill Payment,CRED,Mumbai,iPhone,SBI,1,40.31,1,1,Domestic,Not Fraud
339016,4115.49,NetBanking,Purchase,CRED,Bhopal,Android,BOB,6,56.24,1,3,Domestic,Not Fraud
593756,1910.62,UPI,Purchase,Zomato,Surat,Android,HDFC,14,5.86,0,2,International,Not Fraud
672250,547.48,UPI,Transfer,Ajio,Delhi,android,Canara,11,59.31,1,1,domestic,Fraud
871105,1310.69,NetBanking,Cash Withdrawal,PhonePe,Ahmedabad,android,SBI,11,36.82,0,0,Domestic,Fraud
420763,1443.63,Card,Recharge,Zomato,Kochi,android,ICICI,12,4.7,1,1,domestic,Not Fraud
139348,16071.88,Wallet,Cash Withdrawal,SBI,Patna,iPhone,BOB,6,4.3,0,1,Domestic ,Not Fraud
739295,522.78,Wallet,Purchase,Meesho,Kochi,Mac,SBI,13,13.46,1,0,International,Not Fraud
258365,10378.73,Wallet,Refund,BigBasket,Bengaluru,Mac,ICICI,10,48.71,1,0,International,Fraud
787028,525.36,Wallet,Purchase,Swiggy,Hyderabad,android,Union Bank,11,56.77,1,3,Domestic ,Not Fraud
109004,4937.49,ATM,Cash Withdrawal,Flipkart,Indore,Android ,BOB,13,42.99,1,0,Domestic,Not Fraud
170809,825.67,POS,Bill Payment,Jio,Delhi,Android ,BOB,14,7.7,0,3,Domestic,Not Fraud
662665,5127.72,Wallet,Purchase,Razorpay,Bengaluru,Mac,Union Bank,4,24.84,1,0,International,Not Fraud
455457,1952.83,Wallet,Bill Payment,Airtel,Kochi,Mac,SBI,11,52.26,0,2,Domestic ,Not Fraud
514853,2737.79,Card,Cash Withdrawal,Paytm,Delhi,Unknown,Canara,8,57.1,0,2,Domestic,Not Fraud
250268,2170.88,Card,Purchase,MakeMyTrip,Kochi,Android,SBI,13,51.94,0,1,domestic,Not Fraud
373396,1467.9,POS,Cash Withdrawal,Zomato,Indore,Unknown,BOB,5,16.03,0,2,International,Fraud
139429,33401.45,Card,Refund,BookMyShow,Kolkata,iPhone,Canara,3,43.48,0,1,domestic,Not Fraud
387759,5482.44,Wallet,Recharge,Google Pay,Bhopal,Unknown,Axis,6,11.49,0,0,International,Not Fraud
559650,1969.4,POS,Transfer,BookMyShow,Ahmedabad,android,BOB,6,13.44,1,2,Domestic ,Not Fraud
790469,2342.56,Card,Recharge,Ajio,Kolkata,Windows,PNB,2,19.11,0,0,Domestic ,Not Fraud
892158,1853.31,ATM,Refund,Meesho,Kochi,Unknown,ICICI,10,13.19,1,2,Domestic,Not Fraud
369997,1293.21,Card,Cash Withdrawal,Google Pay,Pune,Unknown,BOB,5,36.47,1,0,International,Not Fraud
839733,1512.44,UPI,Cash Withdrawal,Amazon India,Pune,Windows,SBI,9,41.79,1,0,Domestic,Not Fraud
386653,21812.14,NetBanking,Recharge,SBI,Kolkata,Android,ICICI,13,5.31,0,1,Domestic ,Not Fraud
941514,6255.56,Wallet,Recharge,PhonePe,Lucknow,android,ICICI,1,26.65,1,3,Domestic ,Not Fraud
507949,678.94,POS,Refund,Flipkart,Bhopal,Android ,Axis,2,16.22,1,3,domestic,Not Fraud
814279,3531.83,NetBanking,Refund,Google Pay,Kolkata,Unknown,Axis,6,44.7,1,1,Domestic,Not Fraud
532347,6245.74,ATM,Refund,Amazon India,Lucknow,Mac,SBI,11,30.69,0,2,Domestic ,Fraud
106825,236.7,NetBanking,Bill Payment,PhonePe,Chennai,Android,Canara,13,7.75,0,3,domestic,Not Fraud
712521,1840.46,NetBanking,Bill Payment,BookMyShow,Kolkata,Mac,Kotak,11,58.12,0,3,domestic,YES
310645,1719.88,ATM,Bill Payment,Flipkart,Kochi,Windows,Kotak,10,39.73,0,0,Domestic ,Not Fraud
344678,6662.07,NetBanking,Cash Withdrawal,Meesho,Chennai,Android ,HDFC,5,39.12,1,1,Domestic,Not Fraud
503948,4040.41,Card,Transfer,Flipkart,Jaipur,android,Kotak,12,43.47,0,3,Domestic ,Fraud
457960,645.44,UPI,Recharge,BookMyShow,Indore,Android,Canara,15,24.46,1,1,Domestic,Not Fraud
883005,839.11,POS,Refund,Razorpay,Bengaluru,iPhone,HDFC,11,39.69,1,3,Domestic ,Not Fraud
207479,2210.19,Card,Refund,BigBasket,Chandigarh,Windows,Union Bank,7,50.54,0,2,domestic,Not Fraud
234822,1951.92,ATM,Recharge,Amazon India,Delhi,Unknown,Axis,5,28.75,0,0,domestic,Not Fraud
548201,1139.17,UPI,Purchase,SBI,Bengaluru,Mac,Canara,11,36.38,0,1,Domestic,Not Fraud
868365,5452.36,Card,Transfer,Amazon India,Surat,Windows,PNB,2,2.08,0,2,domestic,Not Fraud
658743,6897.72,ATM,Purchase,Ajio,Kochi,android,Axis,11,43.56,1,1,International,Yes
539727,4257.9,Card,Recharge,Ajio,Bhopal,android,Union Bank,11,51.12,1,2,domestic,Not Fraud
124136,315.57,Wallet,Recharge,Paytm,Kochi,android,ICICI,5,8.52,1,1,International,Not Fraud
240918,4753.91,POS,Recharge,CRED,Delhi,Windows,Canara,14,7.21,0,0,International,Not Fraud
546495,2809.52,UPI,Refund,Amazon India,Indore,Android,PNB,2,26.13,0,3,Domestic,Not Fraud
321483,,NetBanking,Recharge,CRED,Jaipur,Android ,SBI,15,14.49,0,2,Domestic ,Not Fraud
983373,3459.01,ATM,Purchase,Razorpay,Chennai,Android ,Canara,15,37.33,0,0,International,Not Fraud
178147,3154.23,NetBanking,Refund,MakeMyTrip,Lucknow,Unknown,Axis,7,49.49,0,0,Domestic,Not Fraud
134993,1501.92,Card,Cash Withdrawal,SBI,Jaipur,Android ,Axis,2,22.36,1,1,Domestic,Fraud
201993,3878.95,UPI,Cash Withdrawal,SBI,Lucknow,android,SBI,11,24.33,0,1,domestic,Not Fraud
707293,8432.18,ATM,Recharge,Paytm,Indore,iPhone,HDFC,2,41.65,1,3,Domestic ,Not Fraud
809778,3546.9,POS,Refund,Meesho,Bhopal,Unknown,SBI,11,31.91,0,2,domestic,No
694407,6162.48,Wallet,Transfer,Swiggy,Pune,Mac,SBI,11,41.3,1,1,Domestic,Fraud
639707,3957,UPI,Purchase,MakeMyTrip,Bengaluru,Android ,Axis,14,21.53,0,1,International,YES
795376,3419.18,ATM,Bill Payment,Airtel,Chennai,Mac,BOB,12,45.81,1,0,Domestic,Not Fraud
459438,1196.29,Wallet,Bill Payment,Zomato,Hyderabad,Android,Union Bank,15,45.45,1,0,International,Not Fraud
228516,1304.13,POS,Purchase,Swiggy,Mumbai,Android,ICICI,7,27.34,1,2,domestic,Not Fraud
376655,2030.28,Card,Bill Payment,Zomato,Lucknow,Mac,Axis,11,36.2,0,2,International,Yes
342675,,POS,Recharge,Amazon India,Indore,Unknown,Kotak,7,9.23,1,3,International,Not Fraud
456066,2133.5,NetBanking,Refund,Jio,Bengaluru,Unknown,Canara,6,5.56,1,2,domestic,Not Fraud
262441,1164.31,NetBanking,Cash Withdrawal,Meesho,Jaipur,iPhone,ICICI,10,4.66,1,1,Domestic ,Not Fraud
329302,5425.62,Wallet,Purchase,PhonePe,Hyderabad,Unknown,Kotak,1,53.03,1,0,International,Not Fraud
747145,1103.06,Card,Refund,Meesho,Chandigarh,Mac,SBI,3,44.37,1,3,Domestic,Not Fraud
116166,729.09,ATM,Bill Payment,Myntra,Kochi,Unknown,BOB,14,26.93,1,2,Domestic ,Not Fraud
765843,3407.27,Wallet,Bill Payment,SBI,Hyderabad,Android,Canara,3,7.78,0,0,International,Not Fraud
419328,,NetBanking,Recharge,Jio,Chennai,iPhone,Axis,4,12.81,1,0,Domestic ,Not Fraud
446556,4093.68,ATM,Purchase,Ajio,Delhi,Mac,HDFC,15,4.17,0,0,domestic,Not Fraud
935705,477.12,NetBanking,Transfer,Amazon India,Bhopal,Unknown,BOB,9,32.31,1,3,International,Not Fraud
163383,1900.15,NetBanking,Purchase,Swiggy,Kochi,Android ,Canara,3,44.02,1,2,International,Not Fraud
561929,1237.48,NetBanking,Purchase,BookMyShow,Bhopal,Unknown,HDFC,11,13.29,1,3,domestic,Not Fraud
226781,2297.37,Card,Recharge,Meesho,Hyderabad,Android ,HDFC,14,12.9,1,2,domestic,Not Fraud
913928,1497.66,Wallet,Refund,Uber,Delhi,Mac,PNB,15,15.81,0,3,International,Not Fraud
992619,966.41,Card,Bill Payment,Jio,Delhi,Windows,PNB,14,6.37,1,2,domestic,Not Fraud
698565,3191.67,Wallet,Refund,Meesho,Chennai,Windows,ICICI,7,2.61,0,3,domestic,YES
268605,13291.94,ATM,Cash Withdrawal,PhonePe,Kochi,Mac,ICICI,2,44.11,1,3,International,Not Fraud
175696,4388.56,POS,Recharge,MakeMyTrip,Surat,Android,Kotak,2,54.34,0,0,International,Not Fraud
931189,2079.37,Card,Purchase,Jio,Hyderabad,iPhone,Canara,3,53.45,1,0,domestic,Not Fraud
589457,820.42,UPI,Transfer,Uber,Delhi,Mac,HDFC,5,37.11,1,1,Domestic ,Not Fraud
223820,2470.58,POS,Cash Withdrawal,Meesho,Chandigarh,Android ,Axis,2,3.92,0,0,domestic,Not Fraud
376767,1031.8,Card,Purchase,Airtel,Chandigarh,Mac,Kotak,5,33.06,1,2,Domestic ,Not Fraud
802900,1743.49,Wallet,Refund,Paytm,Ahmedabad,Unknown,Canara,7,4.74,1,0,domestic,Fraud
134479,13489.72,UPI,Transfer,Google Pay,Delhi,Unknown,Canara,6,0.74,1,3,International,Not Fraud
435781,249.92,Wallet,Bill Payment,MakeMyTrip,Lucknow,Android,HDFC,13,23.64,0,1,International,Not Fraud
248931,6590.54,POS,Purchase,Razorpay,Kolkata,Mac,BOB,15,20.95,1,0,Domestic ,Not Fraud
114743,8177.53,Card,Recharge,Jio,Jaipur,Android ,Union Bank,8,35.16,0,1,domestic,Not Fraud
487155,4290.69,NetBanking,Cash Withdrawal,BigBasket,Kolkata,android,Union Bank,7,20.22,0,0,Domestic,Not Fraud
326408,925.3,ATM,Transfer,PhonePe,Delhi,iPhone,Canara,13,28.39,1,1,Domestic ,Not Fraud
358523,1148.04,NetBanking,Transfer,Google Pay,Surat,android,Canara,7,43.88,0,1,domestic,Not Fraud
132308,6317.95,ATM,Refund,Swiggy,Patna,Android,Union Bank,10,32.1,0,2,Domestic,Not Fraud
607903,4345.83,Card,Recharge,Jio,Chandigarh,iPhone,Kotak,3,11.2,0,0,domestic,Not Fraud
836426,550.73,Card,Bill Payment,Google Pay,Kochi,Unknown,HDFC,13,46.9,1,0,Domestic ,Not Fraud
636908,5086.35,POS,Transfer,Airtel,Kochi,Windows,BOB,2,12.81,0,0,Domestic ,Not Fraud
496589,24395.25,Wallet,Refund,Razorpay,Patna,iPhone,Union Bank,8,52.95,1,2,domestic,Not Fraud
819619,23332.37,Wallet,Transfer,Myntra,Delhi,Mac,Axis,2,50.87,0,3,Domestic,Not Fraud
237562,1491.08,Wallet,Transfer,Google Pay,Jaipur,Mac,ICICI,11,6.55,1,1,Domestic,Fraud
276466,3036.18,NetBanking,Recharge,Myntra,Delhi,Android,PNB,8,6.16,1,2,International,Not Fraud
305097,7088.77,NetBanking,Purchase,BookMyShow,Bengaluru,iPhone,HDFC,13,20.96,1,0,domestic,Not Fraud
677824,968.18,Card,Cash Withdrawal,Flipkart,Chennai,Android ,Union Bank,12,2.59,1,2,Domestic ,Not Fraud
538545,3279.34,UPI,Bill Payment,Jio,Kolkata,Mac,Axis,6,6.08,0,3,Domestic,Not Fraud
233225,19477.7,NetBanking,Cash Withdrawal,PhonePe,Ahmedabad,Windows,SBI,8,42.08,1,0,Domestic ,Not Fraud
247649,1659.06,ATM,Recharge,BigBasket,Mumbai,Windows,Canara,14,3.25,0,3,International,Not Fraud
250806,3594.41,POS,Cash Withdrawal,MakeMyTrip,Surat,Mac,Kotak,11,21.88,0,0,Domestic ,Not Fraud
462486,539.66,ATM,Transfer,Flipkart,Jaipur,android,Canara,8,25.15,0,2,Domestic,Not Fraud
548266,2948.12,UPI,Transfer,Airtel,Surat,iPhone,Union Bank,8,30.75,1,1,domestic,Not Fraud
382871,1268.02,Wallet,Cash Withdrawal,Meesho,Indore,iPhone,ICICI,4,29.32,1,1,Domestic ,Not Fraud
695717,609.3,Card,Bill Payment,SBI,Surat,Android ,PNB,9,36.96,0,2,Domestic ,Not Fraud
329993,4345.85,POS,Recharge,BookMyShow,Hyderabad,Windows,Axis,2,18.8,0,2,International,Not Fraud
802267,168.36,Wallet,Recharge,IRCTC,Lucknow,iPhone,PNB,12,29.14,1,0,International,Not Fraud
903789,366.88,POS,Purchase,Airtel,Chandigarh,Mac,SBI,14,57.98,0,2,Domestic,Not Fraud
893838,6687.27,NetBanking,Purchase,Ajio,Bengaluru,Android,Union Bank,12,12.72,0,0,International,Not Fraud
129270,1398.97,ATM,Bill Payment,Jio,Indore,Android,ICICI,5,36.83,1,2,Domestic ,Not Fraud
847576,1383.43,Card,Recharge,MakeMyTrip,Ahmedabad,android,Kotak,5,33.73,0,1,domestic,Not Fraud
608899,1912.05,POS,Bill Payment,Paytm,Delhi,Windows,Axis,11,29.09,0,1,domestic,Not Fraud
807958,3483.45,Wallet,Transfer,Razorpay,Pune,Android ,Axis,2,39.72,0,0,International,Not Fraud
791384,2417.26,UPI,Cash Withdrawal,Jio,Chennai,android,PNB,2,54.22,0,2,domestic,Not Fraud
461762,905.79,NetBanking,Transfer,Myntra,Mumbai,android,Union Bank,10,4.61,1,0,Domestic,Not Fraud
330874,431.4,ATM,Recharge,PhonePe,Surat,iPhone,HDFC,4,55.19,0,3,Domestic ,Not Fraud
128540,287.26,NetBanking,Recharge,BigBasket,Bhopal,Unknown,ICICI,2,0.2,0,2,domestic,Not Fraud
444148,7142.93,UPI,Transfer,Amazon India,Kochi,android,ICICI,10,36.78,0,2,domestic,Not Fraud
888932,10876.82,Card,Refund,Zomato,Jaipur,Android,SBI,15,35.89,0,2,Domestic ,Not Fraud
282749,390.07,Card,Cash Withdrawal,Zomato,Indore,iPhone,BOB,2,54.38,1,2,Domestic ,Not Fraud
134474,1016.87,ATM,Cash Withdrawal,Jio,Bhopal,Windows,ICICI,10,53.78,1,2,Domestic,Not Fraud
558194,1885.07,Card,Recharge,Uber,Patna,Windows,PNB,7,35.06,1,3,Domestic ,Not Fraud
984263,4669.97,POS,Bill Payment,Google Pay,Patna,android,HDFC,6,24.83,1,0,domestic,Fraud
838325,1285.17,UPI,Cash Withdrawal,BigBasket,Lucknow,android,SBI,13,49.15,0,2,Domestic,Not Fraud
113114,,POS,Refund,Amazon India,Kolkata,Android ,ICICI,3,34.89,1,2,Domestic ,Not Fraud
805613,639.15,NetBanking,Recharge,Google Pay,Kochi,Unknown,Canara,10,56.88,1,2,International,Not Fraud
250106,606.37,netbanking,Recharge,CRED,Bengaluru,Unknown,PNB,3,33.05,1,2,Domestic,Not Fraud
200976,7070.49,NetBanking,Transfer,PhonePe,Patna,Unknown,BOB,15,52.24,1,0,domestic,Not Fraud
404985,2956.42,POS,Refund,Amazon India,Delhi,Windows,PNB,6,36.07,1,1,Domestic,Not Fraud
840391,1493.26,Wallet,Purchase,Razorpay,Jaipur,Windows,Canara,6,18.72,1,0,Domestic,Not Fraud
668302,23897.89,ATM,Purchase,BigBasket,Mumbai,Mac,BOB,5,47.31,0,3,domestic,Not Fraud
364060,2789.66,POS,Cash Withdrawal,IRCTC,Chennai,Mac,HDFC,10,1.81,0,1,Domestic ,Not Fraud
374049,1058.69,ATM,Recharge,Jio,Jaipur,android,BOB,15,11.76,1,3,International,Not Fraud
794487,17293.39,ATM,Cash Withdrawal,Meesho,Chandigarh,Android ,SBI,12,51.32,0,0,International,Not Fraud
536479,893.12,Card,Purchase,BookMyShow,Bengaluru,Windows,Canara,4,14.82,1,0,Domestic,Not Fraud
535561,2233.18,POS,Purchase,Airtel,Ahmedabad,android,Canara,15,15.4,1,3,Domestic,Not Fraud
919125,1448.85,UPI,Bill Payment,Meesho,Kolkata,Android ,ICICI,11,49.77,0,0,International,Not Fraud
625161,20482.98,POS,Transfer,PhonePe,Chandigarh,Android,Axis,3,45.63,0,0,domestic,Not Fraud
239165,9174.95,Card,Cash Withdrawal,BigBasket,Bengaluru,Android,SBI,5,0.69,1,3,domestic,Not Fraud
495288,3171.84,POS,Refund,Flipkart,Surat,iPhone,HDFC,9,55.15,1,0,International,Not Fraud
613273,4802.75,NetBanking,Cash Withdrawal,SBI,Jaipur,Android ,ICICI,5,47.23,1,1,Domestic,Not Fraud
480742,,NetBanking,Purchase,Airtel,Bhopal,android,Kotak,8,18.64,0,2,domestic,Not Fraud
724901,2936.7,ATM,Bill Payment,Amazon India,Ahmedabad,Unknown,Axis,2,13.51,1,3,domestic,Not Fraud
899595,850.56,Wallet,Bill Payment,Jio,Hyderabad,Android ,ICICI,13,0.19,0,1,domestic,Not Fraud
347682,2086.99,UPI,Recharge,Swiggy,Lucknow,Mac,Canara,3,14.16,1,3,International,Not Fraud
908379,1234.3,ATM,Transfer,CRED,Kolkata,android,ICICI,13,22.24,0,0,domestic,Not Fraud
102170,4299.38,UPI,Recharge,Myntra,Jaipur,android,HDFC,7,15.39,0,2,domestic,Not Fraud
968173,643.82,Card,Purchase,Google Pay,Mumbai,Android ,Axis,11,58.27,0,0,Domestic,Not Fraud
241940,2034.69,UPI,Bill Payment,Myntra,Chandigarh,Android ,Kotak,2,54.65,0,2,Domestic ,Not Fraud
139129,22110.6,UPI,Transfer,Ajio,Kolkata,Unknown,Kotak,8,23.1,0,2,International,Not Fraud
797691,2745.61,UPI,Bill Payment,Flipkart,Delhi,Android,Kotak,14,7.67,0,3,International,Not Fraud
932743,574.44,NetBanking,Recharge,PhonePe,Chandigarh,iPhone,Kotak,2,44.73,1,2,Domestic,Not Fraud
261722,2374.52,NetBanking,Transfer,Swiggy,Hyderabad,android,Union Bank,7,9.26,1,0,domestic,Not Fraud
392102,4305.66,Card,Bill Payment,Airtel,Kolkata,Unknown,BOB,8,22.63,0,3,Domestic,Not Fraud
986060,6197.97,POS,Transfer,Myntra,Lucknow,android,Canara,3,10.13,1,3,Domestic,Not Fraud
733642,2711.5,Card,Bill Payment,Flipkart,Kolkata,Windows,BOB,8,31.99,1,2,International,Not Fraud
732272,1241.57,ATM,Purchase,Swiggy,Ahmedabad,Mac,BOB,6,11.19,0,0,domestic,Not Fraud
652916,598.69,Wallet,Cash Withdrawal,Meesho,Delhi,Unknown,Union Bank,12,44.93,1,1,Domestic ,Fraud
417969,2605.6,POS,Bill Payment,IRCTC,Jaipur,Mac,Kotak,4,23.14,0,3,domestic,Not Fraud
655682,2315.56,POS,Transfer,Ajio,Patna,android,PNB,1,32.65,1,3,domestic,Not Fraud
935500,971.9,ATM,Bill Payment,BookMyShow,Chennai,Unknown,ICICI,10,57.68,1,3,International,Not Fraud
946198,2683.07,UPI,Purchase,BigBasket,Ahmedabad,Unknown,Axis,7,16.49,0,3,International,Not Fraud
298808,2937.21,UPI,Refund,IRCTC,Ahmedabad,Mac,Union Bank,15,2.13,0,3,Domestic,Not Fraud
569165,194.31,POS,Refund,Paytm,Chandigarh,iPhone,HDFC,6,36.62,1,2,Domestic ,Not Fraud
517572,552.06,NetBanking,Refund,SBI,Mumbai,Android,Canara,7,44.65,0,0,Domestic ,Not Fraud
836347," ₹1,526.02",UPI,Purchase,Zomato,Mumbai,android,ICICI,7,33.62,0,0,domestic,Not Fraud
395292,2394.67,ATM,Cash Withdrawal,BigBasket,Mumbai,Android,BOB,10,18.36,0,3,International,Not Fraud
120720,4239.85,ATM,Cash Withdrawal,Zomato,Bhopal,Windows,Canara,14,46.99,1,2,domestic,Not Fraud
102069,1586.07,POS,Bill Payment,Airtel,Chennai,Android,Union Bank,15,10.32,0,2,International,Not Fraud
745515,1666.2,Wallet,Transfer,Paytm,Hyderabad,Mac,SBI,13,38.29,0,1,Domestic,Not Fraud
553402,1363.82,Card,Purchase,MakeMyTrip,Chandigarh,iPhone,Canara,4,1.97,1,3,Domestic ,Fraud
849491,1713.35,ATM,Recharge,Uber,Patna,android,HDFC,8,7.47,1,2,domestic,Not Fraud
646438,20659.64,UPI,Bill Payment,Zomato,Kochi,iPhone,Axis,15,50.95,0,1,International,Not Fraud
161449,1826.29,Wallet,Bill Payment,SBI,Lucknow,android,BOB,4,53.54,0,0,International,Not Fraud
639696,1006.53,NetBanking,Transfer,Paytm,Kolkata,iPhone,Axis,13,9.8,0,3,domestic,Not Fraud
108419,4141.48,Card,Purchase,BigBasket,Kochi,android,HDFC,2,54.86,0,0,Domestic,Not Fraud
494655,742.96,NetBanking,Bill Payment,Zomato,Bengaluru,iPhone,Union Bank,4,53.91,1,2,Domestic,Not Fraud
611832,11859.73,UPI,Purchase,Flipkart,Bengaluru,Android,Kotak,4,8.39,0,3,domestic,Not Fraud
191979," ₹1,881.36",POS,Transfer,BigBasket,Kolkata,Unknown,ICICI,5,14.86,0,3,domestic,Not Fraud
369774,2102.86,Wallet,Recharge,IRCTC,Lucknow,Android ,Axis,12,22.95,0,2,International,Not Fraud
612302,8990.75,POS,Purchase,Uber,Surat,iPhone,PNB,15,20.23,1,1,domestic,Not Fraud
767081,10823.53,NetBanking,Purchase,Uber,Indore,Windows,Kotak,10,36.7,0,0,Domestic ,Not Fraud
866489,1364.74,Wallet,Transfer,BigBasket,Bhopal,Android ,BOB,14,0.6,0,2,domestic,Not Fraud
613274,4692.83,Wallet,Transfer,Zomato,Pune,Android ,PNB,13,2.01,0,0,Domestic,Not Fraud
598699,2095.27,NetBanking,Bill Payment,Zomato,Kolkata,android,HDFC,2,27.51,0,1,domestic,Not Fraud
924234,5458.39,NetBanking,Cash Withdrawal,Airtel,Kolkata,Unknown,ICICI,5,12.03,0,0,Domestic ,Not Fraud
561099,4191.06,POS,Bill Payment,MakeMyTrip,Chandigarh,Android ,ICICI,13,8.29,1,2,Domestic,Not Fraud
315441,3641.07,POS,Bill Payment,Razorpay,Surat,Mac,Kotak,2,45.97,0,0,domestic,Not Fraud
875635,2442.53,UPI,Refund,BigBasket,Delhi,Unknown,SBI,2,33.04,0,1,Domestic,Not Fraud
131095,574.44,Wallet,Bill Payment,Meesho,Lucknow,Android,PNB,1,27.91,1,2,Domestic ,Not Fraud
353991,793.88,NetBanking,Transfer,Meesho,Hyderabad,android,HDFC,12,26.07,0,2,Domestic ,Not Fraud
474471,2234.63,NetBanking,Cash Withdrawal,BigBasket,Kochi,Android,BOB,1,30.98,1,1,Domestic ,Not Fraud
978532,2284.03,Wallet,Bill Payment,Ajio,Jaipur,android,HDFC,5,11.81,1,2,International,Not Fraud
845458," ₹9,500.13",ATM,Refund,BigBasket,Hyderabad,Mac,Axis,11,34.95,0,3,Domestic,Not Fraud
541432,2598.77,Wallet,Cash Withdrawal,Zomato,Chennai,Unknown,PNB,12,0.58,0,3,Domestic ,Not Fraud
557686,737.62,POS,Recharge,Myntra,Ahmedabad,Unknown,HDFC,6,47.64,0,3,Domestic ,Not Fraud
643870,2001.72,POS,Bill Payment,Myntra,Patna,Mac,PNB,15,7.74,1,3,domestic,Not Fraud
296953,982.41,Card,Purchase,MakeMyTrip,Kolkata,Mac,Axis,4,17.07,0,3,domestic,Not Fraud
744654,3508.93,Wallet,Refund,Uber,Surat,Android ,Kotak,9,39.61,0,1,domestic,Not Fraud
438917,1483.52,NetBanking,Refund,Uber,Pune,Android,BOB,12,25.15,1,1,Domestic ,Not Fraud
750927,1482.41,POS,Purchase,Google Pay,Ahmedabad,android,SBI,8,25.35,1,2,Domestic ,Not Fraud
816911,9678.96,Wallet,Bill Payment,BookMyShow,Chandigarh,Mac,Kotak,9,15.19,1,0,Domestic,Not Fraud
201128,693.52,Wallet,Transfer,Flipkart,Chennai,iPhone,HDFC,14,56.78,1,3,Domestic ,Not Fraud
406470,1940.44,POS,Refund,SBI,Chandigarh,Android ,PNB,14,35.97,1,2,Domestic ,Not Fraud
239352,646.34,POS,Purchase,Zomato,Indore,Android ,Union Bank,13,29.64,1,3,Domestic ,Not Fraud
374231," ₹3,231.71",Card,Refund,Flipkart,Surat,Mac,Axis,2,5.89,0,0,Domestic ,Not Fraud
719276,1216.41,UPI,Purchase,Swiggy,Patna,iPhone,Union Bank,8,3.32,1,1,Domestic ,Not Fraud
226345,1850.39,Card,Cash Withdrawal,Airtel,Lucknow,Windows,HDFC,6,44.49,0,2,domestic,Not Fraud
857947,441.61,UPI,Purchase,Google Pay,Kolkata,android,Canara,4,13.14,0,2,International,Not Fraud
286285,2817.17,Wallet,Cash Withdrawal,Ajio,Bengaluru,iPhone,Kotak,2,2.2,0,3,International,Not Fraud
387772,3620.95,NetBanking,Cash Withdrawal,Razorpay,Chandigarh,Android,Axis,10,23.43,0,3,domestic,Not Fraud
636366,1183.23,POS,Cash Withdrawal,Meesho,Patna,Unknown,ICICI,6,41.81,1,3,Domestic,Not Fraud
872338,12856.17,pos,Refund,Ajio,Mumbai,Mac,SBI,5,18.43,0,3,domestic,Not Fraud
776891,763.62,NetBanking,Bill Payment,Razorpay,Surat,Mac,HDFC,12,49.44,1,3,domestic,Not Fraud
924317,1094.77,Wallet,Refund,Amazon India,Chandigarh,Unknown,Axis,14,17.29,1,3,domestic,Not Fraud
491592,2225.73,UPI,Transfer,IRCTC,Bengaluru,Windows,BOB,12,45.65,1,2,domestic,Not Fraud
162273,1975.95,Wallet,Cash Withdrawal,Google Pay,Chennai,iPhone,Canara,8,57.71,0,0,International,Not Fraud
893597,7725.48,POS,Recharge,SBI,Ahmedabad,Unknown,BOB,13,47.36,0,1,International,Not Fraud
497298,2840.86,Wallet,Recharge,Jio,Chennai,Unknown,HDFC,6,10.91,0,1,domestic,Not Fraud
725820,8862.34,Wallet,Purchase,IRCTC,Indore,iPhone,Union Bank,7,1.93,0,1,domestic,Not Fraud
945715,12593.51,POS,Transfer,CRED,Patna,iPhone,Union Bank,13,32.34,1,3,International,Not Fraud
545085,2336.75,NetBanking,Purchase,Paytm,Ahmedabad,Mac,PNB,3,58.48,0,3,Domestic,Not Fraud
291351,4254.06,ATM,Purchase,BigBasket,Patna,Android,Axis,5,28.08,0,2,Domestic ,Not Fraud
752125,3920.61,POS,Recharge,PhonePe,Lucknow,Android ,PNB,13,35.37,1,3,International,No
386488," ₹16,459.44",NetBanking,Purchase,SBI,Jaipur,Android,Kotak,4,50.2,1,1,Domestic ,Not Fraud
497266,1144.53,POS,Transfer,IRCTC,Kochi,Mac,ICICI,12,40.53,1,1,International,Not Fraud
364392,2185.97,Wallet,Cash Withdrawal,SBI,Patna,android,BOB,6,14.5,1,0,Domestic,Not Fraud
463217,4688.74,UPI,Recharge,BigBasket,Mumbai,Android,HDFC,15,34.15,0,1,domestic,Not Fraud
521555,1923.96,ATM,Purchase,Google Pay,Lucknow,Unknown,Axis,10,36.02,0,0,International,Not Fraud
531177," ₹3,116.65",POS,Bill Payment,SBI,Patna,Android ,HDFC,15,6.81,0,1,Domestic ,Not Fraud
731763,2210.62,Wallet,Transfer,Meesho,Ahmedabad,Unknown,,13,34.87,1,1,International,Not Fraud
864996,1241.95,UPI,Recharge,Zomato,Pune,Unknown,HDFC,9,21.3,1,2,domestic,Not Fraud
635138,2462.99,Wallet,Purchase,BookMyShow,Lucknow,Windows,ICICI,8,18.43,1,0,domestic,Not Fraud
917943," ₹22,815.67",POS,Purchase,BigBasket,Jaipur,Windows,PNB,11,46.74,0,2,Domestic,Fraud
943502,6530.54,NetBanking,Bill Payment,Meesho,Mumbai,Unknown,PNB,8,34.42,0,0,domestic,Not Fraud
385202,554.17,Card,Recharge,Amazon India,Bhopal,Android,HDFC,8,4.37,1,1,domestic,Not Fraud
663338,2793.36,Card,Refund,Paytm,Kochi,Mac,Union Bank,4,5.95,1,2,International,Not Fraud
534038,1446.82,NetBanking,Cash Withdrawal,Jio,Chennai,Android ,PNB,13,31.94,1,0,Domestic,Not Fraud
449197,2914.96,UPI,Purchase,Jio,Chandigarh,Windows,HDFC,8,32.47,0,3,Domestic ,Not Fraud
725603,8508.03,ATM,Refund,Jio,Hyderabad,unknown,HDFC,11,35.68,1,0,Domestic ,Not Fraud
620388,7511.18,ATM,Refund,Airtel,Lucknow,Windows,PNB,7,26.07,1,0,International,Not Fraud
267951,217.35,Wallet,Refund,SBI,Lucknow,Windows,HDFC,9,31.05,1,1,domestic,Not Fraud
597886,1675.5,UPI,Cash Withdrawal,Jio,Pune,Android ,HDFC,4,17.9,1,1,Domestic ,Not Fraud
953466,4993.18,Wallet,Bill Payment,Myntra,Kolkata,Unknown,Union Bank,5,39.73,0,1,domestic,Not Fraud
949359,1081.12,Card,Recharge,IRCTC,Chandigarh,Unknown,BOB,14,3.43,0,1,domestic,Not Fraud
985938,1370.73,NetBanking,Recharge,IRCTC,Indore,Android,BOB,13,5.32,1,0,Domestic ,Yes
180314,1337.41,Card,Cash Withdrawal,Jio,Hyderabad,Android,HDFC,6,52.88,0,1,Domestic ,Not Fraud
788901,527.56,ATM,Purchase,SBI,Mumbai,Android,Canara,5,54.23,0,2,domestic,Fraud
645742,3664.18,Card,Transfer,BookMyShow,Delhi,Mac,BOB,9,53.11,1,2,International,Not Fraud
739848,13103,UPI,Refund,BigBasket,Mumbai,Android ,SBI,10,2.95,0,3,International,Not Fraud
780513,2054.4,Wallet,Cash Withdrawal,Paytm,Kolkata,iPhone,Axis,7,53.45,1,0,domestic,Not Fraud
906215,1558.55,NetBanking,Bill Payment,Flipkart,Pune,Unknown,Axis,5,50.62,0,1,domestic,Not Fraud
993867,1202.2,ATM,Cash Withdrawal,Myntra,Kochi,Unknown,Kotak,7,17.53,0,0,International,Fraud
745938,1572.37,Card,Transfer,Myntra,Kolkata,Unknown,Union Bank,4,32.31,1,2,domestic,Not Fraud
638011,943.08,Card,Cash Withdrawal,SBI,Jaipur,Unknown,Canara,11,53.25,1,3,International,Not Fraud
616961,1726.89,UPI,Transfer,Swiggy,Chennai,iPhone,Axis,6,47.18,1,1,Domestic,Not Fraud
325580,207.0,Wallet,Cash Withdrawal,SBI,Ahmedabad,Windows,Union Bank,1,37.43,0,2,International,Not Fraud
475325,7523.7,Wallet,Recharge,CRED,Mumbai,Mac,ICICI,8,46.79,1,0,Domestic,Not Fraud
203517,4230.34,NetBanking,Purchase,Myntra,Hyderabad,Windows,BOB,5,58.57,0,3,International,Not Fraud
949137,1312.12,NetBanking,Cash Withdrawal,SBI,Hyderabad,Windows,Canara,1,45.97,0,0,domestic,Not Fraud
839979,669.2,Wallet,Bill Payment,Jio,Surat,iPhone,BOB,4,5.28,1,3,Domestic,Not Fraud
325724,704.9,ATM,Refund,CRED,Chandigarh,Android ,ICICI,6,25.83,0,1,Domestic,Fraud
697152,2478.04,Wallet,Recharge,Ajio,Patna,Android ,BOB,11,7.49,1,3,domestic,Not Fraud
912834,1264.71,Card,Transfer,Airtel,Pune,Mac,Axis,14,35.63,1,3,Domestic ,Not Fraud
584083,7182.61,UPI,Purchase,Swiggy,Kolkata,Mac,BOB,4,47.24,1,2,domestic,Not Fraud
706303,1348.46,UPI,Bill Payment,BookMyShow,Chennai,Android ,BOB,13,19.91,1,3,International,Fraud
637058,1385.4,NetBanking,Bill Payment,Myntra,Hyderabad,iPhone,Union Bank,2,33.14,1,0,Domestic,Not Fraud
386007,,UPI,Refund,Amazon India,Indore,Unknown,HDFC,12,9.78,1,1,Domestic ,Not Fraud
662947,844.43,Card,Bill Payment,Uber,Kolkata,Android ,Axis,2,27.27,1,1,domestic,Not Fraud
207066,15103.24,POS,Recharge,CRED,Kochi,iPhone,ICICI,3,9.23,1,3,Domestic,Not Fraud
819625,6192.03,ATM,Refund,Razorpay,Kochi,android,SBI,6,37.4,0,3,domestic,Not Fraud
601846,1952.58,ATM,Cash Withdrawal,MakeMyTrip,Mumbai,Mac,SBI,15,20.8,1,1,domestic,Not Fraud
347349,307.61,Card,Cash Withdrawal,Airtel,Kolkata,android,BOB,2,55.39,1,0,Domestic ,Not Fraud
426297,3255.39,NetBanking,Recharge,Razorpay,Mumbai,iPhone,SBI,12,34.15,0,0,domestic,Not Fraud
440927,1457.96,POS,Refund,Swiggy,Surat,iPhone,Kotak,11,13.06,1,2,International,Not Fraud
100129,6235.03,Wallet,Transfer,MakeMyTrip,Surat,Mac,Axis,11,23.31,0,3,domestic,Not Fraud
621612,10306.03,NetBanking,Transfer,Meesho,Kochi,Windows,SBI,11,1.35,0,2,Domestic,Not Fraud
374202,3105.58,Wallet,Transfer,BookMyShow,Kolkata,Windows,HDFC,11,18.87,1,1,Domestic ,Not Fraud
331314,9559.38,Wallet,Recharge,BigBasket,Kolkata,Android ,,3,29.34,0,0,Domestic ,Not Fraud
229166,3823.85,ATM,Bill Payment,MakeMyTrip,Hyderabad,Windows,HDFC,7,44.37,0,2,domestic,Not Fraud
486515,548.32,Wallet,Purchase,BigBasket,Surat,Unknown,Kotak,10,10.27,0,1,domestic,Not Fraud
977603,14890.59,ATM,Refund,Flipkart,Pune,Android,Axis,14,43.78,0,0,International,Not Fraud
147930,979.74,ATM,Refund,Zomato,Surat,android,ICICI,13,12.36,1,1,International,Not Fraud
678074,3039.89,ATM,Transfer,Ajio,Chandigarh,Unknown,Union Bank,8,23.46,1,1,International,Not Fraud
262764,3448.81,Wallet,Bill Payment,Uber,Hyderabad,Windows,Kotak,14,1.49,0,2,domestic,Not Fraud
713429,595.23,ATM,Purchase,Paytm,Bengaluru,Android,SBI,2,59.98,0,0,Domestic,Not Fraud
981317,2707.73,Wallet,Bill Payment,Razorpay,Jaipur,android,SBI,10,10.05,0,1,domestic,Not Fraud
220229,3649.82,Card,Bill Payment,Myntra,Patna,Android ,SBI,15,39.32,1,1,International,Not Fraud
234876,975.71,UPI,Cash Withdrawal,Ajio,Ahmedabad,Android,ICICI,6,55.87,0,2,Domestic,Not Fraud
817884,2171.95,NetBanking,Recharge,CRED,Patna,Android ,Kotak,15,37.22,0,0,International,Not Fraud
238038,10647.47,POS,Bill Payment,MakeMyTrip,Hyderabad,Android,Union Bank,4,45.98,1,1,domestic,Not Fraud
619232,1782.07,UPI,Refund,IRCTC,Hyderabad,Unknown,Axis,14,23.01,0,1,Domestic ,Not Fraud
565175,686.59,ATM,Recharge,Swiggy,Kochi,android,HDFC,12,2.84,0,0,domestic,Not Fraud
387341,717.78,POS,Refund,Uber,Kolkata,Windows,HDFC,13,17.8,1,3,domestic,Not Fraud
799001,1776.07,UPI,Recharge,CRED,Kochi,Unknown,Axis,2,11.97,0,1,Domestic,Not Fraud
132460,1534.9,POS,Bill Payment,CRED,Jaipur,Mac,Union Bank,15,36.0,1,1,domestic,Not Fraud
279442,8523.73,Card,Bill Payment,Google Pay,Jaipur,android,SBI,2,47.47,1,1,Domestic ,Not Fraud
832698,2797.64,NetBanking,Transfer,Myntra,Chandigarh,Android,HDFC,13,23.48,1,1,Domestic ,Not Fraud
266654,23359.18,NetBanking,Cash Withdrawal,Uber,Delhi,Android ,SBI,14,25.05,1,2,Domestic ,Not Fraud
822222,663.97,Wallet,Purchase,Swiggy,Hyderabad,android,ICICI,11,1.16,1,1,domestic,Not Fraud
464083,2657.58,NetBanking,Cash Withdrawal,BookMyShow,Indore,iPhone,HDFC,14,49.51,1,0,Domestic ,Not Fraud
229890,9326.56,NetBanking,Transfer,IRCTC,Jaipur,iPhone,Canara,12,41.43,0,1,International,Not Fraud
674900,5871.67,ATM,Bill Payment,Zomato,Mumbai,Android ,SBI,8,2.33,0,2,Domestic,Not Fraud
296802,5551.67,UPI,Transfer,Meesho,Hyderabad,android,Union Bank,7,8.07,1,0,Domestic ,Not Fraud
385279,129.51,NetBanking,Refund,Razorpay,Patna,iPhone,Kotak,12,32.46,1,0,domestic,Not Fraud
963045,1545.48,UPI,Bill Payment,Airtel,Chandigarh,android,SBI,9,4.91,1,3,domestic,Not Fraud
678925,2906.29,UPI,Purchase,Amazon India,Kolkata,Windows,Axis,15,44.85,0,2,Domestic,Not Fraud
353648,2036.99,Card,Cash Withdrawal,Myntra,Patna,iPhone,Axis,5,19.18,1,2,Domestic ,Not Fraud
740507,10292.41,UPI,Purchase,Paytm,Kochi,Mac,Canara,11,55.67,1,3,Domestic ,Not Fraud
756238,2865.36,NetBanking,Cash Withdrawal,Airtel,Kolkata,Mac,BOB,10,2.12,0,2,Domestic ,Not Fraud
621009,7589.79,NetBanking,Cash Withdrawal,Jio,Bengaluru,Windows,BOB,6,26.08,0,0,International,Not Fraud
130274,4252.76,Card,Refund,Zomato,Mumbai,Mac,Axis,11,27.44,0,1,International,Not Fraud
899431,4061.27,Wallet,Bill Payment,SBI,Chandigarh,Mac,BOB,5,30.37,0,3,Domestic,Not Fraud
710031,1968.54,POS,Bill Payment,MakeMyTrip,Kochi,Android ,BOB,3,16.69,1,1,domestic,Not Fraud
171260,10427.89,Card,Bill Payment,Paytm,Chandigarh,iPhone,HDFC,5,17.15,1,3,Domestic ,Not Fraud
287753,6914.25,UPI,Recharge,Meesho,Bengaluru,iPhone,Canara,8,29.24,1,0,Domestic ,Not Fraud
319406,2338.12,Card,Refund,Amazon India,Surat,Android,PNB,5,46.32,1,0,Domestic ,Not Fraud
551064,1648.23,Card,Recharge,SBI,Chennai,Android ,Canara,11,30.59,1,0,domestic,Not Fraud
492227,2092.31,Wallet,Bill Payment,Airtel,Hyderabad,Android,ICICI,6,9.34,1,3,Domestic ,Not Fraud
186259,1024,Card,Purchase,Zomato,Kochi,iPhone,Axis,12,16.75,0,0,domestic,Not Fraud
676503,4952.38,POS,Transfer,MakeMyTrip,Chennai,iPhone,Axis,13,49.42,0,3,Domestic ,Not Fraud
547733,945,NetBanking,Transfer,Paytm,Chandigarh,Mac,Canara,3,28.5,0,3,Domestic,Not Fraud
157311,222.77,ATM,Purchase,SBI,Mumbai,Android ,BOB,14,25.06,1,2,Domestic ,Not Fraud
281148,2997.98,Card,Refund,Meesho,Chennai,Android,Kotak,8,18.41,0,0,Domestic,Not Fraud
489849,2232.21,UPI,Transfer,Airtel,Bhopal,Android ,Axis,2,36.91,0,1,International,Not Fraud
319007,5060.71,NetBanking,Bill Payment,CRED,Lucknow,Unknown,Axis,3,13.17,0,2,domestic,Not Fraud
183812,10019.09,Card,Bill Payment,Google Pay,Patna,Android,BOB,3,21.41,1,1,International,Not Fraud
854594,2435.61,UPI,Purchase,BookMyShow,Patna,Android ,Canara,11,49.05,0,2,domestic,Not Fraud
264955,308.54,UPI,Bill Payment,Zomato,Ahmedabad,Android,BOB,7,48.28,1,3,International,Not Fraud
814354,1847.63,ATM,Recharge,Jio,Pune,Android,PNB,3,41.73,1,2,Domestic,Not Fraud
848748,,Card,Recharge,Myntra,Kochi,Unknown,Union Bank,11,18.52,1,0,Domestic ,Not Fraud
926495,3141.56,,Refund,PhonePe,Jaipur,Android ,Axis,1,10.41,0,0,Domestic ,Not Fraud
116261,1665.14,POS,Recharge,Flipkart,Bhopal,Windows,Union Bank,14,5.62,1,1,domestic,Not Fraud
627075,12830.99,ATM,Bill Payment,CRED,Bhopal,Android,SBI,6,27.78,1,0,International,Not Fraud
985326,5233.23,UPI,Refund,IRCTC,Pune,Mac,Canara,15,16.6,0,3,domestic,Not Fraud
118189,1553.97,POS,Recharge,CRED,Jaipur,Android ,HDFC,1,56.08,0,0,International,Not Fraud
604240,1054.49,Wallet,Transfer,Paytm,Kolkata,iPhone,ICICI,7,46.85,0,1,International,Not Fraud
993859,670.37,ATM,Purchase,Swiggy,Patna,Mac,SBI,2,31.83,1,1,domestic,Fraud
764125,3867.39,UPI,Cash Withdrawal,IRCTC,Delhi,Windows,BOB,6,40.6,0,0,Domestic ,Fraud
507017,2042.35,Card,Cash Withdrawal,Paytm,Chennai,Android ,SBI,9,55.98,1,0,Domestic,Not Fraud
592763,524.58,UPI,Recharge,Myntra,Lucknow,Unknown,Axis,14,48.61,1,1,International,Not Fraud
506918,1478.39,Wallet,Recharge,Ajio,Kolkata,Android,Axis,3,38.87,1,3,domestic,Not Fraud
981628," ₹5,911.13",POS,Recharge,Zomato,Lucknow,Android,BOB,2,5.19,0,1,Domestic,Not Fraud
241177,1252.97,ATM,Transfer,PhonePe,Surat,Mac,BOB,9,37.81,1,0,Domestic ,Not Fraud
454766,3828.51,ATM,Transfer,Myntra,Jaipur,Mac,SBI,13,20.65,0,0,Domestic,Not Fraud
464891,2626.27,POS,Recharge,Uber,Jaipur,iPhone,HDFC,14,14.03,0,0,International,Not Fraud
573870,5712.88,POS,Recharge,IRCTC,Pune,Android ,HDFC,11,5.72,0,1,domestic,Not Fraud
966295,1772.29,Wallet,Bill Payment,Meesho,Bengaluru,Android ,Union Bank,2,13.74,0,1,Domestic,Fraud
495751,6492.54,POS,Cash Withdrawal,BookMyShow,Chennai,Android,ICICI,2,31.11,1,3,Domestic,Not Fraud
224466,3462.96,Wallet,Refund,Flipkart,Chandigarh,Windows,HDFC,10,11.19,0,1,International,Not Fraud
694048,5644.92,ATM,Cash Withdrawal,IRCTC,Bengaluru,Mac,BOB,14,9.55,1,3,Domestic,Not Fraud
586516,4688.36,NetBanking,Recharge,Jio,Patna,Unknown,Canara,8,26.08,0,0,Domestic,Not Fraud
622985,4331.0,Wallet,Transfer,Razorpay,Ahmedabad,iPhone,Kotak,9,30.06,1,3,Domestic,Not Fraud
638921,7790.21,NetBanking,Transfer,BookMyShow,Bengaluru,iPhone,ICICI,13,26.38,0,0,International,Fraud
860861,13909.65,Wallet,Recharge,Flipkart,Pune,Mac,Union Bank,2,49.97,0,3,International,Not Fraud
908754,1113.77,Wallet,Refund,MakeMyTrip,Lucknow,Android,BOB,3,17.66,1,3,International,Not Fraud
358570,1055.4,Wallet,Purchase,Google Pay,Kolkata,Mac,Union Bank,3,50.85,1,3,Domestic ,Not Fraud
800796,,NetBanking,Cash Withdrawal,Flipkart,Kolkata,Android ,HDFC,1,9.08,0,1,Domestic,Not Fraud
975996,1703.46,POS,Bill Payment,PhonePe,Chandigarh,Android,HDFC,6,21.92,1,0,International,Not Fraud
309514,6793.55,NetBanking,Refund,Jio,Bengaluru,Android ,BOB,4,30.8,1,3,domestic,Not Fraud
985181,1409.19,UPI,Bill Payment,CRED,Bengaluru,Android,Axis,13,37.56,1,3,Domestic,Not Fraud
141184,868.85,UPI,Transfer,Google Pay,Mumbai,Unknown,PNB,15,22.78,0,1,domestic,Not Fraud
202770,718.03,UPI,Bill Payment,CRED,Kolkata,android,Axis,10,48.07,0,2,Domestic,Not Fraud
883064,1706.41,Card,Bill Payment,IRCTC,Bhopal,android,Axis,13,7.27,0,2,Domestic,Not Fraud
815113,5372.01,ATM,Transfer,SBI,Pune,Android,Kotak,12,34.43,0,3,Domestic,Not Fraud
471247,4902.1,NetBanking,Transfer,CRED,Indore,iPhone,Union Bank,12,49.76,0,2,Domestic,Not Fraud
493629,9888.67,ATM,Recharge,Swiggy,Kolkata,Android ,ICICI,3,35.91,0,1,Domestic ,Not Fraud
683231,14141.57,Card,Bill Payment,IRCTC,Chennai,iPhone,ICICI,12,12.97,0,1,domestic,Not Fraud
135263,2520.69,POS,Bill Payment,CRED,Kochi,Android,Axis,7,41.51,0,2,International,Not Fraud
831241,885.76,POS,Recharge,Razorpay,Hyderabad,Windows,PNB,10,27.03,1,2,Domestic ,Fraud
230979,842.7,NetBanking,Refund,Zomato,Mumbai,android,BOB,5,36.8,1,3,International,Not Fraud
686860,8952.46,POS,Bill Payment,Amazon India,Ahmedabad,Android ,BOB,14,2.92,0,0,Domestic ,Not Fraud
321857,3066.22,Card,Purchase,Zomato,Kolkata,Windows,Kotak,1,43.81,1,1,Domestic,Not Fraud
343303,736.59,Wallet,Recharge,Airtel,Ahmedabad,Unknown,Kotak,3,50.46,1,0,Domestic,Not Fraud
703879,2052.61,Wallet,Bill Payment,IRCTC,Surat,Unknown,BOB,3,57.33,0,2,Domestic,Not Fraud
491412,481.95,UPI,Recharge,Uber,Kochi,Unknown,Kotak,10,53.89,0,3,domestic,Not Fraud
691786,2118.39,UPI,Bill Payment,IRCTC,Hyderabad,android,BOB,15,41.14,1,3,Domestic ,Not Fraud
146627,13048.74,ATM,Purchase,Ajio,Surat,android,Kotak,8,59.09,0,0,International,Not Fraud
215574,2797.71,NetBanking,Bill Payment,Jio,Bengaluru,android,Union Bank,11,38.98,0,3,Domestic,Not Fraud
804028,204.95,ATM,Bill Payment,SBI,Surat,android,HDFC,10,20.21,1,1,International,Not Fraud
272623,1505.67,NetBanking,Recharge,Swiggy,Mumbai,Android,Union Bank,3,16.49,1,1,International,Not Fraud
218268,3404.21,POS,Refund,Meesho,Chandigarh,Unknown,PNB,6,17.17,0,3,Domestic,Not Fraud
743012,814.43,NetBanking,Recharge,Flipkart,Jaipur,Unknown,SBI,9,5.69,0,1,International,Not Fraud
163106,4524.49,UPI,Bill Payment,Amazon India,Indore,Mac,SBI,7,26.9,0,0,Domestic ,Fraud
983149,1540.7,POS,Bill Payment,Razorpay,Lucknow,Mac,PNB,12,26.13,1,2,International,Not Fraud
804248,2391.0,POS,Refund,Ajio,Mumbai,Android,Union Bank,4,10.63,0,3,Domestic,Not Fraud
873561,2045.74,POS,Recharge,Airtel,Surat,iPhone,Union Bank,8,27.86,0,2,Domestic,Not Fraud
531272,2214.78,POS,Bill Payment,Flipkart,Mumbai,android,ICICI,6,29.87,0,2,domestic,Not Fraud
780699,1179.45,UPI,Purchase,Google Pay,Bengaluru,android,SBI,12,55.42,0,0,Domestic ,Not Fraud
987986,6141.28,ATM,Cash Withdrawal,BookMyShow,Delhi,android,BOB,5,38.69,0,0,International,Not Fraud
144690,1040.73,ATM,Bill Payment,IRCTC,Hyderabad,Android,PNB,11,47.87,1,0,Domestic,Not Fraud
569171,1639.16,ATM,Transfer,Jio,Ahmedabad,Android ,BOB,3,51.56,1,2,Domestic,Fraud
160247,5351.49,Card,Purchase,Amazon India,Kochi,android,Union Bank,1,10.05,0,0,domestic,Not Fraud
631720,,Wallet,Transfer,PhonePe,Indore,Android,HDFC,4,19.49,1,1,Domestic ,Not Fraud
589492,4172.98,NetBanking,Bill Payment,Zomato,Chennai,Unknown,ICICI,13,3.88,1,1,International,Not Fraud
240345,5913,ATM,Bill Payment,Airtel,Bengaluru,iPhone,Canara,13,45.23,0,1,Domestic,Not Fraud
596448,,POS,Refund,Razorpay,Chandigarh,Android,HDFC,15,26.27,1,3,International,Not Fraud
748727,4159.77,NetBanking,Purchase,Google Pay,Chandigarh,Android ,Canara,12,56.67,0,0,Domestic,Not Fraud
743414,9470.71,Card,Purchase,Jio,Pune,Android ,Canara,3,26.57,0,1,Domestic,Not Fraud
220300,2842.32,POS,Refund,Ajio,Bengaluru,android,Axis,1,57.35,1,3,Domestic,Not Fraud
242036,2873.03,ATM,Purchase,Jio,Bhopal,android,SBI,8,46.37,0,1,Domestic,Not Fraud
469631,1042.78,Wallet,Cash Withdrawal,Jio,Patna,Unknown,Canara,10,57.3,0,2,Domestic ,Not Fraud
252042,1544.32,UPI,Refund,Flipkart,Bhopal,Android,Union Bank,3,12.89,1,2,domestic,Not Fraud
585982,3321.95,ATM,Bill Payment,Uber,Lucknow,android,HDFC,3,37.28,0,2,International,Not Fraud
484742,861.11,Card,Refund,Uber,Bhopal,Mac,BOB,12,55.44,0,2,Domestic,Not Fraud
519780,1662.67,ATM,Purchase,MakeMyTrip,Kochi,Android ,Axis,9,23.77,0,3,domestic,Not Fraud
752641,3973.87,Card,Refund,Meesho,Kolkata,Unknown,HDFC,9,18.27,1,2,Domestic,fraud
285756,655.27,POS,Cash Withdrawal,Swiggy,Kolkata,Mac,BOB,5,13.88,0,2,domestic,Not Fraud
449850,5201.68,Wallet,Purchase,Flipkart,Pune,Windows,Kotak,13,0.3,0,1,International,Not Fraud
345580,4295.58,UPI,Recharge,Jio,Delhi,iPhone,Axis,1,59.83,0,1,International,Fraud
163297,6796.73,ATM,Recharge,BigBasket,Delhi,Mac,Axis,11,55.82,0,3,Domestic ,Not Fraud
269653,779.95,ATM,Purchase,IRCTC,Hyderabad,Android,Axis,6,13.38,0,3,domestic,Not Fraud
891294,1981.48,UPI,Recharge,Google Pay,Bengaluru,iPhone,ICICI,12,29.68,0,2,domestic,Not Fraud
266701,2507.93,ATM,Bill Payment,Amazon India,Indore,Windows,Union Bank,3,59.12,1,1,International,Not Fraud
461217,3709.23,ATM,Purchase,Zomato,Mumbai,Unknown,BOB,5,57.31,0,0,domestic,Not Fraud
924665,5796.08,NetBanking,Purchase,Amazon India,Chennai,Android ,PNB,1,53.2,1,1,Domestic ,Not Fraud
623695,1153.19,POS,Bill Payment,Myntra,Jaipur,Windows,Union Bank,2,15.69,1,3,domestic,Not Fraud
423121,3878.71,POS,Purchase,Razorpay,Kochi,,HDFC,12,28.71,1,1,International,Not Fraud
207441,6413.67,NetBanking,Bill Payment,Meesho,Kolkata,Android ,ICICI,7,20.23,1,2,Domestic ,Not Fraud
716200,1884.47,NetBanking,Refund,Swiggy,Bhopal,iPhone,HDFC,13,22.35,0,2,Domestic,Not Fraud
683714,2322.89,NetBanking,Bill Payment,Myntra,Pune,Android ,HDFC,9,12.27,0,2,Domestic,Fraud
235747,9760.66,UPI,Cash Withdrawal,Razorpay,Chandigarh,Windows,HDFC,4,46.74,0,1,Domestic,Not Fraud
827629,3257,UPI,Recharge,Flipkart,Chandigarh,Android ,ICICI,5,9.9,1,1,domestic,Not Fraud
282720,492.1,NetBanking,Recharge,CRED,Bhopal,Mac,ICICI,10,27.6,0,1,Domestic,Fraud
121350,1971.4,NetBanking,Transfer,Jio,Jaipur,android,Canara,12,12.15,1,3,Domestic,Fraud
400255,642.03,POS,Refund,Zomato,Lucknow,Windows,Kotak,8,19.64,1,1,Domestic ,Not Fraud
381119,3094.13,POS,Recharge,Myntra,Mumbai,Android,Canara,7,18.91,1,1,Domestic,Not Fraud
371627,2259.83,ATM,Refund,Myntra,Pune,android,ICICI,3,16.15,1,0,International,Not Fraud
514387,3234.16,POS,Refund,Paytm,Kolkata,iPhone,Axis,2,36.14,1,0,Domestic,Not Fraud
568292,2242.83,Card,Purchase,Myntra,Surat,Mac,Kotak,3,9.34,0,0,domestic,Not Fraud
154743,15891.96,Card,Refund,SBI,Surat,iPhone,Canara,9,12.8,1,2,International,Not Fraud
198175,659.48,POS,Recharge,Jio,Chandigarh,Mac,PNB,12,44.04,1,3,International,Not Fraud
741644,1202.21,Card,Bill Payment,Flipkart,Lucknow,Unknown,BOB,3,27.85,0,1,Domestic,Not Fraud
568307,605.42,Card,Bill Payment,BookMyShow,Chennai,Windows,BOB,3,3.36,1,0,Domestic,Not Fraud
144518,849.97,NetBanking,Cash Withdrawal,CRED,Delhi,Android,Kotak,13,42.58,0,3,Domestic ,Not Fraud
417345," ₹16,975.77",Card,Refund,PhonePe,Chennai,Windows,SBI,2,53.91,1,0,domestic,Fraud
698943,2822.38,UPI,Transfer,Google Pay,Indore,iPhone,HDFC,6,47.78,0,2,Domestic,Not Fraud
940284,4876.65,Card,Recharge,Ajio,Chennai,Android ,SBI,12,39.8,1,1,Domestic,Not Fraud
663920,8022.63,ATM,Purchase,Razorpay,Bhopal,Android,Kotak,12,24.48,1,2,domestic,Not Fraud
650951,1684.84,Card,Transfer,BookMyShow,Surat,Windows,SBI,8,8.22,1,1,International,Not Fraud
504854,5346.18,POS,Refund,Ajio,Kolkata,Windows,ICICI,7,57.49,0,1,Domestic ,Not Fraud
866266,5417.79,ATM,Purchase,CRED,Jaipur,Android ,PNB,6,38.34,1,2,Domestic,Fraud
621670,498.4,ATM,Refund,CRED,Hyderabad,Mac,Kotak,8,45.14,1,0,domestic,Not Fraud
868027," ₹2,383.63",Wallet,Transfer,MakeMyTrip,Chandigarh,android,HDFC,7,12.28,1,0,Domestic ,Not Fraud
397368,5237.2,Card,Cash Withdrawal,Myntra,Chennai,Unknown,Kotak,13,17.06,1,1,Domestic ,Not Fraud
696064,2706.64,POS,Bill Payment,BookMyShow,Bengaluru,Mac,SBI,13,34.71,1,1,Domestic,Not Fraud
729258,944.79,Wallet,Refund,Airtel,Chennai,Android,Axis,2,10.69,0,1,Domestic,Not Fraud
871869,199.28,Wallet,Transfer,Flipkart,Bengaluru,Mac,BOB,2,36.51,0,2,Domestic ,Not Fraud
295245,2240.04,Card,Refund,Amazon India,Jaipur,Unknown,HDFC,1,33.79,0,1,Domestic,Not Fraud
326544,3976.0,Card,Cash Withdrawal,Zomato,Pune,Android,ICICI,15,59.52,1,0,International,Not Fraud
885710,1377.83,Wallet,Bill Payment,MakeMyTrip,Hyderabad,Mac,PNB,7,21.08,1,0,domestic,Not Fraud
574787,2898.41,Card,Purchase,Flipkart,Jaipur,Android ,SBI,12,48.86,1,1,International,Not Fraud
810357,1850.04,NetBanking,Refund,Zomato,Ahmedabad,Unknown,ICICI,13,34.25,1,2,Domestic,Not Fraud
565365,2937.93,Wallet,Cash Withdrawal,SBI,Ahmedabad,iPhone,Canara,6,53.65,1,1,Domestic,Not Fraud
328070,6981.51,UPI,Refund,BookMyShow,Pune,Mac,ICICI,7,4.23,1,2,domestic,Not Fraud
232939,14305.63,NetBanking,Bill Payment,MakeMyTrip,Jaipur,Android ,HDFC,9,13.51,1,3,Domestic,Not Fraud
932555,2134.16,Wallet,Refund,MakeMyTrip,Ahmedabad,Unknown,SBI,14,15.85,1,0,Domestic ,Not Fraud
568563,1827.65,POS,Cash Withdrawal,Airtel,Jaipur,android,Axis,11,35.54,1,0,International,Not Fraud
765785,2569.65,NetBanking,Recharge,Razorpay,Chandigarh,iPhone,Canara,1,37.47,1,0,Domestic,Not Fraud
814847,10094.14,Card,Recharge,BookMyShow,Chandigarh,Android,PNB,8,1.5,0,2,domestic,Not Fraud
257638,693.94,POS,Refund,BookMyShow,Kolkata,iPhone,PNB,8,27.29,0,2,Domestic ,Not Fraud
542885,6040.58,Wallet,Purchase,Amazon India,Chennai,android,Union Bank,12,45.73,1,3,Domestic,Not Fraud
262180,3736.6,NetBanking,Recharge,Meesho,Pune,Android ,Axis,6,51.07,1,1,International,Not Fraud
100126,5536.22,POS,Recharge,Flipkart,Bengaluru,android,SBI,1,1.27,0,3,Domestic ,Not Fraud
900228,2718.98,POS,Transfer,BigBasket,Bengaluru,Unknown,Canara,5,56.04,0,2,Domestic,Not Fraud
494225,7756.74,NetBanking,Purchase,Ajio,Kolkata,Unknown,Canara,3,17.39,0,1,Domestic,Not Fraud
439150,5205.1,NetBanking,Recharge,Amazon India,Bhopal,Windows,Axis,1,27.4,0,0,International,Not Fraud
868424,682.97,UPI,Cash Withdrawal,PhonePe,Mumbai,Android ,PNB,12,24.56,1,1,International,Not Fraud
169608,4853.95,Card,Cash Withdrawal,SBI,Lucknow,android,Axis,11,36.05,0,2,domestic,fraud
404053," ₹11,167.44",ATM,Recharge,Google Pay,Indore,Mac,Canara,5,21.71,0,2,domestic,Not Fraud
135537," ₹5,433.40",Wallet,Purchase,CRED,Ahmedabad,Android,Kotak,5,24.49,1,3,domestic,Not Fraud
774606,767.0,NetBanking,Cash Withdrawal,Meesho,Patna,Android ,ICICI,6,48.43,1,0,Domestic ,Not Fraud
649936,7581.05,POS,Purchase,BookMyShow,Delhi,Mac,BOB,13,59.47,0,2,Domestic,Not Fraud
323636,902.86,POS,Transfer,BigBasket,Kochi,Android,Canara,9,9.54,1,1,International,Not Fraud
369076,3764.37,Card,Transfer,BookMyShow,Pune,Windows,ICICI,7,29.02,0,1,Domestic,Fraud
712275,777.86,UPI,Bill Payment,Amazon India,Hyderabad,android,Kotak,9,3.3,0,2,Domestic,Not Fraud
647954,3144.96,ATM,Bill Payment,Jio,Bhopal,Windows,Union Bank,6,28.11,1,3,domestic,Not Fraud
194553,732.44,NetBanking,Bill Payment,BookMyShow,Patna,iPhone,Kotak,7,23.18,1,1,International,Not Fraud
642466,936.08,POS,Cash Withdrawal,Airtel,Ahmedabad,Android ,Canara,7,42.7,0,3,International,Not Fraud
555530,6530.15,POS,Refund,BookMyShow,Chandigarh,Windows,BOB,6,58.59,1,1,Domestic ,Not Fraud
207891,3163.03,NetBanking,Refund,PhonePe,Chandigarh,Android ,SBI,15,16.17,1,1,International,Not Fraud
646509,1376.41,NetBanking,Cash Withdrawal,Flipkart,Hyderabad,Windows,Kotak,7,47.73,1,0,Domestic,Not Fraud
295158,451.73,Wallet,Cash Withdrawal,Myntra,Bengaluru,Android,Union Bank,1,23.48,1,0,Domestic,Not Fraud
826075,2027.66,Wallet,Recharge,Swiggy,Chennai,Unknown,Kotak,3,40.0,0,3,Domestic,Not Fraud
529614,2072.83,Card,Purchase,PhonePe,Kolkata,Android,Axis,12,15.15,0,0,Domestic ,Not Fraud
783618,6943.08,UPI,Refund,Meesho,Bengaluru,android,BOB,2,34.02,1,1,domestic,Not Fraud
475262,6839.29,UPI,Cash Withdrawal,Uber,Indore,iPhone,SBI,11,50.81,0,2,domestic,Not Fraud
409936,4968.9,POS,Bill Payment,Razorpay,Chennai,Mac,Axis,15,20.05,0,2,Domestic,Not Fraud
235924,1769.83,ATM,Bill Payment,MakeMyTrip,Surat,Windows,SBI,2,33.29,0,3,Domestic ,Not Fraud
868152,567.91,NetBanking,Purchase,Razorpay,Hyderabad,Windows,BOB,14,0.57,0,0,Domestic ,Not Fraud
994679,335.53,Card,Bill Payment,Jio,Kochi,Windows,ICICI,8,7.62,1,3,International,Not Fraud
820087,6031.33,ATM,Transfer,Zomato,Chandigarh,Windows,Canara,12,29.52,1,1,International,Not Fraud
601823,5095.17,POS,Transfer,IRCTC,Mumbai,Windows,Kotak,11,12.73,1,2,International,Fraud
174346,3541.06,NetBanking,Bill Payment,CRED,Pune,Android ,Union Bank,10,34.66,1,0,International,Not Fraud
789272,1312.31,Wallet,Bill Payment,Ajio,Pune,Mac,Kotak,7,6.62,1,3,International,Not Fraud
174088,2676.86,NetBanking,Purchase,BookMyShow,Kochi,Unknown,PNB,15,40.51,1,0,Domestic ,Not Fraud
483461,2165.54,POS,Purchase,SBI,Jaipur,Android ,Canara,7,9.94,0,1,domestic,Not Fraud
528119,4280.06,Card,Bill Payment,SBI,Delhi,android,Canara,12,49.16,1,0,International,Not Fraud
400167,3310.64,Wallet,Refund,Razorpay,Bhopal,android,Axis,11,35.77,1,1,domestic,Not Fraud
649634,3294.09,,Refund,BookMyShow,Patna,Android ,Kotak,7,50.04,1,1,International,Not Fraud
584759,8648.94,Card,Recharge,Swiggy,Chandigarh,Mac,Canara,5,57.15,0,2,domestic,Not Fraud
248751,19943.88,ATM,Purchase,Zomato,Surat,Android ,Canara,15,26.69,0,2,domestic,Not Fraud
191565,368.58,POS,Purchase,BookMyShow,Pune,android,Union Bank,9,34.03,0,0,Domestic,Not Fraud
205084,5907.94,Card,Refund,Google Pay,Indore,Unknown,Canara,11,20.16,0,0,Domestic ,Not Fraud
266459,645.99,Wallet,Bill Payment,Paytm,Mumbai,Unknown,Kotak,4,51.15,1,3,Domestic ,Not Fraud
774420,3040.65,NetBanking,Transfer,Swiggy,Kolkata,Android,Axis,4,45.46,0,3,International,Not Fraud
621662,941.98,Card,Refund,Flipkart,Chandigarh,android,PNB,12,22.49,1,3,Domestic,Not Fraud
680805,1797.0,Card,Refund,BigBasket,Indore,android,SBI,15,45.68,1,3,domestic,Not Fraud
875711,5233.9,POS,Recharge,SBI,Bengaluru,Mac,Axis,7,59.06,1,3,domestic,Not Fraud
670947,20695.17,ATM,Purchase,BookMyShow,Pune,Android,Canara,1,27.42,1,0,International,Fraud
247360,1455.54,POS,Transfer,BigBasket,Pune,android,Union Bank,15,10.64,0,2,International,Not Fraud
451433,4240.18,ATM,Refund,Ajio,Pune,Android ,SBI,13,26.9,0,3,Domestic ,Not Fraud
595453,3794.13,UPI,Cash Withdrawal,Airtel,Lucknow,Android ,Kotak,12,17.87,0,0,International,Not Fraud
361874,3793.34,Wallet,Transfer,Swiggy,Ahmedabad,Unknown,Union Bank,9,11.94,0,3,Domestic ,Fraud
661970,386.09,Wallet,Recharge,Swiggy,Patna,Android ,Kotak,2,30.36,0,0,Domestic ,Not Fraud
933128,2584.63,ATM,Recharge,Meesho,Surat,Unknown,Axis,1,59.74,0,0,Domestic ,Not Fraud
662020,9611.02,NetBanking,Transfer,Meesho,Kochi,Android ,SBI,4,18.49,1,2,International,Not Fraud
299030,470.45,ATM,Purchase,Ajio,Chandigarh,Windows,ICICI,2,3.41,0,2,Domestic ,Not Fraud
148303,821.84,POS,Bill Payment,PhonePe,Kolkata,android,HDFC,6,36.45,1,1,Domestic,Not Fraud
296052,9279.22,ATM,Refund,Swiggy,Patna,Unknown,Canara,10,57.43,0,0,domestic,Not Fraud
221430,1003.04,NetBanking,Recharge,Amazon India,Delhi,Android,ICICI,8,24.87,0,2,Domestic,Not Fraud
774825,6097.31,Wallet,Cash Withdrawal,Google Pay,Indore,Android,SBI,10,44.46,0,3,Domestic,Not Fraud
366677, ₹749.24,ATM,Recharge,MakeMyTrip,Kochi,android,Canara,5,7.03,0,1,domestic,Not Fraud
877657,514.11,Card,Bill Payment,Paytm,Chennai,Windows,SBI,13,49.97,1,3,Domestic,Not Fraud
849917,8657.9,NetBanking,Bill Payment,Zomato,Bhopal,Android,Axis,13,38.91,0,2,domestic,Not Fraud
794830,1168.53,UPI,Purchase,Paytm,Mumbai,Windows,PNB,9,59.13,0,2,Domestic,Not Fraud
975204,2895.09,ATM,Purchase,SBI,Jaipur,android,Kotak,10,52.32,1,2,domestic,Not Fraud
293111," ₹1,111.23",Card,Refund,Ajio,Lucknow,Unknown,ICICI,13,44.61,1,2,Domestic,Not Fraud
566430,10894.54,UPI,Refund,Flipkart,Jaipur,Android ,Canara,13,4.62,1,0,Domestic,Not Fraud
991066,4298.89,NetBanking,Transfer,Paytm,Patna,android,HDFC,10,47.19,1,1,Domestic,Not Fraud
339042,2403.06,UPI,Transfer,Flipkart,Delhi,Android ,PNB,6,2.39,0,1,International,Not Fraud
974536,2438.36,POS,Bill Payment,PhonePe,Chennai,Windows,HDFC,3,48.29,1,1,Domestic,Not Fraud
308384,19692.26,POS,Cash Withdrawal,Ajio,Lucknow,Windows,ICICI,10,40.34,0,0,domestic,Not Fraud
682227," ₹7,969.83",NetBanking,Refund,Paytm,Indore,android,Axis,2,21.76,0,3,Domestic ,Fraud
276388,2804.41,UPI,Purchase,Swiggy,Bengaluru,iPhone,Kotak,2,51.13,0,2,domestic,Not Fraud
766067,1355.05,POS,Purchase,Jio,Surat,Mac,Union Bank,9,33.54,1,0,International,Not Fraud
645014,2706.12,Card,Purchase,Ajio,Chennai,android,Kotak,14,24.9,1,1,Domestic,Not Fraud
439448,1132.98,ATM,Cash Withdrawal,IRCTC,Ahmedabad,Windows,Kotak,10,10.92,1,0,International,Fraud
977228,586.6,POS,Bill Payment,Swiggy,Surat,Android,Axis,5,54.22,0,2,domestic,Not Fraud
859001,865.51,Card,Purchase,CRED,Lucknow,Android,Axis,4,28.38,0,2,domestic,Not Fraud
888027,3289.17,POS,Refund,BookMyShow,Kochi,Windows,HDFC,11,38.77,0,3,Domestic ,Not Fraud
709752,1700.55,Card,Bill Payment,Google Pay,Kochi,android,Canara,11,45.24,0,2,Domestic,Not Fraud
737281,10668.54,Card,Purchase,Ajio,Ahmedabad,Windows,ICICI,6,31.87,0,2,International,Not Fraud
512574,7271.14,NetBanking,Bill Payment,Ajio,Surat,Android ,Canara,8,13.75,0,0,Domestic ,Not Fraud
845247," ₹2,253.16",Card,Recharge,Google Pay,Pune,android,BOB,13,52.04,1,1,Domestic,Not Fraud
196733,4020.11,ATM,Refund,CRED,Kolkata,Unknown,Canara,7,23.31,0,1,International,Fraud
866875,1604.39,UPI,Cash Withdrawal,Ajio,Jaipur,Windows,ICICI,13,23.3,1,0,Domestic ,Not Fraud
770613,4384.05,Wallet,Cash Withdrawal,Flipkart,Delhi,iPhone,Union Bank,13,49.45,0,3,Domestic ,Not Fraud
804857,1476.95,Wallet,Transfer,BigBasket,Hyderabad,Unknown,BOB,2,55.73,1,3,International,Not Fraud
989823,1747.88,ATM,Refund,BookMyShow,Jaipur,Android ,ICICI,11,6.04,1,1,Domestic,Not Fraud
112028,9967.25,,Cash Withdrawal,BookMyShow,Chandigarh,Android ,Axis,1,47.45,1,2,domestic,Not Fraud
591928,585.44,UPI,Bill Payment,BookMyShow,Bengaluru,Android,ICICI,10,0.82,1,3,Domestic ,Not Fraud
554163,1052.12,ATM,Recharge,IRCTC,Mumbai,Android ,SBI,2,58.35,1,2,Domestic,Fraud
284094,2621.59,Wallet,Transfer,Uber,Delhi,android,Union Bank,4,59.14,1,0,Domestic,Not Fraud
579215,3002.75,Wallet,Transfer,BookMyShow,Kolkata,Windows,PNB,1,43.39,1,2,Domestic ,Not Fraud
835743,931.89,ATM,Bill Payment,SBI,Kochi,Mac,Canara,7,24.65,0,3,International,Not Fraud
636478,595.04,UPI,Purchase,Myntra,Kolkata,Android,SBI,3,8.28,1,2,International,Not Fraud
522286,1387.05,Card,Recharge,Amazon India,Jaipur,Windows,Kotak,6,15.73,0,2,domestic,Not Fraud
864744,738.2,NetBanking,Transfer,CRED,Kolkata,Android,Union Bank,11,43.6,0,2,International,Not Fraud
219178,353.68,ATM,Purchase,BookMyShow,Lucknow,Unknown,SBI,9,34.01,0,3,Domestic,Not Fraud
988452,299.87,Wallet,Bill Payment,Meesho,Kochi,Android ,Union Bank,8,37.11,0,2,International,Not Fraud
585013,2198.25,card,Recharge,Myntra,Jaipur,Android ,Canara,12,45.72,1,1,International,Not Fraud
135188,1380.17,POS,Purchase,Uber,Lucknow,Mac,SBI,15,58.16,1,2,Domestic ,Not Fraud
999834,1109.36,NetBanking,Purchase,Swiggy,Kolkata,android,Kotak,15,29.23,0,2,Domestic,Not Fraud
219691,1344.21,NetBanking,Refund,Zomato,Chennai,iPhone,Canara,8,16.51,0,2,International,Not Fraud
911092,1379.05,Wallet,Cash Withdrawal,Flipkart,Jaipur,iPhone,Canara,3,23.09,0,0,domestic,Not Fraud
327098,2813.13,UPI,Purchase,IRCTC,Chennai,Unknown,Axis,11,59.88,1,0,Domestic ,Not Fraud
353767,1598.55,UPI,Recharge,IRCTC,Kochi,Unknown,PNB,2,22.83,0,1,Domestic ,Not Fraud
433391,3851.28,NetBanking,Transfer,Zomato,Bhopal,Android ,Union Bank,13,46.46,0,0,Domestic,Not Fraud
969583,1606.04,Wallet,Cash Withdrawal,SBI,Surat,Android ,HDFC,3,36.49,0,0,domestic,Not Fraud
639247,3059.31,POS,Bill Payment,Uber,Indore,android,SBI,14,49.27,0,3,Domestic,Not Fraud
136641,2613.2,ATM,Purchase,Google Pay,Lucknow,Android ,BOB,10,38.18,1,0,domestic,Not Fraud
708078,12333,Wallet,Purchase,Paytm,Chandigarh,Mac,Union Bank,4,12.49,1,3,Domestic ,Not Fraud
360659,2170.4,Card,Refund,Razorpay,Kochi,android,HDFC,3,42.19,1,0,domestic,Not Fraud
893223,2137.69,POS,Refund,Uber,Surat,android,Kotak,7,41.92,0,0,Domestic ,Not Fraud
617384,8058.07,ATM,Refund,Zomato,Surat,Android ,Kotak,3,3.52,0,1,International,fraud
186946,1905.73,Card,Cash Withdrawal,Paytm,Lucknow,Android ,HDFC,15,9.65,1,3,Domestic ,fraud
791808,3941.95,ATM,Recharge,CRED,Hyderabad,Windows,PNB,10,0.2,1,0,Domestic,Not Fraud
920878,8784.19,Wallet,Transfer,SBI,Ahmedabad,Android ,Kotak,7,16.88,1,0,International,Not Fraud
720108,4026.32,NetBanking,Transfer,Ajio,Kochi,Android ,ICICI,12,42.95,0,0,International,Not Fraud
526419,543.01,Wallet,Recharge,BigBasket,Indore,Android,ICICI,10,21.58,0,3,Domestic,Not Fraud
277446,3445.63,POS,Bill Payment,IRCTC,Bengaluru,android,Union Bank,2,36.01,1,3,Domestic ,Not Fraud
512510,1001.69,UPI,Bill Payment,Flipkart,Bhopal,android,BOB,15,23.28,0,2,International,Not Fraud
284803,9212.57,POS,Cash Withdrawal,Ajio,Ahmedabad,Unknown,Canara,15,15.49,1,2,Domestic,Not Fraud
738860,2146.52,POS,Purchase,CRED,Chennai,Unknown,ICICI,10,36.06,1,0,domestic,Not Fraud
929610,3295.21,POS,Recharge,Flipkart,Lucknow,Android,BOB,9,56.21,1,0,Domestic,Not Fraud
625516,674.09,POS,Purchase,Airtel,,android,ICICI,7,52.84,1,3,Domestic ,Yes
355972,,POS,Cash Withdrawal,Paytm,Ahmedabad,iPhone,ICICI,11,33.63,0,3,domestic,Not Fraud
481562,6714.39,Card,Bill Payment,Uber,Mumbai,Unknown,Union Bank,3,17.48,0,2,Domestic,Not Fraud
321398,15559.76,Wallet,Recharge,MakeMyTrip,Indore,Android,SBI,10,38.42,0,2,International,Not Fraud
718111,707.03,UPI,Purchase,Meesho,Kolkata,iPhone,Kotak,11,51.17,1,0,domestic,Not Fraud
718982,2457.41,NetBanking,Cash Withdrawal,PhonePe,Ahmedabad,iPhone,BOB,4,17.04,1,1,Domestic,Not Fraud
501488,270.87,Wallet,Bill Payment,Zomato,Bengaluru,Mac,PNB,5,40.34,1,3,Domestic ,Not Fraud
854358,11805.6,ATM,Refund,Uber,Hyderabad,Mac,Canara,1,9.05,1,1,Domestic ,Not Fraud
661616,3245.19,NetBanking,Cash Withdrawal,Zomato,Chennai,android,Kotak,5,11.8,1,2,domestic,Not Fraud
544740,572.25,Wallet,Refund,Jio,Indore,Unknown,Canara,12,27.17,1,1,Domestic,Not Fraud
409844,6416.44,ATM,Recharge,Paytm,Chandigarh,Windows,Canara,14,30.02,0,3,domestic,Not Fraud
396902,2570.47,POS,Purchase,Zomato,Indore,android,Canara,14,16.83,1,0,International,Not Fraud
309138,6666.58,Card,Refund,Meesho,Kochi,android,Axis,2,33.91,0,2,International,Not Fraud
115588,560.59,Wallet,Recharge,CRED,Indore,Android,HDFC,2,9.55,0,2,domestic,Not Fraud
785331,1580.96,Wallet,Transfer,Jio,Bhopal,Android ,Union Bank,9,53.06,1,1,International,Not Fraud
632257,3391.5,POS,Bill Payment,BookMyShow,,Unknown,HDFC,11,56.44,0,2,International,Not Fraud
226722,8786.78,NetBanking,Recharge,CRED,Patna,android,Canara,13,29.39,1,1,Domestic,Not Fraud
200717,914.56,Wallet,Recharge,SBI,Indore,android,Union Bank,7,40.24,1,0,International,Fraud
655395,7791.28,Card,Purchase,Jio,Mumbai,android,BOB,9,4.4,1,3,Domestic,Not Fraud
962661," ₹2,519.68",POS,Bill Payment,Paytm,Lucknow,Mac,Kotak,6,22.66,1,0,Domestic ,Not Fraud
135539,14356.36,Card,Bill Payment,BigBasket,Hyderabad,android,Union Bank,14,41.7,0,0,International,Not Fraud
483404,627.45,Card,Transfer,SBI,Bengaluru,Unknown,SBI,10,3.78,1,1,Domestic ,No
230924,4416.5,Card,Recharge,Myntra,Hyderabad,Windows,BOB,1,5.85,1,1,International,Not Fraud
614527,3445.78,Wallet,Recharge,Jio,Bengaluru,Mac,ICICI,14,23.16,1,3,Domestic,Not Fraud
283375,2582.05,Card,Refund,Zomato,Bengaluru,iPhone,Canara,1,31.68,0,3,Domestic,Not Fraud
824517,2308.72,ATM,Transfer,BookMyShow,Lucknow,Android ,ICICI,6,27.91,0,3,domestic,Not Fraud
948360,785.67,POS,Purchase,SBI,Kolkata,Android ,Kotak,15,4.41,0,3,International,Not Fraud
538118,7734.82,Wallet,Transfer,Flipkart,Chandigarh,iPhone,ICICI,3,5.94,0,0,International,Not Fraud
183543,9354.05,UPI,Purchase,PhonePe,Surat,android,HDFC,4,35.33,0,3,International,Not Fraud
395405,985.56,POS,Refund,Amazon India,Mumbai,Unknown,Canara,3,43.11,1,0,Domestic ,Not Fraud
451400,554.05,ATM,Transfer,Swiggy,Lucknow,Windows,HDFC,13,41.95,1,2,domestic,Not Fraud
565279,1115.28,NetBanking,Purchase,Swiggy,Surat,android,Union Bank,2,59.8,1,2,domestic,Not Fraud
673574,10432.65,ATM,Bill Payment,IRCTC,Kochi,Android ,Kotak,2,44.71,1,1,domestic,Not Fraud
398803," ₹2,726.49",POS,Purchase,IRCTC,Patna,Android,Union Bank,7,34.88,0,0,Domestic ,Not Fraud
289589,6242.88,ATM,Refund,Flipkart,Chandigarh,Android,Kotak,4,45.0,1,3,Domestic,Not Fraud
328599,443.86,NetBanking,Bill Payment,Myntra,Surat,iPhone,BOB,1,23.03,1,3,International,Not Fraud
850315,2376.06,Card,Bill Payment,Paytm,Jaipur,Android ,PNB,15,24.57,1,2,International,Fraud
689978,1826.33,ATM,Cash Withdrawal,Ajio,Pune,android,Canara,8,51.38,1,1,Domestic ,Not Fraud
877181,4298.98,Card,Bill Payment,Meesho,Kolkata,android,SBI,6,41.65,1,0,Domestic ,Not Fraud
283350,2753.59,ATM,Purchase,MakeMyTrip,Mumbai,iPhone,HDFC,2,39.08,0,0,International,Not Fraud
968343,1419.27,POS,Cash Withdrawal,Zomato,Patna,iPhone,SBI,13,43.73,1,2,Domestic,Fraud
471855,5538.69,ATM,Purchase,Uber,Kochi,Windows,BOB,7,51.45,0,1,Domestic ,Not Fraud
177800,5053.74,Wallet,Purchase,Zomato,Chennai,Android ,Union Bank,1,9.39,0,0,domestic,Not Fraud
378834,3185.14,Card,Recharge,BookMyShow,Jaipur,Android,Canara,4,15.74,1,2,domestic,Not Fraud
398241,166.81,Card,Refund,PhonePe,Delhi,Android,SBI,11,10.68,0,0,Domestic,Not Fraud
869428,,UPI,Purchase,IRCTC,Indore,iPhone,Canara,11,17.59,1,3,domestic,Not Fraud
273386,751.69,Wallet,Bill Payment,Swiggy,Indore,Android ,Axis,3,9.23,1,3,Domestic ,Not Fraud
201267,1985.17,UPI,Purchase,BigBasket,Chennai,Android ,Axis,9,47.2,1,2,Domestic,Not Fraud
891460,824.24,Wallet,Bill Payment,BookMyShow,Kochi,Android ,PNB,12,19.74,0,0,domestic,Fraud
296534,527.08,UPI,Transfer,BookMyShow,Hyderabad,iPhone,ICICI,1,31.12,0,2,Domestic,Fraud
871242,1412.84,POS,Transfer,IRCTC,Kochi,iPhone,SBI,2,30.12,1,2,Domestic ,Not Fraud
430221,859.7,NetBanking,Bill Payment,PhonePe,Surat,Unknown,PNB,5,6.41,1,1,Domestic ,Not Fraud
261698," ₹2,415.77",ATM,Cash Withdrawal,MakeMyTrip,Lucknow,Unknown,SBI,6,44.81,0,3,International,Not Fraud
757920,4913.27,UPI,Transfer,CRED,Mumbai,Unknown,PNB,6,53.83,0,3,domestic,Not Fraud
291110,5110.56,ATM,Transfer,MakeMyTrip,Bhopal,Windows,PNB,8,21.81,1,3,Domestic,Not Fraud
412561,11010.12,Card,Purchase,Uber,Ahmedabad,Mac,ICICI,13,34.28,0,2,Domestic ,Not Fraud
991055,14860.88,Wallet,Purchase,SBI,Lucknow,iPhone,BOB,12,34.54,1,2,domestic,Not Fraud
669067,588.46,Card,Recharge,Flipkart,Bengaluru,Android ,HDFC,8,28.33,0,0,Domestic ,Not Fraud
962807,3518.16,ATM,Refund,Amazon India,Kochi,android,BOB,4,56.29,1,2,Domestic,Not Fraud
646481,1161.58,NetBanking,Transfer,Uber,Indore,Android,Axis,5,28.76,0,2,International,Not Fraud
137008,4637.7,NetBanking,Recharge,Jio,Ahmedabad,android,Kotak,3,0.75,0,3,Domestic ,Not Fraud
929776,1070.52,UPI,Refund,BookMyShow,Bengaluru,Android ,BOB,7,8.4,1,1,Domestic ,Not Fraud
651627,,UPI,Bill Payment,BigBasket,Kolkata,Android,HDFC,10,21.61,1,2,International,Not Fraud
620784,3489.28,NetBanking,Transfer,BookMyShow,Ahmedabad,android,PNB,4,57.32,0,2,Domestic,Not Fraud
710464,21923.0,UPI,Cash Withdrawal,BookMyShow,Chennai,android,BOB,6,58.59,1,3,domestic,Not Fraud
791400,3917.78,Card,Refund,Google Pay,Chandigarh,android,ICICI,12,53.2,1,0,International,Not Fraud
421362,620.17,ATM,Cash Withdrawal,IRCTC,Bengaluru,Android ,Axis,6,38.76,1,0,Domestic ,Not Fraud
567456,8781.86,NetBanking,Recharge,Razorpay,Kolkata,android,PNB,11,39.95,1,2,domestic,Not Fraud
755388,510.52,NetBanking,Purchase,PhonePe,Hyderabad,Unknown,HDFC,9,5.69,1,0,International,Not Fraud
273064,5031.34,Card,Bill Payment,PhonePe,Chennai,iPhone,HDFC,3,19.43,1,2,domestic,Not Fraud
333660,1961.67,POS,Cash Withdrawal,Google Pay,Kolkata,iPhone,SBI,8,21.55,1,2,domestic,Not Fraud
511148,4475.64,POS,Cash Withdrawal,Swiggy,Mumbai,iPhone,PNB,6,26.98,0,2,Domestic,Not Fraud
981678,929.87,Wallet,Transfer,Swiggy,Chennai,Windows,BOB,3,52.81,0,1,domestic,Not Fraud
871434,3201.15,UPI,Bill Payment,Airtel,Mumbai,Unknown,SBI,13,48.3,1,1,Domestic,Fraud
623840,4626.9,POS,Recharge,Razorpay,Kochi,Unknown,BOB,1,58.59,1,0,domestic,Not Fraud
673391,3467.45,NetBanking,Refund,Flipkart,Chandigarh,Mac,Union Bank,9,19.86,1,1,Domestic,Not Fraud
193787,7090.66,UPI,Refund,Uber,Surat,Android,HDFC,2,32.64,0,0,Domestic ,Not Fraud
492699,1974.6,ATM,Refund,Zomato,Surat,android,Kotak,8,39.57,1,2,domestic,Not Fraud
470359,4120.86,POS,Recharge,Razorpay,Bhopal,android,PNB,8,1.41,0,3,domestic,Not Fraud
964459,1008.15,Wallet,Transfer,Flipkart,Pune,android,Union Bank,1,16.57,1,1,Domestic ,Not Fraud
560745,898.5,Card,Purchase,Myntra,Patna,Mac,SBI,13,8.23,0,3,Domestic ,Not Fraud
966144,14021.34,UPI,Refund,Airtel,Kochi,iPhone,Axis,12,53.9,0,0,Domestic ,Not Fraud
549873,1376.68,ATM,Transfer,Ajio,Patna,Android ,Kotak,15,56.85,0,3,Domestic,Not Fraud
276367,4451.28,ATM,Recharge,Amazon India,Chandigarh,Mac,Canara,15,44.68,0,2,domestic,Not Fraud
125119,1249.1,POS,Purchase,Flipkart,Jaipur,android,ICICI,13,35.39,0,0,Domestic,Not Fraud
238432,3944.91,ATM,Bill Payment,Flipkart,Pune,Android ,Kotak,15,29.69,1,3,domestic,Not Fraud
450953,6583.56,POS,Transfer,MakeMyTrip,Jaipur,Mac,ICICI,1,18.24,1,3,Domestic,Not Fraud
126735,14330.57,ATM,Cash Withdrawal,Flipkart,Lucknow,Unknown,BOB,2,4.3,0,0,International,Not Fraud
688255,4334.11,Wallet,Purchase,Zomato,Kolkata,Mac,BOB,5,28.19,0,1,Domestic,Not Fraud
399252,419.84,Card,Purchase,Uber,Indore,Unknown,PNB,3,56.97,1,0,Domestic ,Not Fraud
471034,25741.94,ATM,Purchase,CRED,Delhi,Mac,Kotak,8,4.49,0,3,Domestic ,Not Fraud
642759,1083.18,Wallet,Recharge,Uber,Bhopal,Android ,ICICI,13,13.38,1,1,Domestic ,Fraud
151969,3466.94,POS,Transfer,IRCTC,Chennai,Android ,PNB,13,1.79,1,1,domestic,Not Fraud
867665,233.32,Wallet,Cash Withdrawal,SBI,Pune,Mac,HDFC,15,2.78,0,1,domestic,Not Fraud
702950,4028.38,Wallet,Bill Payment,CRED,Indore,Mac,BOB,12,5.66,1,0,Domestic ,Not Fraud
824757,5368.91,POS,Refund,Paytm,Indore,Windows,ICICI,11,8.08,1,3,Domestic,Not Fraud
337921,2276.79,ATM,Bill Payment,CRED,Pune,Android,HDFC,8,24.82,0,3,Domestic,Fraud
217713,2924.81,UPI,Refund,Flipkart,Surat,Unknown,Axis,4,54.65,1,0,International,Not Fraud
486270," ₹4,196.30",Card,Refund,IRCTC,Hyderabad,android,HDFC,10,46.54,1,0,Domestic ,Not Fraud
472386,474.58,UPI,Transfer,Amazon India,Chandigarh,Android ,ICICI,4,32.28,1,0,domestic,Not Fraud
286371,3306.58,NetBanking,Purchase,MakeMyTrip,Lucknow,Android,HDFC,7,7.02,1,1,Domestic ,Not Fraud
947800,6078.9,ATM,Purchase,PhonePe,Kochi,Mac,Axis,13,4.56,0,2,International,Not Fraud
180614,1569.51,POS,Purchase,Myntra,Bhopal,android,,14,56.83,1,0,International,Fraud
298027,919.67,Card,Cash Withdrawal,Amazon India,Delhi,Mac,Kotak,6,14.21,0,3,domestic,Not Fraud
739397,1447.07,Card,Refund,MakeMyTrip,Patna,Unknown,BOB,1,55.36,0,3,International,Not Fraud
876365,27961.46,Card,Cash Withdrawal,BigBasket,Patna,Mac,Axis,7,44.94,1,1,International,Not Fraud
933508,3132.66,POS,Bill Payment,Razorpay,Ahmedabad,iPhone,ICICI,9,53.22,0,2,Domestic ,Not Fraud
266166,393.42,UPI,Purchase,MakeMyTrip,Jaipur,Mac,Axis,10,50.81,0,2,domestic,Not Fraud
750312,1607.18,Card,Cash Withdrawal,SBI,Ahmedabad,Unknown,SBI,2,36.01,1,3,Domestic ,Not Fraud
425656,5414.44,POS,Cash Withdrawal,Meesho,Patna,Android,PNB,15,31.02,0,3,domestic,Not Fraud
268599,37867.17,POS,Recharge,Zomato,Bengaluru,Windows,Kotak,10,5.88,1,2,Domestic,Not Fraud
672555,,Card,Cash Withdrawal,Razorpay,Bengaluru,iPhone,HDFC,3,40.99,1,2,International,Not Fraud
423292,3570.16,UPI,Transfer,Zomato,Indore,iPhone,HDFC,13,26.67,1,3,International,Not Fraud
216353,2265.6,Card,Refund,Zomato,Kochi,iPhone,ICICI,12,57.39,0,1,domestic,Not Fraud
902572,3283.18,POS,Bill Payment,Google Pay,Kolkata,Mac,ICICI,6,35.76,1,2,International,Not Fraud
437014,3182.88,ATM,Bill Payment,MakeMyTrip,Indore,Windows,PNB,5,43.75,1,1,Domestic,Not Fraud
737970,6108.89,POS,Purchase,BookMyShow,Ahmedabad,android,BOB,14,44.11,1,3,Domestic ,Not Fraud
615250,616.26,NetBanking,Bill Payment,Ajio,Patna,Android ,Union Bank,1,14.28,0,1,Domestic ,Not Fraud
678475,2395.87,UPI,Recharge,Airtel,Kochi,Android ,Kotak,7,19.99,1,1,International,Not Fraud
943297,1774.94,UPI,Purchase,Swiggy,Lucknow,iPhone,PNB,9,27.11,0,2,Domestic,Not Fraud
175277,453.69,UPI,Cash Withdrawal,Flipkart,Chandigarh,Unknown,Kotak,11,10.5,1,1,domestic,Fraud
340231,311.1,POS,Recharge,BookMyShow,Chennai,Android,ICICI,15,1.9,0,2,International,Not Fraud
922842,3118.55,Card,Bill Payment,Google Pay,Pune,iPhone,SBI,2,54.26,0,3,Domestic ,Not Fraud
678467,4065.79,NetBanking,Bill Payment,CRED,Delhi,Android ,SBI,12,16.6,0,2,domestic,Not Fraud
182756,4906.36,NetBanking,Refund,Jio,Hyderabad,Mac,PNB,5,52.72,0,1,Domestic ,Not Fraud
850642,6225.27,Card,Transfer,MakeMyTrip,Ahmedabad,Mac,BOB,15,24.62,1,2,Domestic ,Not Fraud
943257,152.76,Wallet,Recharge,Airtel,Patna,Unknown,HDFC,11,46.47,1,1,Domestic,Not Fraud
922439,1206.25,POS,Purchase,PhonePe,Kolkata,Android,Canara,5,39.37,1,0,International,Not Fraud
380692,1065.1,ATM,Cash Withdrawal,PhonePe,Hyderabad,Android ,Union Bank,5,41.91,1,2,domestic,Fraud
924386,1350.04,ATM,Purchase,Swiggy,Surat,Android ,SBI,3,24.18,0,0,Domestic ,Not Fraud
441765," ₹4,145.24",UPI,Bill Payment,CRED,Chandigarh,Android,HDFC,7,47.36,0,0,domestic,Not Fraud
192698,2352.64,Wallet,Refund,Razorpay,Bengaluru,Mac,SBI,2,0.66,0,2,International,Not Fraud
240874,1071.95,POS,Bill Payment,Razorpay,Lucknow,Android,SBI,4,35.3,0,0,International,Not Fraud
334158,4737.14,POS,Recharge,Airtel,Indore,android,Canara,12,26.34,1,3,Domestic ,Not Fraud
993784,2805.5,Card,Cash Withdrawal,Paytm,Chandigarh,Unknown,ICICI,14,44.43,1,1,Domestic ,Not Fraud
963911,4514.96,UPI,Cash Withdrawal,Myntra,Jaipur,Android ,Union Bank,1,37.87,1,2,International,Not Fraud
534837,3659.04,Wallet,Bill Payment,Paytm,Surat,Unknown,Union Bank,3,15.57,1,2,Domestic,Not Fraud
976726,1505.03,UPI,Purchase,Flipkart,Delhi,Mac,Axis,15,26.5,0,0,International,Not Fraud
625127,10818.46,UPI,Recharge,CRED,Surat,Android ,SBI,15,30.46,0,3,International,Not Fraud
336659,2091.15,Wallet,Recharge,BigBasket,Chennai,iPhone,BOB,5,37.2,1,0,Domestic,Not Fraud
168327,634.95,POS,Purchase,Jio,Bhopal,Windows,BOB,12,36.21,1,1,Domestic ,Not Fraud
430252,1897.47,POS,Purchase,IRCTC,Chandigarh,Android ,HDFC,5,27.81,0,1,International,Not Fraud
220664,7068.53,UPI,Refund,Uber,Delhi,android,Axis,11,20.05,0,0,domestic,Not Fraud
168243,9796,Wallet,Purchase,Amazon India,Bengaluru,Mac,SBI,10,20.92,0,3,Domestic,Not Fraud
338239,302.3,Wallet,Bill Payment,Uber,Hyderabad,android,SBI,14,27.89,0,3,Domestic,Not Fraud
184644,406.72,ATM,Bill Payment,IRCTC,Bengaluru,Unknown,HDFC,13,39.18,0,1,Domestic ,Not Fraud
760992,843.76,ATM,Transfer,BookMyShow,Indore,Mac,Canara,15,17.88,0,0,domestic,Not Fraud
637430,,Wallet,Bill Payment,Razorpay,Jaipur,Mac,HDFC,14,53.15,1,2,domestic,No
653554,4989.72,Card,Bill Payment,Swiggy,Surat,iPhone,HDFC,13,25.93,0,1,International,Not Fraud
540855,1035.65,UPI,Cash Withdrawal,PhonePe,Hyderabad,Android,ICICI,8,43.05,0,1,Domestic,Not Fraud
316646,1202.39,UPI,Recharge,Razorpay,Mumbai,Android,Axis,1,36.1,0,1,Domestic,Not Fraud
487193,3027.37,UPI,Bill Payment,Paytm,Ahmedabad,Windows,Union Bank,9,43.1,0,2,Domestic ,Not Fraud
764514,3027.11,Card,Bill Payment,CRED,Lucknow,Windows,Kotak,12,22.96,1,0,International,Not Fraud
704579,10296.36,Card,Recharge,Google Pay,Chennai,android,Union Bank,9,46.55,0,3,International,Not Fraud
694213,998.69,UPI,Bill Payment,PhonePe,Delhi,Windows,Union Bank,14,53.04,0,1,Domestic ,Not Fraud
799847,3066.88,ATM,Refund,Swiggy,Patna,Mac,Kotak,5,56.07,0,2,Domestic ,Not Fraud
897396,1765.83,Card,Cash Withdrawal,Razorpay,Surat,android,SBI,10,46.92,1,0,domestic,Not Fraud
562620,4478.16,POS,Recharge,Swiggy,Bhopal,Android ,HDFC,7,31.44,0,3,International,Not Fraud
558843,5112.68,Card,Cash Withdrawal,PhonePe,Delhi,Android ,PNB,13,57.01,0,1,domestic,Not Fraud
904004,3060.29,POS,Transfer,Paytm,Pune,android,Kotak,8,43.54,1,2,Domestic ,Not Fraud
277443," ₹7,894.01",Card,Purchase,Flipkart,Hyderabad,Mac,PNB,4,55.2,0,3,domestic,Not Fraud
518684,2534.98,UPI,Recharge,Swiggy,Bengaluru,Android ,BOB,4,44.61,0,0,Domestic,Not Fraud
718594,8416.23,POS,Purchase,BookMyShow,Chennai,android,PNB,5,31.59,0,3,Domestic ,Not Fraud
589305,4376.25,POS,Transfer,MakeMyTrip,Bhopal,android,PNB,5,20.04,0,2,Domestic ,Not Fraud
447658,3808.4,ATM,Purchase,BookMyShow,Mumbai,Unknown,ICICI,6,16.29,0,1,Domestic ,Not Fraud
888576,1720.05,POS,Transfer,Swiggy,Patna,Windows,BOB,15,55.24,0,3,International,Not Fraud
829866,1563.89,UPI,Transfer,Uber,Mumbai,android,HDFC,9,31.13,1,3,Domestic,Not Fraud
694552,4427.89,POS,Refund,Flipkart,Bhopal,iPhone,Canara,8,44.19,0,0,Domestic ,Not Fraud
850213,2257.71,UPI,Transfer,BigBasket,Pune,Android,Kotak,12,22.77,1,3,domestic,Fraud
645911,583.56,POS,Bill Payment,Amazon India,Surat,Android ,Kotak,14,39.67,0,2,domestic,Not Fraud
286770,211.9,NetBanking,Transfer,Uber,Kolkata,android,Union Bank,11,16.43,0,2,Domestic,Not Fraud
964441,1067.52,NetBanking,,Airtel,Kochi,iPhone,ICICI,14,19.13,0,2,Domestic ,Fraud
255629,2184.45,Card,Recharge,BookMyShow,Pune,android,SBI,10,49.28,1,2,domestic,Fraud
141434, ₹194.49,POS,Bill Payment,IRCTC,Chennai,Android ,Kotak,11,23.07,0,0,domestic,Not Fraud
868883,1073.87,UPI,Recharge,Zomato,Hyderabad,Windows,ICICI,10,22.42,0,0,International,Not Fraud
344794,9603.53,POS,Bill Payment,MakeMyTrip,Chennai,Android ,Union Bank,6,2.27,0,0,domestic,Not Fraud
193115,6735.86,UPI,Refund,Meesho,Chandigarh,Windows,Kotak,13,17.67,0,2,Domestic,Not Fraud
883596,702.75,ATM,Cash Withdrawal,Ajio,Bengaluru,android,Axis,14,50.32,0,0,domestic,Fraud
252717,18599.72,NetBanking,Refund,Uber,Mumbai,Android,Union Bank,11,37.57,0,1,International,Not Fraud
748917,3757.0,Wallet,Purchase,IRCTC,Indore,iPhone,PNB,12,5.77,1,3,Domestic,Not Fraud
580425,6093.18,ATM,Transfer,Airtel,Chennai,Mac,Axis,11,11.94,1,3,Domestic ,Not Fraud
886715,8234.08,Card,Refund,MakeMyTrip,Chennai,android,PNB,2,25.77,1,2,domestic,Not Fraud
168138,16641.91,ATM,Purchase,CRED,Mumbai,Android,Kotak,5,54.03,0,2,Domestic ,Not Fraud
412219,15332.53,ATM,Transfer,PhonePe,Surat,Android,Kotak,14,12.58,0,3,Domestic ,Not Fraud
482308,10145.63,NetBanking,Bill Payment,Paytm,Mumbai,Windows,Kotak,2,35.08,1,2,International,Not Fraud
435728,6070.77,POS,Refund,Razorpay,Lucknow,Android ,ICICI,6,16.3,0,1,International,Not Fraud
410281,1683.58,NetBanking,Transfer,Meesho,Kolkata,iPhone,ICICI,3,26.35,1,1,Domestic,Not Fraud
802888,921.46,Wallet,Purchase,Uber,Bhopal,Unknown,BOB,15,3.9,1,1,domestic,Not Fraud
812991,7937.92,UPI,Bill Payment,BigBasket,Patna,Android,PNB,5,49.25,0,1,domestic,Not Fraud
863252,664.57,NetBanking,Recharge,BigBasket,Surat,android,Kotak,15,26.64,0,2,International,Not Fraud
521523,4900.11,Wallet,Purchase,BigBasket,Hyderabad,Windows,BOB,5,0.92,0,1,Domestic ,Not Fraud
543647,373.18,ATM,Refund,Razorpay,Jaipur,iPhone,BOB,10,55.06,1,0,domestic,Not Fraud
545645,808.28,UPI,Refund,PhonePe,Pune,Mac,Axis,8,23.05,0,2,International,Not Fraud
511841,673.62,Wallet,Recharge,Uber,Indore,Android ,Union Bank,2,30.72,1,3,domestic,Not Fraud
203274,3483.27,UPI,Refund,Paytm,Bhopal,iPhone,ICICI,15,37.34,0,0,Domestic ,Not Fraud
533601,1835.11,UPI,Refund,Ajio,Kolkata,Mac,Canara,6,42.78,1,0,domestic,Not Fraud
710414,614.6,NetBanking,Cash Withdrawal,Myntra,Kolkata,Android,HDFC,12,15.39,1,3,International,Not Fraud
689227,10137.14,UPI,Recharge,Amazon India,Bengaluru,Windows,PNB,4,12.3,0,3,Domestic,Not Fraud
823222,741.91,Card,Bill Payment,MakeMyTrip,Delhi,Android ,HDFC,3,18.52,1,3,Domestic,Not Fraud
515251,7745.44,POS,Purchase,Google Pay,Mumbai,android,Kotak,7,38.19,0,1,Domestic,Not Fraud
648177,2326.0,UPI,Recharge,Meesho,Mumbai,Windows,SBI,12,42.72,1,2,Domestic,Not Fraud
453005,975.23,Card,Refund,Airtel,Ahmedabad,Mac,Kotak,13,55.01,0,2,Domestic ,Not Fraud
187870,4107.43,POS,Bill Payment,Uber,Kolkata,Mac,BOB,7,11.8,1,3,International,Not Fraud
162868,364.34,Wallet,Recharge,BigBasket,Ahmedabad,Unknown,PNB,13,6.96,0,1,domestic,Not Fraud
746917,1606.42,Card,Bill Payment,PhonePe,Pune,Windows,Canara,3,49.23,0,3,Domestic,Fraud
983682,4985.63,Card,Bill Payment,BigBasket,Indore,Windows,PNB,1,28.28,0,3,Domestic,Not Fraud
781891,2525.47,POS,Bill Payment,Google Pay,Ahmedabad,Windows,Canara,11,50.35,0,1,Domestic ,Not Fraud
141182,14684.21,UPI,Transfer,Ajio,Bhopal,iPhone,BOB,9,5.27,0,1,domestic,Not Fraud
791238,1404.38,POS,Transfer,Google Pay,Mumbai,Unknown,Kotak,7,31.57,0,1,Domestic,Not Fraud
745651,8525.03,Card,Cash Withdrawal,BigBasket,Jaipur,android,Canara,4,3.36,0,3,International,Not Fraud
893274,2235.25,NetBanking,Recharge,Amazon India,Surat,iPhone,Union Bank,6,46.87,1,1,International,Not Fraud
661718,3952.42,ATM,Purchase,Amazon India,Ahmedabad,Unknown,Union Bank,1,46.32,1,2,International,Not Fraud
451829,5146.8,Wallet,Refund,Amazon India,Mumbai,android,Kotak,5,44.22,1,1,International,Not Fraud
565628,85.49,POS,Recharge,Ajio,Bhopal,Android,SBI,11,39.95,0,2,domestic,Not Fraud
646579,2779.25,ATM,Bill Payment,Google Pay,Kochi,Android,ICICI,15,28.88,1,2,Domestic ,Not Fraud
236001,5761.65,Wallet,Refund,Uber,Kochi,Unknown,HDFC,7,54.27,1,3,International,Fraud
916749,6885.86,ATM,Transfer,Airtel,Patna,Android ,PNB,1,13.21,0,0,Domestic,Not Fraud
531044,920.05,ATM,Refund,Google Pay,Lucknow,Unknown,HDFC,9,12.29,0,3,Domestic ,Not Fraud
259738,2585.18,NetBanking,Transfer,Amazon India,Patna,Unknown,Axis,15,29.5,0,1,domestic,Fraud
381444,2142.5,Wallet,Cash Withdrawal,Razorpay,Indore,iPhone,Canara,11,54.44,1,3,Domestic ,Not Fraud
849649,840.51,Wallet,Cash Withdrawal,Meesho,Kochi,iPhone,HDFC,5,46.39,1,0,International,Not Fraud
910670,443.85,POS,Refund,Uber,Kochi,Unknown,Axis,9,47.67,1,1,Domestic,Not Fraud
776787,39419.5,POS,Bill Payment,BookMyShow,Patna,Windows,Axis,4,45.32,0,2,Domestic,Not Fraud
905235,2146.85,UPI,Refund,SBI,Hyderabad,Unknown,Kotak,3,1.53,1,1,Domestic ,Not Fraud
569087,579.79,POS,Cash Withdrawal,Razorpay,Kolkata,Windows,HDFC,1,2.23,0,3,International,Not Fraud
739162,3669.56,Card,Bill Payment,IRCTC,Bhopal,Windows,Kotak,3,43.42,0,3,Domestic ,Not Fraud
632297,7856.57,UPI,Purchase,Swiggy,Delhi,Mac,PNB,15,31.76,0,2,Domestic ,Not Fraud
960414,125.84,POS,Recharge,BigBasket,Indore,Unknown,HDFC,9,4.94,1,2,Domestic,Not Fraud
285415,376.02,ATM,Refund,Meesho,Delhi,Windows,Canara,13,6.46,0,0,domestic,Fraud
537214,393.65,Wallet,Purchase,Razorpay,Surat,Unknown,SBI,15,3.89,1,3,International,No
252702,5531.52,ATM,Transfer,CRED,Kochi,iPhone,Axis,7,41.16,1,3,International,Not Fraud
720910,1747.99,Card,Bill Payment,Zomato,Chennai,Windows,Union Bank,9,23.7,0,0,Domestic,Not Fraud
834117,3568.48,Card,Transfer,Meesho,Indore,Android ,BOB,9,54.09,1,2,Domestic,Not Fraud
197177,942.33,Card,Recharge,PhonePe,Kolkata,Unknown,ICICI,13,12.29,1,0,domestic,Not Fraud
860007,346.63,Card,Transfer,Zomato,Lucknow,iPhone,BOB,11,18.03,0,2,Domestic,Not Fraud
487695,1872.48,Wallet,Bill Payment,Google Pay,Mumbai,Android,Kotak,4,28.02,1,1,International,Not Fraud
353895,28477.18,ATM,Transfer,Myntra,Hyderabad,Mac,BOB,7,35.89,0,0,Domestic,Fraud
595102,4734.5,Card,Recharge,Amazon India,Chandigarh,Unknown,PNB,1,56.34,1,0,Domestic,Not Fraud
355490,868.22,Card,Transfer,SBI,Bhopal,Mac,Kotak,2,32.79,0,2,domestic,Not Fraud
764302,7612.63,UPI,Purchase,SBI,Jaipur,Windows,BOB,13,59.78,1,0,Domestic ,Not Fraud
596436,3062.48,Card,Purchase,MakeMyTrip,Chennai,Mac,Canara,10,26.54,0,0,Domestic,Not Fraud
991435,757.08,Card,Cash Withdrawal,BigBasket,Ahmedabad,Unknown,SBI,14,33.17,1,1,Domestic ,Not Fraud
879385,2513.08,POS,Cash Withdrawal,Jio,Surat,Mac,Union Bank,13,11.87,0,0,International,Not Fraud
835527,1688.81,ATM,Purchase,CRED,Ahmedabad,Unknown,Kotak,11,41.91,0,3,International,No
189277,488.02,ATM,Bill Payment,Swiggy,Ahmedabad,Android,HDFC,12,47.04,1,1,International,Not Fraud
769711,,POS,Transfer,Airtel,Chennai,iPhone,BOB,2,53.33,0,0,Domestic ,Not Fraud
964253,7838.57,Card,Refund,Google Pay,Chennai,Android,Axis,2,3.7,0,3,domestic,Not Fraud
187358,668.16,UPI,Bill Payment,Zomato,Kochi,Unknown,Union Bank,12,3.89,1,0,domestic,Not Fraud
684807,3965.1,ATM,Recharge,Flipkart,Surat,Mac,ICICI,1,26.39,0,2,International,Not Fraud
410217,1427.62,UPI,Cash Withdrawal,Airtel,Chandigarh,android,HDFC,9,43.4,1,0,International,Fraud
607538,168.28,Card,Refund,Paytm,Ahmedabad,android,Kotak,9,11.68,1,1,Domestic ,Not Fraud
478373,3144.32,ATM,Cash Withdrawal,BookMyShow,Indore,Windows,HDFC,8,25.63,1,1,Domestic ,Not Fraud
969859,3286.07,Card,Refund,Paytm,Chandigarh,Android,PNB,8,32.23,0,3,Domestic ,Not Fraud
374891,4936.73,POS,Purchase,Meesho,Lucknow,Mac,Kotak,5,24.7,0,3,Domestic ,Not Fraud
992369,2834.06,Card,Bill Payment,Paytm,Ahmedabad,Unknown,Kotak,10,9.64,1,3,Domestic ,Not Fraud
594451," ₹2,928.31",UPI,Transfer,Zomato,Hyderabad,iPhone,Canara,11,36.38,1,1,International,Not Fraud
103922,889.4,POS,Refund,Myntra,Patna,Android,PNB,6,53.03,0,3,Domestic,Fraud
709751,17658.02,ATM,Refund,BookMyShow,Pune,Mac,Union Bank,1,10.48,1,0,Domestic ,Fraud
719635,643.18,Wallet,Recharge,Flipkart,Ahmedabad,android,SBI,3,19.85,1,2,Domestic ,Not Fraud
596419,4030.42,POS,Purchase,Ajio,Jaipur,Windows,PNB,2,19.48,0,0,Domestic ,Not Fraud
818538,4839.58,UPI,Transfer,Airtel,Hyderabad,iPhone,BOB,8,34.4,1,2,Domestic ,Not Fraud
774599,1652.74,UPI,Cash Withdrawal,PhonePe,Kochi,Mac,PNB,12,35.01,0,1,Domestic,Not Fraud
529396,2817.08,NetBanking,Recharge,Swiggy,Kochi,android,SBI,6,30.48,0,1,Domestic ,Not Fraud
601914,1493.22,POS,Recharge,Jio,Kochi,Android,Kotak,9,9.66,1,2,Domestic,Not Fraud
863116,684.91,ATM,Recharge,Airtel,Surat,Unknown,HDFC,11,14.9,1,0,International,Fraud
512774,2909.11,POS,Bill Payment,Airtel,Bhopal,iPhone,Axis,13,35.74,0,3,International,Not Fraud
481239,1983.52,ATM,Purchase,BigBasket,Chandigarh,Mac,HDFC,4,4.85,0,2,Domestic ,Not Fraud
134081,4441.12,Wallet,Cash Withdrawal,CRED,Jaipur,Unknown,BOB,5,11.1,0,0,International,Not Fraud
242791,1221.62,Card,Refund,CRED,Kochi,Windows,Kotak,2,40.74,0,0,International,Not Fraud
526558,759.65,Wallet,Transfer,Swiggy,Bengaluru,android,PNB,7,31.21,1,2,International,Fraud
172386,2076.04,Wallet,Bill Payment,Jio,Surat,Android,BOB,15,43.89,0,3,Domestic ,Not Fraud
814746,5009.99,ATM,Bill Payment,Myntra,Pune,Mac,Canara,11,57.11,1,2,Domestic ,Not Fraud
754332,7947.36,Card,Recharge,PhonePe,Chennai,Windows,Canara,10,34.03,0,0,Domestic ,Not Fraud
908058,2682.31,POS,Transfer,Meesho,Lucknow,android,Kotak,2,4.1,0,1,domestic,Not Fraud
243524,1857.48,UPI,Cash Withdrawal,PhonePe,Bhopal,android,SBI,7,3.99,0,2,Domestic,Not Fraud
674826,5075.15,UPI,Bill Payment,Jio,Kochi,Android,SBI,2,17.38,0,3,Domestic ,Not Fraud
787770,3717.0,Card,Transfer,Razorpay,Ahmedabad,Android ,HDFC,9,57.49,1,0,Domestic,Not Fraud
392805,4473.73,Card,Purchase,BigBasket,Chandigarh,iPhone,Axis,5,54.31,1,3,International,Not Fraud
790509,319.84,Card,Refund,Myntra,Ahmedabad,Windows,BOB,8,19.89,0,3,domestic,Not Fraud
393569,4441.81,POS,Refund,Razorpay,Bengaluru,Android,ICICI,2,48.77,0,3,International,Not Fraud
564209,1700.5,ATM,Recharge,Google Pay,Chandigarh,iPhone,Union Bank,8,32.06,0,2,domestic,Not Fraud
939946,2756.38,POS,Transfer,Ajio,Ahmedabad,Mac,BOB,5,32.03,0,3,domestic,Not Fraud
499747,10602.01,Card,Purchase,Swiggy,Pune,Unknown,BOB,12,44.57,1,3,domestic,Not Fraud
935630,1776.25,POS,Transfer,PhonePe,Ahmedabad,Unknown,Axis,6,20.27,0,1,domestic,Not Fraud
283446,3532.55,Card,Purchase,IRCTC,Pune,Mac,ICICI,14,7.65,1,0,Domestic ,Not Fraud
740234,9242.12,Wallet,Recharge,Uber,Patna,Android,Union Bank,9,51.31,1,3,Domestic,Not Fraud
564801,6301.63,ATM,Refund,Razorpay,Lucknow,Unknown,Axis,6,11.5,1,2,Domestic ,Fraud
978591,264.36,UPI,Transfer,Airtel,Bhopal,android,Axis,10,4.34,0,3,Domestic ,Not Fraud
119709,670.7,NetBanking,,Paytm,Chennai,Unknown,BOB,1,31.67,0,2,Domestic ,Not Fraud
482869,2721.48,ATM,Recharge,Google Pay,Pune,Android,Canara,4,33.77,0,0,International,Not Fraud
883205,4507.36,UPI,Refund,IRCTC,Chandigarh,android ,Union Bank,14,38.44,0,0,domestic,Not Fraud
525064,5348.71,POS,Recharge,Flipkart,Chennai,Android ,Canara,14,54.53,0,0,Domestic,Not Fraud
913238,1616.32,NetBanking,Cash Withdrawal,Paytm,Chennai,iPhone,PNB,12,10.8,1,0,Domestic ,Not Fraud
798288,9932.63,NetBanking,Transfer,Meesho,Jaipur,android,HDFC,5,44.85,0,3,Domestic,Not Fraud
565481,1851.51,Wallet,Transfer,Myntra,Kochi,iPhone,PNB,14,2.06,0,0,Domestic,Not Fraud
237625,1786.22,Card,Cash Withdrawal,Meesho,Surat,Android ,ICICI,4,49.48,0,1,Domestic ,Not Fraud
230302,1242,Wallet,Cash Withdrawal,Airtel,Bhopal,android,Canara,8,15.56,1,1,Domestic,Not Fraud
966053,2305.73,POS,Cash Withdrawal,SBI,Patna,Android,Kotak,14,23.61,1,2,domestic,fraud
546449,986.27,UPI,Refund,Ajio,Jaipur,iPhone,BOB,5,47.11,0,3,domestic,Not Fraud
409238,9645.04,NetBanking,Refund,Airtel,Kolkata,Android ,Kotak,13,27.19,0,0,Domestic,Not Fraud
484497,1698.14,POS,Cash Withdrawal,PhonePe,Bengaluru,Android ,ICICI,4,57.29,1,1,Domestic,Not Fraud
929259,4194.09,UPI,Refund,IRCTC,Delhi,android,SBI,8,27.87,0,0,Domestic,Not Fraud
502880,1633.75,ATM,Bill Payment,Jio,Surat,Unknown,SBI,4,4.34,1,2,domestic,Fraud
434721,374.51,POS,Bill Payment,CRED,Delhi,Unknown,HDFC,14,52.11,1,1,Domestic ,Not Fraud
315109,7336.41,Wallet,Purchase,Flipkart,Chandigarh,android,SBI,13,20.5,1,3,International,Not Fraud
158835,3049.65,Card,Purchase,CRED,Pune,Android ,BOB,3,38.31,0,3,Domestic,Not Fraud
451522,7179.47,ATM,Purchase,CRED,Kochi,Android ,Canara,10,45.53,0,2,International,YES
440178,3235.25,Card,Refund,SBI,Kochi,android,Union Bank,6,55.13,1,2,Domestic,Not Fraud
181955,1064.41,UPI,Transfer,Amazon India,Bhopal,Mac,BOB,15,25.02,0,0,International,Not Fraud
635504,1282.06,NetBanking,Transfer,Paytm,Ahmedabad,Android ,BOB,2,24.37,1,3,Domestic,Not Fraud
827931,3262.74,NetBanking,Refund,Uber,Kochi,Mac,SBI,15,36.67,0,3,Domestic,Not Fraud
611910,343.95,POS,Recharge,Google Pay,Chennai,iPhone,Canara,6,36.56,1,0,Domestic,Not Fraud
248590,1190.53,POS,Purchase,BookMyShow,Lucknow,Mac,Kotak,5,26.24,0,2,Domestic ,Not Fraud
259535,824.85,POS,Cash Withdrawal,Myntra,Mumbai,Android ,HDFC,14,31.6,1,3,domestic,Not Fraud
768865,1621.23,ATM,Refund,Google Pay,Jaipur,Android,BOB,11,8.13,1,1,Domestic,Not Fraud
713558,12128.53,Card,Refund,BigBasket,Kolkata,Mac,Axis,5,25.5,1,0,International,Not Fraud
710294,2690.04,ATM,Bill Payment,Swiggy,Hyderabad,iPhone,ICICI,12,27.18,0,2,International,Not Fraud
726431,3291.27,Card,Bill Payment,Meesho,kolkata,android,PNB,11,45.53,0,3,domestic,Not Fraud
163788,2515.74,NetBanking,Purchase,Paytm,Kochi,iPhone,SBI,15,46.71,0,1,International,Not Fraud
484611, ₹990.21,Wallet,Transfer,BookMyShow,Delhi,Unknown,ICICI,11,38.77,0,3,Domestic ,Not Fraud
815914,9813.37,POS,Bill Payment,CRED,Surat,Android,PNB,15,29.64,1,0,Domestic ,Not Fraud
392562,839.09,Card,Purchase,CRED,Bengaluru,Android ,HDFC,13,42.9,0,0,domestic,Not Fraud
882328,16361.75,NetBanking,Refund,BigBasket,Kochi,Mac,HDFC,1,5.7,0,1,Domestic,Not Fraud
340825,785.88,Wallet,Cash Withdrawal,Airtel,Surat,Android,ICICI,9,25.15,1,0,Domestic ,Not Fraud
742205,20503.74,Card,Cash Withdrawal,IRCTC,Chandigarh,Android ,ICICI,12,13.22,0,0,domestic,Not Fraud
645113,2729.2,NetBanking,Transfer,Zomato,Patna,Unknown,HDFC,1,27.33,0,0,Domestic,Fraud
749991,1158.36,NetBanking,Recharge,PhonePe,Bhopal,Unknown,Kotak,7,23.12,0,0,Domestic,Not Fraud
927113,1550.26,UPI,Purchase,Airtel,Bengaluru,Unknown,Union Bank,8,29.75,0,1,Domestic ,Not Fraud
685836,240.3,NetBanking,Transfer,Jio,Kochi,Windows,HDFC,10,42.32,1,1,Domestic ,Not Fraud
168901,841.85,ATM,Transfer,Jio,Bhopal,Android,Canara,11,55.21,1,3,Domestic ,Not Fraud
242982,1964.79,ATM,Purchase,Google Pay,Chennai,iPhone,ICICI,3,52.89,1,1,Domestic ,Not Fraud
696086,1577.0,ATM,Refund,Uber,Hyderabad,Windows,ICICI,5,2.52,1,3,domestic,Not Fraud
410496,10671.77,UPI,Refund,Razorpay,Mumbai,Android,BOB,10,3.93,1,1,domestic,Not Fraud
609232,5172.44,Wallet,Refund,Amazon India,Pune,Mac,Canara,14,33.32,0,1,Domestic ,Not Fraud
864769,5276.35,NetBanking,Bill Payment,PhonePe,Chandigarh,iPhone,PNB,8,11.65,0,0,International,Not Fraud
504966,629.68,NetBanking,Transfer,Zomato,Ahmedabad,Windows,ICICI,2,12.25,0,1,International,Not Fraud
850533,2735.85,NetBanking,Purchase,Uber,Kochi,Mac,Canara,2,30.87,1,0,Domestic ,Not Fraud
868490,2415.95,Wallet,Bill Payment,Swiggy,Hyderabad,Mac,ICICI,4,58.12,1,0,International,Not Fraud
506364,4532.61,POS,Recharge,Razorpay,Kochi,Android ,HDFC,2,47.9,1,3,Domestic,Not Fraud
156969,3087.51,NetBanking,Transfer,MakeMyTrip,Patna,Android,BOB,8,12.99,0,0,International,Not Fraud
257024,731.7,ATM,Cash Withdrawal,IRCTC,Bhopal,android,Axis,9,50.35,0,3,Domestic ,Not Fraud
361038,6703.11,POS,Cash Withdrawal,Amazon India,Chennai,Android,HDFC,8,0.86,1,2,Domestic ,Not Fraud
719539,4386.3,Wallet,Refund,IRCTC,Hyderabad,Unknown,PNB,8,53.26,0,3,Domestic ,Not Fraud
987018,4958.44,NetBanking,Cash Withdrawal,Ajio,Pune,iPhone,Canara,14,18.5,0,3,Domestic ,Not Fraud
904659,733.78,Wallet,Bill Payment,PhonePe,Jaipur,Android ,SBI,12,29.17,1,2,Domestic ,Not Fraud
742694,1227.51,UPI,Cash Withdrawal,Amazon India,Bengaluru,iPhone,BOB,12,51.66,0,2,domestic,Not Fraud
101330,1441.33,ATM,Purchase,MakeMyTrip,Bhopal,Android,SBI,4,38.53,0,1,Domestic ,Not Fraud
291183,1390.97,Card,Transfer,Amazon India,Patna,Android ,Canara,5,51.46,1,1,Domestic ,Not Fraud
490854,2926.75,Wallet,Refund,Flipkart,Bengaluru,Android ,PNB,9,23.16,1,1,domestic,Not Fraud
756497,2176.41,POS,Bill Payment,BookMyShow,Mumbai,Windows,Canara,4,51.94,0,0,domestic,Not Fraud
771692,1769.89,Card,Refund,Uber,Indore,Mac,PNB,3,42.54,0,3,domestic,Not Fraud
663286,11965.11,NetBanking,Recharge,BookMyShow,Hyderabad,Android ,HDFC,10,42.32,1,2,Domestic ,Not Fraud
112412,4131.16,Wallet,Cash Withdrawal,Jio,Kochi,Unknown,Kotak,11,15.11,1,3,Domestic,Not Fraud
205902,3134.52,ATM,Refund,Meesho,Chennai,Mac,Axis,5,11.12,0,1,Domestic,Not Fraud
442380,968.65,POS,Transfer,Zomato,Lucknow,iPhone,BOB,7,24.8,0,0,International,Not Fraud
366641,1531.87,UPI,Cash Withdrawal,IRCTC,Delhi,Windows,HDFC,12,9.16,1,0,domestic,Not Fraud
626295,2358.66,UPI,Recharge,Google Pay,Mumbai,android,PNB,6,49.89,1,2,Domestic,Not Fraud
380943,7500.25,NetBanking,Cash Withdrawal,PhonePe,Bhopal,Unknown,BOB,15,32.72,1,2,International,Not Fraud
975010,6141.68,POS,Transfer,Paytm,Lucknow,Windows,SBI,10,58.09,0,1,domestic,Not Fraud
744751,2852.01,UPI,Refund,Google Pay,Chandigarh,iPhone,ICICI,15,30.8,1,0,Domestic,Yes
872460,5294.22,NetBanking,Recharge,Paytm,Chennai,Mac,Kotak,5,50.1,1,2,Domestic,Not Fraud
868816,678.68,UPI,Cash Withdrawal,IRCTC,Pune,android,BOB,2,3.38,0,2,International,Not Fraud
632634,4488.89,ATM,Refund,MakeMyTrip,Patna,Android ,Union Bank,1,59.02,0,0,Domestic ,Fraud
396959,3108.49,NetBanking,Refund,Airtel,Hyderabad,Windows,Canara,13,34.45,1,0,Domestic,Not Fraud
691246,5141.3,ATM,Bill Payment,Ajio,Ahmedabad,Windows,Canara,10,51.58,0,3,International,Not Fraud
338482,595.34,Wallet,Bill Payment,BigBasket,Hyderabad,Windows,SBI,14,57.62,1,2,Domestic,Not Fraud
814979,1909.63,Card,Cash Withdrawal,Airtel,Chennai,Mac,Axis,3,16.78,0,0,Domestic ,Not Fraud
756532,4055.86,NetBanking,Bill Payment,Zomato,Bengaluru,iPhone,ICICI,3,49.18,0,3,Domestic,Not Fraud
205286,1502.16,UPI,Recharge,Razorpay,Ahmedabad,android,BOB,3,13.59,1,2,Domestic ,Not Fraud
749213,2100.95,Card,Cash Withdrawal,Swiggy,Indore,Unknown,SBI,2,18.06,0,1,Domestic,Not Fraud
803386,3315.51,NetBanking,Cash Withdrawal,IRCTC,Chennai,Unknown,HDFC,2,17.69,1,1,Domestic ,Not Fraud
903404,614.12,Card,Cash Withdrawal,CRED,Hyderabad,android,SBI,13,45.13,0,3,Domestic ,Not Fraud
803434,696.78,Wallet,Purchase,Google Pay,Lucknow,android,SBI,3,7.71,1,2,International,Not Fraud
292204,1330.09,Card,Cash Withdrawal,Uber,Pune,Unknown,BOB,12,53.93,0,2,International,Not Fraud
438538,1435.16,NetBanking,Bill Payment,PhonePe,Jaipur,Unknown,HDFC,6,13.8,1,2,domestic,Not Fraud
681820,2520.74,UPI,Cash Withdrawal,Ajio,Jaipur,iPhone,Kotak,6,12.77,0,0,Domestic,Not Fraud
980722,2362.49,UPI,Refund,Zomato,Patna,android,Canara,11,6.08,0,1,International,Not Fraud
110025,449,UPI,Recharge,SBI,Lucknow,Mac,Union Bank,6,15.42,1,0,domestic,Not Fraud
700844,1742.7,ATM,Transfer,IRCTC,Bhopal,iPhone,Axis,6,16.12,1,3,domestic,Not Fraud
604263,1342.74,Card,Purchase,SBI,Kochi,Windows,BOB,15,28.65,1,1,domestic,Not Fraud
636646,1816.89,UPI,Transfer,Swiggy,Mumbai,Mac,SBI,3,7.91,1,1,domestic,Fraud
827522,1326.65,POS,Purchase,Google Pay,Pune,Mac,PNB,7,26.41,0,1,Domestic ,Not Fraud
452886,1280.68,UPI,Purchase,BookMyShow,Patna,iPhone,Kotak,8,31.62,0,1,domestic,Not Fraud
933221,2052.28,Wallet,Cash Withdrawal,PhonePe,Indore,iPhone,Kotak,8,26.47,1,2,domestic,Not Fraud
168198,,ATM,Transfer,Razorpay,Delhi,android,ICICI,8,49.9,1,1,domestic,Fraud
239717,4152.03,Wallet,Recharge,Ajio,Kolkata,Android,Canara,15,47.51,1,1,Domestic ,Not Fraud
675209,4520.69,Wallet,Purchase,BigBasket,Ahmedabad,Windows,Kotak,11,38.97,1,2,Domestic,Not Fraud
227686,3469.93,ATM,Refund,BigBasket,Mumbai,Unknown,PNB,15,46.17,0,3,Domestic ,Fraud
579088,1893.45,ATM,Purchase,BigBasket,Lucknow,Mac,SBI,14,36.12,0,3,Domestic ,Not Fraud
942491,2440.81,Wallet,Purchase,SBI,Lucknow,Android,Kotak,6,25.03,0,1,International,Not Fraud
475148,5394.97,Card,Refund,Uber,Chennai,Mac,Canara,2,11.82,1,2,domestic,Not Fraud
861470,316.2,POS,Transfer,MakeMyTrip,Delhi,android,ICICI,1,56.41,0,0,Domestic ,Not Fraud
828473,2775.91,ATM,Transfer,Zomato,Bhopal,Windows,PNB,3,11.41,0,3,Domestic,Not Fraud
633586,5492.15,POS,Purchase,Uber,Bengaluru,Android,ICICI,13,0.98,1,0,International,Not Fraud
801822,1967.68,ATM,Transfer,PhonePe,Ahmedabad,Unknown,Axis,11,5.21,1,3,Domestic,Fraud
329193,878.77,NetBanking,Cash Withdrawal,Ajio,Mumbai,Mac,ICICI,14,18.85,0,0,domestic,Not Fraud
924850,1731.67,POS,Bill Payment,Airtel,Lucknow,Mac,Union Bank,5,15.29,0,3,Domestic,Not Fraud
889462,1781.96,ATM,Recharge,SBI,Chandigarh,Android ,Axis,12,50.4,1,3,Domestic ,Not Fraud
896906,2650.01,UPI,Transfer,Zomato,Delhi,Mac,PNB,15,21.07,0,2,International,Not Fraud
208626,,UPI,Recharge,MakeMyTrip,Bengaluru,Mac,SBI,12,59.92,0,1,Domestic ,Not Fraud
937766,3097.64,Wallet,Refund,CRED,Jaipur,Mac,Canara,4,43.34,0,2,International,Not Fraud
347135,2926.43,Wallet,Bill Payment,Airtel,Hyderabad,Mac,BOB,3,9.15,1,3,Domestic ,Not Fraud
241571,13071.0,POS,Transfer,BigBasket,Kolkata,Android ,Kotak,5,1.3,1,1,Domestic,Not Fraud
713883,2424.17,Card,Bill Payment,Zomato,Chandigarh,Windows,ICICI,10,59.43,1,3,International,Not Fraud
675638,6073.98,ATM,Bill Payment,MakeMyTrip,Indore,android,SBI,6,37.7,0,2,Domestic ,Not Fraud
797923,10321.46,ATM,Purchase,Flipkart,Chandigarh,android,PNB,3,56.73,1,0,domestic,Not Fraud
849276,8745.53,NetBanking,Recharge,CRED,Ahmedabad,Android ,Union Bank,13,56.8,0,0,Domestic,Not Fraud
836707,2011.16,NetBanking,Bill Payment,Swiggy,Bengaluru,Android ,Axis,8,43.53,1,1,Domestic ,Not Fraud
473945,3782.84,UPI,Bill Payment,Ajio,Patna,android,PNB,3,26.16,1,2,domestic,Not Fraud
364280,1338.03,UPI,Bill Payment,CRED,Indore,Android,PNB,1,28.98,1,1,International,Not Fraud
358899,15528.24,Card,Refund,SBI,Indore,iPhone,ICICI,12,9.11,0,0,Domestic ,Not Fraud
909907,1505.25,ATM,Transfer,MakeMyTrip,Ahmedabad,android,PNB,8,41.74,0,1,domestic,Not Fraud
694528,2314.35,UPI,Transfer,Razorpay,Bengaluru,Windows,HDFC,15,19.78,1,1,International,Not Fraud
812534,612.49,POS,Refund,MakeMyTrip,Ahmedabad,Android ,Union Bank,9,29.25,0,2,Domestic,Not Fraud
387499,460.07,NetBanking,Recharge,Uber,Bengaluru,Unknown,Union Bank,7,18.13,0,3,International,Not Fraud
750677,1555.25,Card,Refund,Google Pay,Delhi,Unknown,Union Bank,5,54.22,1,3,Domestic ,Not Fraud
720885,1571.7,NetBanking,Purchase,Flipkart,Kochi,android,Axis,2,35.22,0,3,Domestic ,Not Fraud
485336,5316.44,POS,Transfer,Swiggy,Chandigarh,iPhone,BOB,8,31.27,0,0,International,Not Fraud
365027,2245.54,Wallet,Purchase,Ajio,Mumbai,android,Kotak,2,55.45,1,2,domestic,Not Fraud
335281,2183.66,Card,Cash Withdrawal,Flipkart,Bengaluru,Android,Axis,10,40.01,1,1,Domestic ,Not Fraud
574554,3332.49,NetBanking,Recharge,BookMyShow,Bengaluru,Android ,SBI,4,28.96,0,1,Domestic ,Not Fraud
260829,2390.73,UPI,Recharge,Airtel,Pune,iPhone,HDFC,5,38.67,1,0,International,YES
696632,2419.94,Card,Recharge,Ajio,Surat,Android ,BOB,8,36.31,1,1,Domestic,Not Fraud
288217," ₹1,205.15",Wallet,Bill Payment,Jio,Patna,Windows,SBI,11,56.77,0,0,Domestic ,Not Fraud
625410,1607.93,POS,Bill Payment,IRCTC,Kolkata,Windows,Canara,6,3.01,0,1,Domestic ,Not Fraud
493216,661.93,Wallet,Recharge,Swiggy,Chennai,Windows,Axis,5,13.26,0,1,Domestic,Not Fraud
745962,448.98,NetBanking,Recharge,Ajio,Hyderabad,Mac,BOB,4,15.12,0,1,domestic,Not Fraud
331140,,Wallet,Cash Withdrawal,Zomato,Delhi,Windows,Canara,11,4.66,1,0,domestic,Not Fraud
402857,2472.02,ATM,Cash Withdrawal,SBI,Hyderabad,Android ,SBI,15,2.36,1,0,International,Not Fraud
158450,11753.85,UPI,Transfer,MakeMyTrip,Lucknow,Unknown,BOB,13,46.91,1,1,domestic,Fraud
596280,1509.13,ATM,Recharge,CRED,Chandigarh,Android ,ICICI,5,54.91,0,2,domestic,Not Fraud
102762,1303.37,POS,Transfer,Google Pay,Jaipur,android,ICICI,3,53.64,0,1,Domestic,Not Fraud
131978,4261.0,POS,Refund,Myntra,Delhi,Mac,BOB,13,50.22,1,0,Domestic,Not Fraud
522689,3343.69,Card,Cash Withdrawal,MakeMyTrip,Ahmedabad,iPhone,Axis,12,17.8,0,3,domestic,Not Fraud
155591,3056.23,POS,Recharge,BigBasket,Ahmedabad,Windows,HDFC,13,57.17,1,0,Domestic,Not Fraud
135512,4595.51,Wallet,Cash Withdrawal,Paytm,Surat,android,SBI,3,44.12,0,3,International,Not Fraud
944445,670.08,Card,Refund,Swiggy,Ahmedabad,Unknown,Axis,4,25.97,1,3,Domestic,Not Fraud
641082,2104.44,UPI,Bill Payment,Jio,Indore,Unknown,SBI,8,52.24,0,0,Domestic ,Not Fraud
896571,2049.91,ATM,Recharge,IRCTC,Ahmedabad,iPhone,PNB,8,24.14,0,3,International,YES
324109,5571.26,NetBanking,Cash Withdrawal,Meesho,Hyderabad,iPhone,ICICI,10,15.9,1,2,International,Not Fraud
423253,1506.9,Card,Transfer,CRED,Kolkata,Mac,Kotak,6,39.38,1,0,Domestic,YES
972376,1924.61,Wallet,Transfer,Ajio,Mumbai,Mac,Kotak,2,1.5,0,3,Domestic,Not Fraud
513862,4509.82,NetBanking,Purchase,IRCTC,Lucknow,Mac,ICICI,13,27.36,0,1,domestic,Not Fraud
105481,1497.32,ATM,Cash Withdrawal,PhonePe,Patna,Mac,Union Bank,14,15.73,1,3,Domestic ,Not Fraud
286097,1246.81,POS,Purchase,Jio,Kolkata,Unknown,HDFC,10,51.61,1,0,International,Not Fraud
793655,3178.79,Card,Bill Payment,Razorpay,Ahmedabad,iPhone,SBI,3,40.56,1,1,Domestic,Not Fraud
809627,91.97,UPI,Recharge,Swiggy,Bengaluru,android,SBI,4,27.34,1,3,Domestic ,Not Fraud
248054,2371.92,ATM,Purchase,Amazon India,Lucknow,android,Union Bank,2,10.16,0,3,Domestic ,Fraud
416284,821.62,NetBanking,Recharge,PhonePe,Pune,Windows,Axis,8,24.06,0,0,Domestic,Not Fraud
283912,3062.05,NetBanking,Bill Payment,Ajio,Kolkata,Android,Canara,8,45.24,0,1,domestic,Not Fraud
925737,127637.28,Wallet,Bill Payment,Amazon India,Delhi,android,Canara,12,31.18,1,0,International,Fraud
925100,6427.13,ATM,Bill Payment,Zomato,Delhi,iPhone,Axis,8,58.48,0,0,domestic,Not Fraud
619649,2358.71,ATM,Bill Payment,MakeMyTrip,Chennai,Mac,HDFC,10,10.06,0,0,International,YES
288275,1247.8,NetBanking,Cash Withdrawal,Swiggy,Indore,Android,Union Bank,8,31.15,1,3,Domestic ,Not Fraud
557671,7418.81,ATM,Recharge,MakeMyTrip,Bhopal,Windows,SBI,6,8.67,1,1,domestic,Not Fraud
881102,19280.18,UPI,Refund,Zomato,Surat,Android,HDFC,13,22.57,1,0,Domestic,Not Fraud
796547,419.78,Wallet,Transfer,MakeMyTrip,Mumbai,android,PNB,15,32.38,1,3,Domestic,Not Fraud
739053,6142.84,POS,Bill Payment,SBI,Delhi,Unknown,BOB,4,43.51,0,1,International,Not Fraud
286493,507.78,UPI,Purchase,Paytm,Chandigarh,android,HDFC,2,23.72,0,3,domestic,Not Fraud
713890,8632.48,Card,Recharge,Amazon India,Jaipur,iPhone,PNB,3,15.05,0,3,Domestic ,Not Fraud
763069,7203.35,Card,Transfer,Myntra,Bengaluru,iPhone,Union Bank,13,49.66,1,0,International,Not Fraud
711431,5620.65,Card,Recharge,MakeMyTrip,Bengaluru,iPhone,Kotak,15,26.56,0,2,International,Not Fraud
116885," ₹1,159.61",Wallet,Transfer,PhonePe,Bengaluru,Mac,ICICI,10,1.07,0,0,International,Not Fraud
825811,,UPI,Recharge,PhonePe,Ahmedabad,Windows,PNB,3,48.81,1,2,Domestic,Not Fraud
919286,674.1,Card,Bill Payment,Uber,Bhopal,Android ,SBI,10,35.6,0,2,Domestic ,Not Fraud
555174,2756.85,Wallet,Transfer,Ajio,Lucknow,android,BOB,9,32.83,1,3,International,Not Fraud
635179,16428.31,Wallet,Transfer,BookMyShow,Delhi,Android ,Kotak,10,40.81,0,0,Domestic ,Not Fraud
335096,12473.34,Card,Refund,IRCTC,Lucknow,Android ,SBI,15,21.57,0,3,Domestic ,Yes
121212,12368.67,UPI,Transfer,Flipkart,Ahmedabad,Windows,BOB,14,44.02,0,0,Domestic,Not Fraud
356514,6279.71,Wallet,Cash Withdrawal,Zomato,Kochi,iPhone,Canara,15,45.79,1,2,Domestic,No
424386,544.64,NetBanking,Recharge,MakeMyTrip,Surat,iPhone,HDFC,7,59.49,0,2,Domestic ,Not Fraud
827689,317.59,POS,Recharge,MakeMyTrip,Jaipur,Unknown,Canara,14,54.82,0,3,International,Not Fraud
256245," ₹2,285.15",POS,Purchase,Paytm,Kolkata,Unknown,Kotak,1,0.79,0,0,domestic,Not Fraud
138775,3123.35,NetBanking,Recharge,Amazon India,Chandigarh,Mac,Canara,13,26.19,1,0,International,Not Fraud
997357,2712.61,UPI,Cash Withdrawal,BigBasket,Kolkata,Mac,BOB,4,55.2,1,2,domestic,Not Fraud
424462,3562.21,POS,Cash Withdrawal,Swiggy,Bengaluru,Mac,SBI,11,38.1,1,1,Domestic ,Not Fraud
208986,15427.09,Card,Purchase,IRCTC,Ahmedabad,Android,Union Bank,15,21.64,0,0,Domestic,Not Fraud
848631,2617.84,POS,Purchase,Uber,Patna,Android,SBI,5,57.38,1,0,International,Not Fraud
650278,468.93,ATM,Cash Withdrawal,Zomato,Bengaluru,Unknown,BOB,12,14.86,0,2,domestic,Not Fraud
674940,1699.18,NetBanking,Bill Payment,PhonePe,Pune,Unknown,PNB,9,5.4,1,0,Domestic ,Not Fraud
473767,1875.97,Card,Refund,Uber,Kolkata,android,Canara,14,37.99,0,0,domestic,Not Fraud
926312,1501.06,UPI,Bill Payment,SBI,Chennai,Mac,Kotak,8,8.2,1,2,Domestic ,Not Fraud
131608,4271.8,ATM,Refund,Paytm,Ahmedabad,android,Axis,2,18.78,1,3,Domestic,Not Fraud
999191,3368.99,POS,Bill Payment,SBI,Surat,Windows,BOB,8,27.28,1,0,domestic,Not Fraud
576992,5749.41,NetBanking,Transfer,Myntra,Ahmedabad,iPhone,Canara,3,7.24,1,2,domestic,Not Fraud
722460,544.64,NetBanking,Bill Payment,SBI,Ahmedabad,Unknown,PNB,13,6.09,0,2,domestic,Not Fraud
909037,5586,Card,Purchase,IRCTC,Patna,android,PNB,10,27.2,0,1,Domestic ,Not Fraud
414361,5725.4,Card,Cash Withdrawal,Razorpay,Mumbai,Android,Union Bank,1,26.46,1,0,Domestic ,Not Fraud
466304,650.49,Card,Recharge,MakeMyTrip,Chandigarh,Android ,Kotak,9,46.91,1,0,Domestic ,Not Fraud
454815,5327.19,Wallet,Refund,SBI,Indore,Android,Kotak,4,42.14,0,3,International,Not Fraud
324990,483.31,ATM,Purchase,Swiggy,Chandigarh,Android,Union Bank,4,15.49,1,3,domestic,Not Fraud
650445,4286.99,ATM,Bill Payment,Airtel,Lucknow,Unknown,SBI,2,12.65,0,1,Domestic,Not Fraud
634962,6028.45,Wallet,Bill Payment,PhonePe,Ahmedabad,Windows,BOB,3,10.94,0,3,Domestic ,Not Fraud
356312,2447.27,Card,Refund,Flipkart,Bengaluru,Mac,Kotak,3,44.65,0,2,domestic,Not Fraud
368381,799.51,Card,Transfer,BookMyShow,Patna,Unknown,HDFC,14,34.49,0,3,domestic,Not Fraud
113719,,POS,Refund,Airtel,Bengaluru,iPhone,ICICI,10,56.17,0,1,domestic,Not Fraud
208428,12331.62,POS,Purchase,PhonePe,Chandigarh,Android ,Union Bank,7,41.89,1,2,Domestic ,Not Fraud
756175,,NetBanking,Cash Withdrawal,Amazon India,Patna,iPhone,PNB,1,49.84,1,1,Domestic,Not Fraud
412088,3719.4,POS,Cash Withdrawal,CRED,Lucknow,Android ,HDFC,4,1.62,1,3,Domestic ,Not Fraud
252839,527.23,POS,Recharge,Razorpay,Bhopal,Mac,PNB,5,54.17,0,2,Domestic ,Fraud
296160,1601.35,UPI,Refund,Uber,Bengaluru,iPhone,Axis,7,3.69,1,0,Domestic,Not Fraud
992240,1618.31,Card,Recharge,BookMyShow,Bengaluru,android,SBI,9,4.31,0,0,Domestic,Not Fraud
481500,160.82,Card,Recharge,Swiggy,Patna,iPhone,HDFC,8,9.81,0,3,Domestic,Not Fraud
684248,31264.72,ATM,Cash Withdrawal,BigBasket,Kolkata,Android,SBI,7,27.79,1,0,Domestic ,Not Fraud
793655,2299.28,ATM,Recharge,IRCTC,Bengaluru,Unknown,Axis,3,36.44,0,0,International,Not Fraud
126371,2735.75,Wallet,Cash Withdrawal,SBI,Bengaluru,Windows,PNB,4,52.37,0,3,domestic,Not Fraud
186895,11430.88,POS,Purchase,BigBasket,Pune,iPhone,HDFC,11,32.44,0,3,Domestic,Not Fraud
860525,286.55,Card,Bill Payment,Jio,Jaipur,Mac,Canara,4,34.23,1,0,Domestic,Not Fraud
719611,1224.29,Wallet,Bill Payment,Razorpay,Indore,Mac,Canara,3,15.37,1,3,domestic,Not Fraud
536533,3036.85,POS,Purchase,Airtel,Pune,Android,Canara,6,3.27,0,3,Domestic,Not Fraud
240013,1967.79,UPI,Transfer,Airtel,Jaipur,Mac,Union Bank,5,16.4,1,2,International,Not Fraud
288744,2834.27,UPI,Transfer,SBI,,Windows,Axis,6,40.67,1,3,domestic,Not Fraud
886793,1256.99,UPI,Bill Payment,Jio,Surat,iPhone,Union Bank,1,25.02,0,2,Domestic ,Not Fraud
357582,2025.68,UPI,Recharge,Paytm,Jaipur,Android,SBI,12,36.57,0,3,International,Not Fraud
215471,1403.62,Wallet,Purchase,Myntra,Kochi,Android ,HDFC,7,19.9,1,0,Domestic,Fraud
468417,937.46,Card,Cash Withdrawal,Swiggy,Kochi,Windows,SBI,6,56.47,1,0,Domestic,Fraud
738747,2313.59,ATM,Transfer,IRCTC,Jaipur,Unknown,ICICI,3,41.21,0,1,Domestic,Not Fraud
115378,943.61,Wallet,Transfer,PhonePe,Bengaluru,Android ,ICICI,15,15.39,1,2,domestic,Not Fraud
404346,680.73,POS,Cash Withdrawal,MakeMyTrip,Mumbai,Mac,BOB,11,39.07,0,2,Domestic ,Not Fraud
856606,3258.71,Wallet,Purchase,Airtel,Chandigarh,iPhone,BOB,15,22.5,0,3,International,Not Fraud
554009,6303.97,POS,Transfer,CRED,Ahmedabad,Mac,PNB,13,52.02,0,3,International,Not Fraud
446339,12119.65,Wallet,Recharge,Myntra,Chennai,Android,Kotak,2,50.83,0,0,International,Not Fraud
807073,,ATM,Cash Withdrawal,CRED,Indore,Mac,Union Bank,9,39.59,1,0,International,Not Fraud
968609,526.55,Card,Bill Payment,MakeMyTrip,Pune,Android,Axis,4,45.93,0,0,domestic,Not Fraud
556286,1257.35,Wallet,Purchase,Flipkart,Chennai,Windows,ICICI,12,9.81,0,2,International,Not Fraud
561267,1421,POS,Transfer,BigBasket,Chandigarh,Unknown,ICICI,15,23.21,1,0,International,Not Fraud
742032,7835.05,NetBanking,Purchase,Uber,Bengaluru,iPhone,HDFC,6,14.53,0,3,Domestic,Not Fraud
172365,2395.81,ATM,Recharge,PhonePe,Patna,Windows,SBI,3,45.59,0,2,Domestic,Fraud
674686,29119.66,ATM,Transfer,Paytm,Delhi,Mac,HDFC,13,52.06,1,1,International,Not Fraud
253430,1380.45,UPI,Bill Payment,PhonePe,Bengaluru,Mac,BOB,3,16.29,1,3,International,Not Fraud
294691,1732.43,Card,Cash Withdrawal,Swiggy,Indore,Windows,ICICI,8,2.67,1,2,domestic,Not Fraud
264498,1295.96,Wallet,Refund,CRED,Mumbai,Android ,Canara,7,1.89,1,0,Domestic,Not Fraud
661521,3604.48,Card,Bill Payment,IRCTC,Pune,android,Union Bank,15,50.64,0,2,domestic,No
186340,93.9,NetBanking,Recharge,IRCTC,Kolkata,Android ,BOB,4,47.22,0,0,Domestic ,Not Fraud
818128,7346.66,ATM,Refund,Paytm,Chennai,android,BOB,15,33.44,0,3,Domestic ,Not Fraud
554523,1173.0,UPI,Bill Payment,IRCTC,Chandigarh,android,Union Bank,4,13.14,1,2,Domestic ,Not Fraud
760545,11947.01,Card,Refund,Airtel,Bengaluru,Mac,Axis,14,10.65,0,0,Domestic ,Not Fraud
351802,7560.1,UPI,Bill Payment,IRCTC,Ahmedabad,Android ,PNB,11,49.14,1,0,domestic,Not Fraud
500833,2321.57,POS,Transfer,Google Pay,Hyderabad,android,Kotak,11,36.29,0,0,domestic,Not Fraud
972044,3147.9,POS,Transfer,MakeMyTrip,Chennai,android,Kotak,14,58.34,0,3,Domestic,Not Fraud
291038,4513.23,Card,Purchase,SBI,Bhopal,iPhone,Canara,4,17.03,1,3,International,Not Fraud
664163,668.85,ATM,Cash Withdrawal,Myntra,Hyderabad,Android,HDFC,5,54.42,0,3,Domestic,Not Fraud
986611,1240.29,ATM,Cash Withdrawal,Zomato,Chandigarh,android,Union Bank,2,22.15,0,3,Domestic ,Not Fraud
504926,,NetBanking,Refund,Amazon India,Bhopal,Mac,BOB,14,45.43,1,2,International,Not Fraud
820156,7234.07,POS,Bill Payment,PhonePe,Patna,iPhone,Kotak,15,29.39,0,3,domestic,Not Fraud
524281,5817.16,POS,Purchase,PhonePe,Mumbai,Android,Axis,2,58.37,1,0,International,Not Fraud
876927, ₹573.63,Card,Cash Withdrawal,Airtel,Mumbai,android,Canara,3,23.57,0,2,domestic,Not Fraud
652658,1319.8,NetBanking,Bill Payment,Uber,Kochi,Android,Kotak,15,32.8,0,2,International,Not Fraud
827287,1633.04,UPI,Cash Withdrawal,Zomato,Bhopal,android,Canara,2,54.81,0,3,International,Not Fraud
725092,4124.58,UPI,Recharge,Google Pay,Mumbai,Windows,BOB,1,28.92,0,1,International,Not Fraud
330432,865.01,Wallet,Recharge,Amazon India,Indore,Unknown,Union Bank,11,23.16,1,3,Domestic,Not Fraud
441688,395.32,Card,Recharge,Paytm,Chennai,android,ICICI,11,29.86,0,3,Domestic,Not Fraud
863000,2805.88,ATM,Cash Withdrawal,Flipkart,Chennai,Mac,BOB,13,53.29,1,0,International,Not Fraud
470968,,UPI,Transfer,Paytm,Patna,Mac,PNB,8,18.67,0,3,Domestic ,Not Fraud
991786,1940.14,UPI,Purchase,Meesho,Pune,Android,Kotak,4,4.3,0,0,domestic,Not Fraud
562935,3344.51,Card,Purchase,BigBasket,Surat,Windows,Kotak,9,18.17,1,3,Domestic,Not Fraud
154258,1034.61,ATM,Transfer,Jio,Ahmedabad,Windows,Kotak,5,45.61,0,2,Domestic,Not Fraud
422448,2849.82,ATM,Refund,Meesho,Bengaluru,Unknown,Kotak,15,47.35,1,2,International,Not Fraud
151608,3354.29,ATM,Refund,Razorpay,Chennai,Windows,Axis,7,9.34,1,2,International,Not Fraud
634523,3449.61,POS,Refund,Amazon India,Kochi,Windows,Kotak,3,9.0,0,0,International,Not Fraud
796307,2237.15,Card,Cash Withdrawal,SBI,Ahmedabad,Unknown,Kotak,7,9.53,1,0,domestic,Fraud
748327,494.37,Wallet,Transfer,BookMyShow,Hyderabad,Unknown,SBI,9,49.31,0,3,International,Not Fraud
702354,673.34,Card,Purchase,MakeMyTrip,Lucknow,Mac,HDFC,2,32.61,1,2,Domestic,fraud
342807,7355.34,NetBanking,Purchase,Paytm,Kochi,android,Axis,8,45.6,0,2,domestic,Fraud
339909,2972,UPI,Recharge,BookMyShow,Jaipur,Mac,PNB,4,30.02,1,2,domestic,Not Fraud
470113,21025.61,UPI,Transfer,Myntra,Pune,Unknown,SBI,3,41.1,0,0,Domestic,Not Fraud
617431,2270.16,POS,Cash Withdrawal,Amazon India,Delhi,Android ,ICICI,6,36.72,1,2,Domestic,Not Fraud
153662,675.62,NetBanking,Purchase,Ajio,Jaipur,Android ,Canara,12,21.59,1,2,International,Yes
816661,49104.89,ATM,Purchase,IRCTC,Kolkata,Unknown,Union Bank,5,41.1,1,2,Domestic,Not Fraud
245629,542.2,NetBanking,Bill Payment,Meesho,Chandigarh,Unknown,Axis,11,27.38,1,1,International,Not Fraud
624771,487.66,ATM,Transfer,CRED,Mumbai,Windows,SBI,11,49.16,0,3,International,Not Fraud
949314,5076.62,UPI,Recharge,CRED,Delhi,iPhone,ICICI,9,17.03,0,0,International,Fraud
932924,388.02,Card,Purchase,BigBasket,Bhopal,iPhone,SBI,13,2.68,0,2,domestic,YES
454176,2956.6,Card,Refund,Uber,Patna,android,Canara,7,10.56,1,2,domestic,YES
620990,229.73,ATM,Refund,Zomato,Lucknow,android,SBI,9,44.6,0,1,domestic,Not Fraud
949087,2677.43,ATM,Purchase,Flipkart,Kochi,android,Canara,1,0.9,0,0,International,Not Fraud
130212,771.3,Card,Bill Payment,Paytm,Patna,Android,ICICI,8,26.12,1,2,Domestic ,Not Fraud
624421,4238.25,ATM,refund,Jio,Chandigarh,Mac,HDFC,1,29.88,1,1,International,Not Fraud
135485,,UPI,Transfer,Myntra,Surat,Windows,ICICI,5,45.17,1,1,domestic,Not Fraud
343942,439.31,ATM,Purchase,Airtel,Ahmedabad,Android,Kotak,2,14.9,0,3,Domestic,Not Fraud
127421,1854.75,NetBanking,Cash Withdrawal,Ajio,Patna,android,ICICI,13,5.88,1,0,Domestic,Not Fraud
448805,4079.28,Wallet,Refund,Amazon India,Lucknow,iPhone,PNB,14,45.48,1,1,International,Not Fraud
926490," ₹4,919.44",UPI,Cash Withdrawal,BookMyShow,Bengaluru,android,SBI,2,27.45,1,3,Domestic ,Not Fraud
324748,3893.42,Wallet,Bill Payment,Google Pay,Lucknow,Android ,HDFC,15,50.67,1,2,International,Not Fraud
136600,3851.6,ATM,Recharge,Jio,Indore,Android ,Kotak,13,26.89,1,0,International,Not Fraud
653798,6973.54,NetBanking,Bill Payment,Airtel,Jaipur,Mac,Axis,14,10.67,1,0,International,Not Fraud
293450,604.69,POS,Purchase,Zomato,Indore,Android,Axis,14,8.82,1,3,Domestic,Not Fraud
191790,303.36,Wallet,Transfer,Myntra,Lucknow,Android ,Axis,12,45.41,0,3,domestic,Not Fraud
211261,1967.29,ATM,Cash Withdrawal,PhonePe,Lucknow,Windows,ICICI,9,27.93,0,3,domestic,Not Fraud
469262,311.78,ATM,Transfer,Razorpay,Hyderabad,Windows,BOB,11,32.44,1,1,Domestic ,Fraud
620537,2923.87,Wallet,Recharge,IRCTC,Delhi,Android,HDFC,9,39.38,1,1,Domestic ,Not Fraud
639441,2063.98,Wallet,Cash Withdrawal,Swiggy,Delhi,android,Axis,2,55.14,1,3,Domestic,Not Fraud
785016,2168.91,Wallet,Bill Payment,BigBasket,Delhi,android,Union Bank,5,47.2,1,2,International,Not Fraud
286133,795.14,Card,Refund,MakeMyTrip,Patna,Unknown,Kotak,8,53.52,1,3,International,Not Fraud
652895,592.58,UPI,Purchase,,Bhopal,iPhone,Union Bank,11,20.52,1,3,Domestic,Not Fraud
117246,5739.21,NetBanking,Recharge,Jio,Pune,iPhone,ICICI,6,8.23,0,1,Domestic ,Not Fraud
463817,5416.41,UPI,Refund,Amazon India,Jaipur,Android,Union Bank,11,47.01,1,0,International,Not Fraud
555849,9164.63,Card,Purchase,CRED,Mumbai,Android,HDFC,9,36.62,0,3,domestic,Not Fraud
572263,522.62,POS,Cash Withdrawal,SBI,Indore,Windows,Axis,5,35.03,0,3,Domestic,Not Fraud
512498,1465.22,UPI,Transfer,Uber,Mumbai,android,Kotak,6,31.12,0,1,International,Not Fraud
635951,2912.79,ATM,Recharge,Amazon India,Jaipur,Unknown,Kotak,1,37.29,0,3,Domestic ,Not Fraud
571880,5204.94,ATM,Transfer,Ajio,Hyderabad,Unknown,BOB,12,20.68,1,2,International,Not Fraud
185698,15454.68,ATM,Bill Payment,SBI,Kolkata,Android,Kotak,11,8.32,1,2,Domestic ,Not Fraud
937502,1975.78,ATM,Cash Withdrawal,BookMyShow,Hyderabad,Android,SBI,6,56.24,0,3,Domestic,Not Fraud
461587,1224.82,POS,Bill Payment,Swiggy,Surat,Mac,Axis,5,43.11,0,0,Domestic,Not Fraud
559045,2083.47,UPI,Purchase,CRED,Chandigarh,Windows,Union Bank,4,19.86,1,3,Domestic,Not Fraud
342039,2007.38,Wallet,Bill Payment,BigBasket,Indore,Unknown,Kotak,4,15.28,1,2,domestic,Not Fraud
233869,3661.74,POS,Bill Payment,SBI,Indore,Mac,BOB,14,13.05,1,0,International,Not Fraud
738375," ₹4,537.92",Wallet,Recharge,BigBasket,Kolkata,Windows,BOB,2,11.41,1,3,International,Not Fraud
419724,837.57,ATM,Transfer,BookMyShow,Hyderabad,Android,ICICI,9,7.18,1,1,International,Not Fraud
755643,11202.37,ATM,Transfer,Google Pay,Indore,Windows,SBI,14,23.75,0,3,domestic,Not Fraud
572668,504.41,Card,Purchase,Jio,Kochi,Android,HDFC,10,25.19,0,0,International,Not Fraud
402624,1390.55,ATM,Transfer,Uber,Surat,Android ,HDFC,1,59.06,0,3,Domestic,No
311776,2985.2,UPI,Purchase,Google Pay,Ahmedabad,Mac,PNB,1,2.86,1,1,International,Not Fraud
449452,1821.78,Wallet,Transfer,CRED,Hyderabad,Mac,BOB,5,33.39,0,2,domestic,Not Fraud
956086,1132.68,Wallet,Refund,Paytm,Chennai,Android,ICICI,13,29.8,1,3,International,Not Fraud
204986,828.54,POS,Cash Withdrawal,SBI,Kochi,android,Union Bank,8,30.77,1,3,International,Not Fraud
164803,1908.43,POS,Purchase,Myntra,Chandigarh,Windows,ICICI,5,32.47,0,0,domestic,Not Fraud
392334,1259.86,NetBanking,Bill Payment,Paytm,Chennai,Unknown,ICICI,2,27.94,0,2,Domestic,Not Fraud
138784,5547.03,ATM,Transfer,BigBasket,Kochi,Android ,HDFC,5,14.75,0,0,domestic,No
405810," ₹3,414.43",Card,Purchase,Uber,Jaipur,android,Union Bank,11,4.84,0,2,Domestic ,Not Fraud
871007,712.24,NetBanking,Transfer,SBI,Kolkata,iPhone,HDFC,9,38.81,0,1,domestic,Not Fraud
998823,820.44,Wallet,Purchase,Razorpay,Ahmedabad,Android,BOB,12,55.79,0,3,International,Not Fraud
759318,1159.53,Card,Purchase,Uber,Indore,Android ,BOB,11,22.97,1,3,domestic,Not Fraud
961142,2083.59,UPI,Bill Payment,BigBasket,Pune,iPhone,PNB,6,37.05,0,1,domestic,Not Fraud
781593,2601.82,Wallet,Cash Withdrawal,Jio,Lucknow,Windows,BOB,1,22.79,1,0,domestic,Not Fraud
790073,5049.25,UPI,Purchase,PhonePe,Chennai,Mac,SBI,3,54.72,1,2,domestic,Not Fraud
154907,703.17,ATM,Refund,Paytm,Mumbai,iPhone,Canara,1,3.98,1,3,Domestic ,Not Fraud
575861,2879.68,UPI,Cash Withdrawal,Razorpay,Bhopal,android,Union Bank,14,34.89,1,2,Domestic ,Not Fraud
434472,1674.58,NetBanking,Bill Payment,Flipkart,Bhopal,iPhone,Canara,9,7.26,0,0,Domestic,Not Fraud
618181,2042.52,POS,Purchase,Meesho,Jaipur,Unknown,SBI,14,38.64,0,3,Domestic ,Not Fraud
340553,10946.73,NetBanking,Refund,SBI,Delhi,Android ,HDFC,3,10.75,0,1,International,Not Fraud
894482,514.3,POS,Purchase,Myntra,Pune,Android ,HDFC,14,2.35,1,0,domestic,Not Fraud
513101,3305.76,POS,Bill Payment,Razorpay,Pune,Android ,Union Bank,8,14.1,0,1,Domestic,Not Fraud
889406,946.04,Card,Bill Payment,Razorpay,Patna,Android,Canara,6,52.12,1,3,domestic,Not Fraud
678628,1749.44,NetBanking,Cash Withdrawal,Swiggy,Indore,Android,BOB,11,36.65,1,2,Domestic,Not Fraud
991170,1497.21,ATM,Refund,Amazon India,Kolkata,Mac,PNB,3,0.23,0,1,domestic,Not Fraud
270094,3110.12,UPI,Purchase,Amazon India,Bhopal,Android,HDFC,4,59.43,0,1,domestic,fraud
632969,6983.23,NetBanking,Cash Withdrawal,IRCTC,Delhi,Mac,Canara,3,15.13,1,1,International,Not Fraud
708712,3299.2,Card,Recharge,Flipkart,Patna,Unknown,BOB,14,4.85,1,0,domestic,Not Fraud
994126,10856.67,Card,Refund,Razorpay,Surat,Android ,Union Bank,3,3.81,0,1,domestic,Not Fraud
528877,,UPI,Purchase,MakeMyTrip,Kolkata,Windows,SBI,2,57.09,1,3,Domestic ,Not Fraud
302014,561.17,Card,Recharge,Paytm,Patna,Unknown,BOB,14,3.34,1,2,Domestic ,Not Fraud
514487,14907.0,Card,Transfer,Meesho,Bengaluru,android,ICICI,13,58.76,0,3,International,Not Fraud
968920,2016.25,Wallet,Transfer,Myntra,Mumbai,Mac,BOB,1,17.82,0,1,domestic,Not Fraud
132120,2125.49,Wallet,Transfer,SBI,Chandigarh,Mac,Union Bank,5,49.47,0,0,Domestic ,Not Fraud
227629,2149.21,Card,Transfer,IRCTC,Bengaluru,Android,BOB,9,28.32,0,2,Domestic,Not Fraud
656572,1826.77,Card,Bill Payment,Meesho,Mumbai,Windows,SBI,4,15.97,0,3,International,Not Fraud
934355,393.74,UPI,Transfer,Paytm,Hyderabad,iPhone,ICICI,2,33.81,1,2,Domestic,Fraud
356610,9165.69,ATM,Refund,BigBasket,Patna,Unknown,Axis,13,50.96,1,3,Domestic,No
146686,596.25,UPI,Transfer,SBI,Surat,Unknown,Canara,10,58.83,1,1,International,Not Fraud
378682,7157.6,UPI,Transfer,Uber,Lucknow,Mac,Axis,8,44.89,0,3,Domestic,Not Fraud
903866,1185.71,Wallet,Recharge,Meesho,Bhopal,android,ICICI,15,3.26,0,0,International,Not Fraud
755364,5972.38,POS,Bill Payment,Airtel,Surat,Android ,PNB,2,50.23,0,1,Domestic ,Not Fraud
796315,675.3,NetBanking,Refund,Google Pay,Bengaluru,android,SBI,5,43.66,0,0,Domestic ,Fraud
433890,3777.39,NetBanking,Cash Withdrawal,Razorpay,Hyderabad,Windows,ICICI,7,22.38,0,2,Domestic ,Not Fraud
807325,3810.47,Card,Purchase,Jio,Delhi,iPhone,HDFC,10,26.24,1,3,Domestic ,Not Fraud
298641,348.18,NetBanking,Recharge,BookMyShow,Indore,android,Kotak,14,23.04,1,3,Domestic,Not Fraud
962613,1525.95,ATM,Refund,Razorpay,Kolkata,Mac,HDFC,8,20.46,0,3,International,Not Fraud
452375,242.34,UPI,Recharge,Paytm,Bengaluru,Mac,Kotak,5,38.23,0,3,domestic,Not Fraud
582952,1282.67,Wallet,Bill Payment,MakeMyTrip,Kolkata,Android ,SBI,5,0.42,1,2,Domestic,YES
841982,1748.48,ATM,Transfer,Swiggy,Kochi,android,Axis,4,21.76,1,2,Domestic ,Not Fraud
611672,748.96,ATM,Purchase,Ajio,Lucknow,Windows,Canara,5,41.36,1,0,domestic,Not Fraud
801758,,NetBanking,Transfer,MakeMyTrip,Indore,iPhone,PNB,14,28.32,1,3,Domestic,Yes
651199,5851.13,NetBanking,Transfer,Swiggy,Chennai,android,Union Bank,1,7.27,0,3,domestic,Fraud
791962,122.95,Card,Bill Payment,Google Pay,Kochi,Mac,Union Bank,5,7.93,0,3,International,Not Fraud
987245,2479.63,ATM,Cash Withdrawal,Paytm,Indore,iPhone,PNB,9,3.82,0,1,domestic,Fraud
891077,7657.44,ATM,Purchase,Uber,Lucknow,Android,Union Bank,2,12.52,0,2,Domestic,Not Fraud
397553,1129.73,POS,Refund,Uber,Surat,Unknown,Canara,13,30.67,1,3,International,Not Fraud
480047,348.2,NetBanking,Bill Payment,CRED,Chennai,iPhone,HDFC,2,17.64,1,0,Domestic,Not Fraud
893383,2486.39,Wallet,Refund,Amazon India,Delhi,iphone,HDFC,9,14.9,0,1,Domestic,Not Fraud
364405,1553.92,UPI,Refund,MakeMyTrip,Indore,Android ,Union Bank,15,24.05,1,1,Domestic ,Not Fraud
138236,2112.4,POS,Bill Payment,Google Pay,Hyderabad,iPhone,Axis,2,50.66,0,3,International,Not Fraud
359189,936.2,Wallet,Bill Payment,Ajio,Lucknow,Android,BOB,6,20.42,0,0,domestic,Not Fraud
671538,7619.76,Card,Cash Withdrawal,Zomato,Chandigarh,Windows,Union Bank,12,25.98,1,2,domestic,Not Fraud
955142,980.19,Wallet,Purchase,IRCTC,Jaipur,Android,SBI,2,11.56,0,1,domestic,Not Fraud
940781,4613.8,UPI,Cash Withdrawal,BookMyShow,Delhi,Android ,Union Bank,11,35.98,0,1,Domestic,Not Fraud
783504,5808.67,ATM,Bill Payment,CRED,Chennai,Mac,BOB,11,3.22,1,0,domestic,Not Fraud
237590,6302.32,UPI,Purchase,Google Pay,Hyderabad,android,Canara,7,59.33,1,2,Domestic ,No
178600,532.42,ATM,Refund,MakeMyTrip,Ahmedabad,Android ,Axis,7,30.47,1,3,Domestic,Not Fraud
218783,640.42,POS,transfer,Uber,Pune,Android,Union Bank,12,6.47,0,0,Domestic ,Not Fraud
686656,1964.57,UPI,Recharge,BigBasket,Indore,Unknown,HDFC,2,3.56,0,1,domestic,Fraud
807447,2538.11,Wallet,Bill Payment,Swiggy,Hyderabad,Windows,Canara,8,39.99,1,1,Domestic ,Not Fraud
640134,3053.69,POS,Cash Withdrawal,SBI,Kolkata,android,HDFC,14,10.19,0,2,International,Not Fraud
396087,4443.4,POS,Purchase,Razorpay,Kolkata,iPhone,Kotak,15,14.98,0,0,International,Not Fraud
125785,23137.8,POS,Purchase,Myntra,Kolkata,iPhone,Canara,6,43.46,0,2,Domestic,Not Fraud
759004,320.95,Card,Purchase,Jio,Ahmedabad,Mac,SBI,4,21.75,1,2,Domestic,Not Fraud
950819,1712.69,ATM,Recharge,Zomato,Delhi,android,Canara,14,0.62,1,1,domestic,Not Fraud
311308,4027.22,Card,Recharge,Zomato,Bhopal,android,HDFC,8,31.88,1,0,Domestic ,Not Fraud
925842,1984.41,Card,Purchase,Amazon India,Surat,Android ,ICICI,2,45.24,0,2,International,Not Fraud
460243,1327.18,Card,Purchase,Jio,Bengaluru,android,HDFC,15,3.05,1,2,International,Not Fraud
421840,33484.72,NetBanking,Cash Withdrawal,Amazon India,Bhopal,iPhone,Union Bank,5,29.58,0,3,domestic,Not Fraud
441732,990.93,ATM,Transfer,BigBasket,Kochi,Unknown,HDFC,11,33.53,0,0,domestic,Not Fraud
461558,847.47,Wallet,Purchase,PhonePe,Surat,Unknown,Kotak,11,34.76,0,3,International,Not Fraud
249537," ₹3,842.97",ATM,Purchase,Swiggy,Indore,Android ,ICICI,7,44.73,1,1,Domestic,Not Fraud
528745,3311.51,ATM,Bill Payment,BigBasket,Jaipur,Mac,BOB,10,2.86,1,3,Domestic,Not Fraud
539996,8918.71,UPI,Recharge,Flipkart,Chennai,Android,Canara,6,38.71,0,0,International,Not Fraud
407157,1080.19,Card,Refund,Meesho,Mumbai,iPhone,BOB,14,31.43,1,0,International,Not Fraud
379693,5333.6,Card,Transfer,PhonePe,Kochi,android,Union Bank,9,55.88,0,2,International,Not Fraud
422315,2396,NetBanking,Transfer,Meesho,Patna,Mac,BOB,2,49.09,1,3,Domestic,Not Fraud
523935,2084.12,Wallet,Purchase,Uber,Chennai,Android ,PNB,10,22.89,0,1,domestic,Not Fraud
462165,366.46,ATM,Bill Payment,Swiggy,Ahmedabad,Unknown,Axis,4,9.58,0,0,domestic,Not Fraud
186394,1198.78,ATM,Recharge,Meesho,Ahmedabad,iPhone,SBI,9,51.51,1,3,domestic,Not Fraud
932984,8507.27,POS,Recharge,Flipkart,Lucknow,iPhone,Canara,4,39.31,0,2,Domestic ,Not Fraud
644553,263.63,ATM,Purchase,Flipkart,Indore,android,BOB,5,14.38,1,1,domestic,Not Fraud
377463,3834.82,Card,Recharge,Google Pay,Mumbai,Windows,BOB,2,12.07,1,0,Domestic ,Not Fraud
184779,4761.06,UPI,Refund,BigBasket,Chennai,Unknown,SBI,8,37.19,1,2,Domestic ,Not Fraud
822528,1287.05,POS,Purchase,Amazon India,Delhi,Android,HDFC,7,11.19,0,0,Domestic,Not Fraud
378064,5151.09,NetBanking,Cash Withdrawal,IRCTC,Ahmedabad,iPhone,BOB,13,2.1,1,2,International,Not Fraud
228220,832.62,Wallet,Refund,Google Pay,Patna,android,Axis,15,38.7,0,3,Domestic,Not Fraud
382286,6792.83,Wallet,Refund,Uber,Hyderabad,iPhone,PNB,8,38.79,1,1,Domestic ,Not Fraud
765734,3572.88,ATM,Refund,Google Pay,Bengaluru,android,HDFC,5,20.18,1,0,Domestic,Fraud
194838,3435.92,ATM,Transfer,Swiggy,Patna,Android ,HDFC,7,1.82,1,0,domestic,Not Fraud
439776,346.13,Wallet,Purchase,IRCTC,Lucknow,Android,BOB,11,39.61,1,0,Domestic,Not Fraud
601374,2484.29,NetBanking,Refund,Razorpay,Lucknow,android,BOB,3,39.46,1,0,International,Not Fraud
408912,2698.08,Card,Recharge,PhonePe,Bhopal,android,Union Bank,5,35.64,1,0,Domestic ,Not Fraud
322881,1321.7,NetBanking,Purchase,BookMyShow,Hyderabad,Android,Union Bank,9,8.74,1,1,International,Not Fraud
709427,2337.91,UPI,Refund,Zomato,Indore,Android,Axis,14,37.54,0,3,International,Not Fraud
581430,876.22,POS,Recharge,Razorpay,Lucknow,Android ,HDFC,4,53.73,1,0,domestic,Not Fraud
357313,1526.04,ATM,Purchase,Swiggy,Kochi,Android ,SBI,6,39.62,1,2,Domestic,Fraud
476227,1780.84,POS,Purchase,CRED,Ahmedabad,Unknown,SBI,12,32.71,0,2,Domestic ,Not Fraud
665036,2450.94,UPI,Transfer,MakeMyTrip,Chennai,Mac,BOB,9,45.11,1,2,Domestic ,Fraud
997930,913.94,Card,Transfer,BookMyShow,Mumbai,Windows,Canara,13,46.84,1,2,International,Not Fraud
159607,7251.83,UPI,Refund,MakeMyTrip,Delhi,Windows,Axis,4,51.35,1,1,domestic,Not Fraud
242547,6342.7,POS,Purchase,CRED,Kolkata,Android ,Canara,15,42.68,1,0,Domestic,Not Fraud
810549,1553.62,Card,Refund,Razorpay,Pune,iPhone,Union Bank,11,17.45,0,1,International,Not Fraud
263550,1912.45,POS,Cash Withdrawal,Amazon India,Chennai,Android ,SBI,12,14.16,0,0,International,Not Fraud
247023,1556.8,UPI,Transfer,IRCTC,Jaipur,Windows,HDFC,6,46.7,1,2,Domestic ,Not Fraud
878048,1647.79,ATM,Transfer,Google Pay,Ahmedabad,Windows,PNB,13,59.93,0,2,domestic,Fraud
897049,1332,NetBanking,Bill Payment,Paytm,Indore,,ICICI,9,33.74,0,1,Domestic ,Not Fraud
576296,11176.61,NetBanking,Cash Withdrawal,MakeMyTrip,Patna,Mac,Axis,7,51.88,0,0,Domestic ,Not Fraud
676317,3885.22,POS,Refund,Jio,Ahmedabad,Windows,Union Bank,6,49.18,1,0,Domestic ,Not Fraud
106834,1521.42,NetBanking,Purchase,Zomato,Indore,Android,Axis,5,32.62,0,0,International,Not Fraud
762345, ₹625.99,UPI,Bill Payment,Swiggy,Hyderabad,android,BOB,2,58.47,0,0,domestic,Not Fraud
674814,5880.02,Card,Bill Payment,IRCTC,Hyderabad,android,SBI,5,25.93,1,0,Domestic,Not Fraud
176300,2965.09,POS,Recharge,Paytm,Bengaluru,Android,Canara,11,0.27,1,0,Domestic ,Fraud
458797,4613.03,Card,Cash Withdrawal,CRED,Hyderabad,android,Kotak,4,57.55,1,2,Domestic ,Not Fraud
660969,2772.89,Card,Recharge,Airtel,Chennai,Mac,PNB,10,56.66,0,3,domestic,Not Fraud
955295,2158.03,NetBanking,Purchase,BigBasket,Chandigarh,Android ,SBI,6,18.7,0,2,domestic,Not Fraud
608371,3147,NetBanking,Refund,Razorpay,Bhopal,Unknown,Axis,12,33.16,1,3,Domestic,Not Fraud
218164,1670.58,NetBanking,Transfer,PhonePe,Mumbai,Windows,Axis,13,15.39,0,3,domestic,Not Fraud
632245,2222.81,POS,Transfer,Ajio,Chennai,Unknown,Canara,13,35.25,1,1,domestic,Not Fraud
325441,6261.36,Wallet,Refund,Meesho,Mumbai,Mac,Canara,14,13.01,0,0,International,Not Fraud
983126,1102.4,UPI,Refund,BigBasket,Chennai,android,Canara,2,48.04,1,3,International,Not Fraud
273898,530.28,POS,Cash Withdrawal,PhonePe,Delhi,Unknown,HDFC,3,48.24,0,1,Domestic ,Not Fraud
707779,1815.49,Card,Bill Payment,BigBasket,Indore,Android,Kotak,11,29.16,1,1,Domestic ,Not Fraud
319202,480.01,POS,Bill Payment,Swiggy,Chennai,Android ,Canara,12,24.69,0,3,International,Not Fraud
361991,1372.33,ATM,Bill Payment,Flipkart,Chennai,android,Union Bank,7,59.32,1,3,Domestic,Not Fraud
808293,1841.72,Card,Refund,Myntra,Mumbai,android,BOB,8,43.22,0,3,Domestic ,Not Fraud
816157,2598.65,Card,Bill Payment,BookMyShow,Bengaluru,Android ,BOB,9,10.58,0,2,Domestic ,Not Fraud
596931,1295.23,Wallet,Purchase,Google Pay,Kolkata,Windows,Union Bank,11,51.82,0,0,Domestic,Not Fraud
178456,10326.2,UPI,Refund,MakeMyTrip,Indore,Unknown,SBI,8,50.47,1,1,International,Not Fraud
164705,9595.17,ATM,Transfer,Jio,Bengaluru,Windows,Axis,14,8.19,0,0,Domestic ,Not Fraud
651295,6235.78,Card,refund,Paytm,Lucknow,iPhone,BOB,11,47.39,1,3,domestic,Not Fraud
479309,1579.05,UPI,Cash Withdrawal,BookMyShow,Chennai,Windows,PNB,15,41.69,1,3,International,Fraud
367515,3146.24,Card,Bill Payment,SBI,Hyderabad,Unknown,PNB,4,52.16,1,0,International,Not Fraud
941682,170.79,UPI,Recharge,SBI,Hyderabad,Mac,Canara,11,4.06,1,1,domestic,Not Fraud
409971,5504.37,Wallet,Purchase,IRCTC,Jaipur,android,Canara,3,38.06,0,3,Domestic,Not Fraud
583404,6531.38,POS,Transfer,Google Pay,Hyderabad,android,BOB,6,53.8,0,3,Domestic,Not Fraud
910291,528.91,Wallet,Transfer,Airtel,Kolkata,Android,Axis,2,57.54,0,1,Domestic,Not Fraud
981614,614.52,POS,Cash Withdrawal,Myntra,Chandigarh,Unknown,Axis,1,9.26,0,1,domestic,Not Fraud
628202,553.02,NetBanking,Purchase,Flipkart,Bhopal,Android ,BOB,12,9.54,1,3,Domestic,Not Fraud
856799,7039.0,ATM,Purchase,Airtel,Jaipur,Android,Union Bank,14,59.8,0,3,International,Not Fraud
379600,246.37,Wallet,Cash Withdrawal,PhonePe,Surat,Windows,Kotak,13,36.82,1,3,domestic,Fraud
419070,198.43,Card,Transfer,MakeMyTrip,Ahmedabad,Windows,Canara,6,27.13,1,2,domestic,Not Fraud
884089,726.33,NetBanking,Refund,Flipkart,Ahmedabad,iPhone,Union Bank,4,58.42,1,2,domestic,Not Fraud
226313,1645.16,Wallet,Recharge,Paytm,Chandigarh,Android ,Union Bank,11,41.62,1,3,International,Not Fraud
207557,2868.2,Card,Cash Withdrawal,CRED,Kolkata,Android,Union Bank,3,28.69,0,2,Domestic ,Not Fraud
958389,3289.38,UPI,Recharge,Paytm,Delhi,Android ,SBI,9,53.18,0,0,International,Not Fraud
513084,8868.2,Wallet,Bill Payment,CRED,Kolkata,Unknown,Kotak,3,44.19,0,2,domestic,Not Fraud
655855,2050.0,Card,Recharge,Jio,Delhi,iPhone,Axis,15,28.98,1,2,Domestic ,Not Fraud
115255,944.19,Card,Bill Payment,Meesho,Jaipur,Unknown,ICICI,2,44.78,0,0,Domestic,Not Fraud
627972,570.59,NetBanking,Transfer,Amazon India,Ahmedabad,Android ,Kotak,12,48.75,1,2,International,Not Fraud
392920,2199.44,UPI,Transfer,Google Pay,Ahmedabad,android,Union Bank,8,44.06,0,0,domestic,Not Fraud
233603,4519.26,NetBanking,Recharge,IRCTC,Chandigarh,android,Canara,12,33.36,1,0,International,Not Fraud
860487,1154.67,POS,Bill Payment,Razorpay,Pune,Android ,Axis,15,44.16,1,2,domestic,Not Fraud
594871," ₹3,120.24",Wallet,Recharge,CRED,Chennai,android,BOB,7,57.95,1,3,Domestic ,Not Fraud
825050,187.73,POS,Bill Payment,IRCTC,Surat,Unknown,Union Bank,3,21.43,1,2,Domestic,Not Fraud
571922,4116.44,POS,Bill Payment,Paytm,Bengaluru,iPhone,ICICI,5,14.16,0,1,Domestic ,Not Fraud
376245,1652.54,,Purchase,BigBasket,Patna,Android ,HDFC,7,53.87,0,0,Domestic ,Not Fraud
118656,2032.17,ATM,Purchase,Airtel,Hyderabad,Mac,Union Bank,14,50.38,0,3,Domestic,Not Fraud
826737,727.02,POS,Purchase,Paytm,Hyderabad,Mac,HDFC,8,4.72,0,1,Domestic ,Not Fraud
720633,717.61,NetBanking,Cash Withdrawal,Airtel,Jaipur,Unknown,SBI,10,48.69,1,1,domestic,Not Fraud
127363,4542.07,Card,Bill Payment,Google Pay,Bhopal,Android ,Axis,14,14.96,0,2,domestic,Not Fraud
967178,12274.42,ATM,Purchase,Swiggy,Ahmedabad,Mac,Kotak,5,16.53,0,0,Domestic,Not Fraud
794625,1085.98,Card,Transfer,Amazon India,Patna,android,ICICI,10,1.39,0,2,domestic,Fraud
259227,4415.38,Card,Recharge,Airtel,Delhi,Android,Canara,12,53.45,1,0,International,Fraud
850935,1150.73,ATM,Bill Payment,Airtel,Surat,Android ,SBI,9,38.47,1,0,domestic,Not Fraud
571134,1608.62,UPI,Purchase,SBI,Mumbai,Android ,Axis,7,53.11,0,2,International,Not Fraud
404843,242.8,Wallet,Purchase,Jio,Mumbai,iPhone,Axis,10,52.38,1,0,Domestic,Not Fraud
515375,9235.46,Card,Refund,BigBasket,Chennai,android,Union Bank,11,36.11,1,2,domestic,Not Fraud
976878,1013.03,Wallet,Purchase,Paytm,Jaipur,Unknown,Canara,11,41.33,0,3,Domestic ,Not Fraud
893751,1975,UPI,Cash Withdrawal,IRCTC,Kolkata,Android ,PNB,5,18.21,0,2,International,Fraud
690673,2180.63,UPI,Transfer,Swiggy,Mumbai,Android ,BOB,5,29.77,0,0,domestic,Not Fraud
411538,7748.46,ATM,Cash Withdrawal,Airtel,Lucknow,Android,BOB,13,28.56,0,3,International,Not Fraud
933164,4563.4,UPI,Purchase,PhonePe,Jaipur,Windows,Canara,11,50.64,1,0,Domestic ,Not Fraud
826013,51921.09,Wallet,Purchase,Zomato,Surat,iPhone,SBI,9,50.56,1,0,domestic,Not Fraud
758494,6008.0,POS,Recharge,Flipkart,Delhi,Unknown,HDFC,3,46.09,1,0,domestic,Fraud
845330,2150.73,POS,Bill Payment,Ajio,Kochi,Android,Kotak,7,30.24,1,0,domestic,Not Fraud
508140,2515.46,UPI,Purchase,Swiggy,Kolkata,iPhone,Canara,7,35.42,0,2,Domestic ,Fraud
404548,5560.26,UPI,Transfer,Jio,Ahmedabad,iPhone,PNB,6,14.0,1,1,Domestic,Not Fraud
147197,1353.15,ATM,Transfer,Amazon India,Jaipur,Unknown,BOB,3,34.76,0,3,Domestic ,Not Fraud
281684,2975.08,POS,Recharge,Meesho,Surat,android,Kotak,2,35.35,0,3,International,Not Fraud
513234,2862.31,Wallet,Bill Payment,IRCTC,Bengaluru,Mac,ICICI,9,41.28,0,3,International,Not Fraud
935649,3042.35,POS,Recharge,Meesho,Hyderabad,Android,Union Bank,13,34.61,1,3,domestic,Not Fraud
507717,4743.91,UPI,Transfer,Razorpay,Lucknow,iPhone,PNB,1,28.88,1,3,Domestic ,Not Fraud
891945,1612.43,UPI,Refund,BigBasket,Lucknow,Unknown,Axis,13,25.81,0,1,domestic,Not Fraud
429700,657.48,Wallet,Bill Payment,Swiggy,Delhi,Windows,PNB,3,10.34,0,1,Domestic ,Not Fraud
655238,1752.17,ATM,Recharge,Meesho,Pune,iPhone,Union Bank,3,59.45,1,0,Domestic ,Not Fraud
985784,2734.19,ATM,Cash Withdrawal,Meesho,Kolkata,android,HDFC,13,34.73,1,3,Domestic,Not Fraud
744079,418.53,ATM,Recharge,Myntra,Ahmedabad,android,Canara,9,48.64,0,0,Domestic,Not Fraud
349191,,ATM,Transfer,Zomato,Hyderabad,Unknown,Union Bank,9,40.66,0,0,Domestic,Not Fraud
539764,1000.27,Wallet,Transfer,Airtel,Surat,Android,SBI,10,31.07,0,0,Domestic,Not Fraud
967502,1450.65,Wallet,Transfer,Jio,Lucknow,Android ,Canara,7,33.04,1,0,Domestic ,Not Fraud
288416,4310.58,POS,Transfer,Flipkart,Pune,Android ,Axis,14,31.22,1,2,Domestic,Not Fraud
256264," ₹1,123.26",Wallet,Purchase,Paytm,Chandigarh,Unknown,Canara,4,41.78,0,0,Domestic,Not Fraud
121355,8580.28,Card,Purchase,PhonePe,Chandigarh,Android,Union Bank,3,46.33,0,2,Domestic ,YES
788942,5129.21,Card,Cash Withdrawal,Myntra,Hyderabad,Mac,Axis,3,17.48,1,1,International,Not Fraud
249711,7684.02,Card,Recharge,PhonePe,Kolkata,Mac,HDFC,5,32.05,1,2,International,Not Fraud
350933,2434.05,Wallet,Recharge,Razorpay,Chennai,android,Union Bank,8,55.89,0,1,Domestic,Not Fraud
759782,5717.27,POS,Cash Withdrawal,Flipkart,Delhi,Unknown,Union Bank,1,51.74,0,1,International,fraud
116258,21339.42,NetBanking,Recharge,Meesho,Lucknow,Unknown,Axis,12,7.79,1,0,Domestic,Not Fraud
893062,8577.24,NetBanking,Purchase,Uber,Hyderabad,iPhone,PNB,5,24.27,0,2,International,Not Fraud
342191,12621.09,POS,Recharge,Uber,Hyderabad,Android ,Kotak,14,46.32,1,0,domestic,Fraud
254146,3654.72,Card,Recharge,Jio,Surat,iPhone,Canara,5,4.2,0,3,Domestic,Not Fraud
334685,8119.53,NetBanking,Recharge,Myntra,Bhopal,Mac,Canara,6,16.54,1,2,Domestic ,Not Fraud
265585,2319,Card,Refund,SBI,Mumbai,iPhone,Canara,9,23.85,0,1,domestic,Not Fraud
215586,1899.32,NetBanking,Transfer,IRCTC,Mumbai,Android,SBI,13,4.25,0,3,International,Not Fraud
185851,1764.47,Card,Refund,Jio,Hyderabad,Windows,Axis,10,0.96,0,3,Domestic,Not Fraud
530184,546.11,POS,Bill Payment,SBI,Bhopal,android,Kotak,8,0.95,0,2,International,Not Fraud
339968,3800.18,UPI,Refund,Amazon India,Jaipur,Android,Kotak,9,34.66,0,1,domestic,Not Fraud
382283,1411.94,UPI,Refund,Ajio,Surat,Android ,Axis,2,25.93,0,1,Domestic ,Not Fraud
953033, ₹471.06,NetBanking,Refund,Ajio,Patna,Android,Kotak,8,36.88,0,1,International,Not Fraud
838643,5179.33,ATM,Refund,Amazon India,Pune,Android,HDFC,5,17.07,1,3,Domestic,No
604366,976.86,ATM,Cash Withdrawal,Paytm,Surat,Android,HDFC,1,11.19,0,1,Domestic ,Not Fraud
793593,288.33,POS,Bill Payment,Flipkart,Bengaluru,Mac,ICICI,12,33.14,1,1,Domestic,Not Fraud
725125,1656.36,ATM,Refund,Airtel,Mumbai,Mac,Kotak,15,5.71,1,1,domestic,Fraud
110654,1226.5,POS,Cash Withdrawal,Razorpay,Patna,Unknown,BOB,1,59.18,0,0,Domestic ,Not Fraud
176184,917.29,POS,Cash Withdrawal,Razorpay,Lucknow,Android,SBI,6,21.45,1,0,Domestic,Not Fraud
146254,4044.33,NetBanking,Refund,Amazon India,Bhopal,Windows,Kotak,3,47.37,0,1,International,fraud
771591,996.69,NetBanking,Recharge,BookMyShow,Kolkata,Mac,HDFC,14,47.68,1,1,domestic,Not Fraud
958855,1174.34,Wallet,Transfer,Swiggy,Chandigarh,Windows,Kotak,14,33.76,1,2,domestic,Not Fraud
161800,15515.42,ATM,Refund,CRED,Chennai,iPhone,Canara,2,26.4,0,0,Domestic,Not Fraud
180958,2136.63,ATM,Transfer,MakeMyTrip,Bhopal,Windows,Kotak,12,3.43,1,2,Domestic,Not Fraud
447594,3238.9,Card,Recharge,Meesho,Surat,Mac,Axis,3,58.98,1,1,domestic,Not Fraud
588196,1906.8,UPI,Bill Payment,Razorpay,Bhopal,Windows,SBI,15,4.73,0,0,Domestic ,Not Fraud
254464,2180.55,ATM,Purchase,CRED,Mumbai,Android ,Union Bank,3,0.6,1,1,domestic,Not Fraud
636909,1152.21,ATM,Recharge,BigBasket,Indore,Unknown,Kotak,15,57.35,1,1,domestic,Not Fraud
668490,7277.72,Card,Bill Payment,IRCTC,Pune,Mac,HDFC,1,17.54,0,0,Domestic,Not Fraud
393345,2873.28,ATM,Transfer,Zomato,Kochi,Android,PNB,7,49.51,0,3,International,Not Fraud
942717,600.81,NetBanking,Transfer,MakeMyTrip,Chandigarh,Android,Axis,13,27.08,1,0,International,Not Fraud
677817,282.99,ATM,Cash Withdrawal,Ajio,Hyderabad,Mac,SBI,6,46.77,1,0,Domestic ,Fraud
121969,2892.93,UPI,Transfer,MakeMyTrip,Patna,Unknown,PNB,12,52.9,0,2,Domestic ,Not Fraud
551661,450.88,UPI,Cash Withdrawal,Airtel,Bengaluru,android,ICICI,12,14.92,1,1,International,Not Fraud
163962,,Card,Transfer,Airtel,Bhopal,Unknown,HDFC,10,15.96,1,2,domestic,Not Fraud
270390,255.38,ATM,Transfer,BookMyShow,Kolkata,Mac,HDFC,14,42.67,0,0,International,Not Fraud
483913,969.65,Card,Transfer,PhonePe,Delhi,Unknown,HDFC,7,38.46,1,1,International,Not Fraud
346458,2009.78,POS,Refund,CRED,Chandigarh,Android ,PNB,3,17.52,0,2,Domestic ,Not Fraud
150536,226.95,UPI,Refund,Meesho,Indore,Android ,Axis,11,8.98,1,2,International,Not Fraud
305972,834.51,NetBanking,Transfer,IRCTC,Kolkata,iPhone,Union Bank,1,11.19,1,1,International,Not Fraud
733754," ₹1,367.83",NetBanking,Bill Payment,Uber,Lucknow,iPhone,BOB,14,8.09,0,3,International,Not Fraud
679441,1208.22,ATM,Transfer,Uber,Jaipur,android,Canara,14,9.11,1,2,domestic,Not Fraud
542395,7415.0,Wallet,Transfer,Zomato,Jaipur,android,SBI,3,13.26,0,3,International,Not Fraud
450173,3280.76,Wallet,Bill Payment,Razorpay,Lucknow,Android ,BOB,7,41.91,0,1,Domestic,Not Fraud
788493,532.4,ATM,Cash Withdrawal,IRCTC,Hyderabad,Mac,Axis,5,59.43,1,0,domestic,Not Fraud
725318,1436.16,NetBanking,Recharge,Google Pay,Indore,Mac,Kotak,2,20.53,0,1,International,Not Fraud
164518,430.91,Wallet,Cash Withdrawal,Swiggy,Bengaluru,Unknown,PNB,14,31.5,1,0,domestic,Not Fraud
116334,7334.11,ATM,Cash Withdrawal,IRCTC,Mumbai,Android ,Canara,12,47.76,0,2,International,Not Fraud
613227,7742.23,ATM,Bill Payment,Jio,Bengaluru,android,HDFC,3,35.57,1,1,Domestic,Not Fraud
633465,1749.01,Wallet,Recharge,Myntra,Chandigarh,Windows,Union Bank,13,56.85,1,3,Domestic,Not Fraud
142803,5391.66,NetBanking,Transfer,SBI,Pune,Android ,HDFC,6,16.9,1,3,domestic,Not Fraud
124782,2638.34,UPI,Transfer,MakeMyTrip,Bhopal,Mac,SBI,3,45.08,1,1,Domestic,Not Fraud
245807,5226.57,Card,Refund,MakeMyTrip,Patna,Android ,Kotak,13,10.56,1,2,Domestic,Not Fraud
153730,4253.73,POS,Recharge,Flipkart,Chennai,Mac,SBI,5,5.38,1,3,Domestic,Not Fraud
851081,943.31,ATM,Transfer,Airtel,Surat,Unknown,BOB,7,56.59,0,2,International,Not Fraud
466842,1305.58,UPI,Purchase,Amazon India,Hyderabad,android,Union Bank,3,20.6,1,0,Domestic,Not Fraud
888079,4925.53,NetBanking,Recharge,Uber,Bhopal,Mac,Kotak,11,43.75,0,0,Domestic ,Not Fraud
912327,1124.28,Card,Recharge,Meesho,Bengaluru,Android ,ICICI,8,22.99,0,2,domestic,Not Fraud
306610,1900.52,NetBanking,Transfer,Airtel,Lucknow,Windows,Kotak,13,12.04,1,1,Domestic,Not Fraud
197948,1869.84,Wallet,Bill Payment,Airtel,surat,Android,Kotak,15,55.87,0,2,International,Fraud
421712,2513.13,UPI,Cash Withdrawal,IRCTC,Jaipur,Android ,BOB,11,53.67,1,1,domestic,Not Fraud
855289,732.6,ATM,Refund,Airtel,Bhopal,android,ICICI,9,50.33,0,1,Domestic,Fraud
750498,94903.34,NetBanking,Cash Withdrawal,BigBasket,Hyderabad,android,SBI,1,47.81,0,2,Domestic,Not Fraud
101285,,UPI,Recharge,Razorpay,Delhi,android,PNB,14,30.72,0,1,Domestic,Not Fraud
553394,20218.73,UPI,Cash Withdrawal,IRCTC,Chandigarh,Unknown,Kotak,14,4.3,1,1,Domestic,Not Fraud
617824,1305.68,ATM,Recharge,BookMyShow,Bengaluru,Android ,SBI,7,14.23,0,3,International,Not Fraud
549364,1934.26,Card,Refund,Jio,Jaipur,Android,Canara,1,44.0,0,3,Domestic ,Not Fraud
996102,5006.1,POS,Cash Withdrawal,Ajio,Chennai,Android,Canara,12,46.2,1,3,International,Not Fraud
320633,1649.95,Card,Refund,Meesho,Lucknow,Windows,Axis,3,46.75,1,1,Domestic,Not Fraud
864158,2546.71,POS,Bill Payment,Zomato,Ahmedabad,android,HDFC,6,2.62,1,3,International,Not Fraud
332028,383.3,ATM,Purchase,Flipkart,Surat,Unknown,SBI,3,53.58,0,3,Domestic,Not Fraud
400703,1151.45,Wallet,Transfer,BookMyShow,Mumbai,Unknown,Union Bank,14,17.6,1,3,Domestic,Fraud
364794,4942.13,ATM,Bill Payment,Google Pay,Delhi,android,BOB,10,10.32,1,1,Domestic,Not Fraud
170291,727.91,UPI,Purchase,Flipkart,Surat,Windows,Kotak,11,52.66,1,0,domestic,Fraud
200555,547.17,POS,Cash Withdrawal,PhonePe,Kolkata,Windows,PNB,3,38.17,0,3,domestic,Not Fraud
961257,969.69,NetBanking,Refund,Airtel,Bhopal,android,Union Bank,10,58.27,0,0,Domestic,Not Fraud
911837,777.77,ATM,Bill Payment,Swiggy,Bengaluru,android,SBI,13,7.17,1,0,Domestic,Not Fraud
387845,855.37,UPI,Cash Withdrawal,BigBasket,Kochi,iPhone,HDFC,1,16.9,0,1,International,Not Fraud
228684,678.76,NetBanking,Refund,SBI,Kochi,iPhone,BOB,4,9.55,1,1,Domestic,Not Fraud
229713,3865.0,POS,Cash Withdrawal,SBI,Chennai,android,Canara,11,45.76,1,1,domestic,Not Fraud
378756,1995.95,ATM,Refund,Ajio,Delhi,iPhone,PNB,13,37.77,1,2,International,Not Fraud
227011,606.17,Wallet,Cash Withdrawal,CRED,Hyderabad,Windows,Kotak,12,32.52,1,1,domestic,Not Fraud
213471,1118.63,Wallet,Cash Withdrawal,Swiggy,Lucknow,android,Kotak,6,28.15,1,2,Domestic,Not Fraud
261495,910.73,Card,Recharge,Flipkart,Kolkata,Android ,Canara,4,40.46,0,2,International,Not Fraud
354765,5171.36,POS,Bill Payment,Myntra,Pune,Mac,Union Bank,14,46.63,1,3,domestic,Not Fraud
833226,6295.3,UPI,Recharge,Amazon India,Jaipur,Unknown,Kotak,2,29.41,1,2,domestic,Not Fraud
981424,793.54,Wallet,Cash Withdrawal,BookMyShow,Mumbai,Android ,Union Bank,12,51.51,1,2,Domestic ,No
728224,2129.97,NetBanking,Transfer,Uber,Patna,Windows,Union Bank,4,0.34,1,0,Domestic,Not Fraud
856597,1656.66,Card,Purchase,Ajio,Lucknow,android,Axis,10,59.15,0,3,Domestic,Not Fraud
303512,4146.8,UPI,Purchase,Razorpay,Mumbai,Windows,PNB,9,13.04,1,0,domestic,Not Fraud
547896,277.02,Wallet,Recharge,IRCTC,Ahmedabad,Android,Union Bank,14,48.13,1,2,International,Not Fraud
683823,3986.27,Wallet,Recharge,CRED,Hyderabad,Android,Kotak,15,10.34,1,1,domestic,Not Fraud
679208,27666.45,POS,Recharge,Google Pay,Delhi,Windows,PNB,10,44.04,1,1,Domestic ,Fraud
852050,1974.61,POS,Bill Payment,Razorpay,Patna,Mac,Union Bank,1,11.52,1,3,International,Not Fraud
535374,1464.96,NetBanking,Cash Withdrawal,CRED,Chandigarh,Unknown,Kotak,13,1.89,1,1,Domestic,Not Fraud
411959,510.17,NetBanking,Purchase,CRED,Bhopal,Windows,ICICI,1,50.41,0,3,International,Not Fraud
480376,397.89,NetBanking,Refund,CRED,Bengaluru,Unknown,SBI,11,32.02,1,1,International,Fraud
815822,20180.61,Wallet,Bill Payment,Ajio,Mumbai,Android ,Kotak,3,10.51,0,3,Domestic,Not Fraud
939793,2677.51,ATM,Purchase,Myntra,Ahmedabad,Android ,PNB,8,37.61,1,2,Domestic,Not Fraud
135148,297.84,ATM,Bill Payment,Myntra,Bengaluru,Windows,Kotak,13,11.91,1,2,Domestic,Not Fraud
707873,1471.02,Wallet,Refund,CRED,Patna,android,Kotak,10,24.01,0,0,Domestic ,Not Fraud
691410,418.32,ATM,Refund,Ajio,Kolkata,Windows,ICICI,6,11.58,1,0,Domestic ,Yes
139696,584.38,UPI,Cash Withdrawal,PhonePe,Chennai,Mac,HDFC,1,2.84,0,2,domestic,Not Fraud
396720,4102.38,Wallet,Cash Withdrawal,Jio,Mumbai,Mac,Canara,1,56.82,0,3,domestic,Not Fraud
592222,6719.04,Wallet,Recharge,IRCTC,Delhi,Android,Union Bank,14,7.61,0,0,International,Not Fraud
978693,2990.9,Card,Refund,Myntra,Chandigarh,Android,SBI,14,32.36,0,0,domestic,Not Fraud
976934,12062.79,ATM,Purchase,Myntra,Ahmedabad,Unknown,Kotak,11,33.55,1,1,Domestic,Not Fraud
362669,1469.65,Card,Purchase,MakeMyTrip,Bengaluru,android,HDFC,11,31.42,0,3,Domestic,Not Fraud
965511,2171.34,Card,Refund,Zomato,Chennai,iPhone,SBI,9,18.35,0,3,Domestic,Not Fraud
236796,5580.04,ATM,Bill Payment,BigBasket,Delhi,Windows,HDFC,1,13.1,0,3,Domestic,Not Fraud
554928,9396.81,ATM,Bill Payment,Google Pay,Jaipur,Android ,Canara,11,12.97,1,0,International,Not Fraud
478443,4046.87,POS,Purchase,Flipkart,Delhi,Unknown,PNB,14,22.59,1,1,Domestic ,Not Fraud
616098,2404.2,ATM,Bill Payment,Paytm,Chandigarh,android,Union Bank,4,7.75,1,3,International,Not Fraud
452821,7811.21,Wallet,Bill Payment,Google Pay,Hyderabad,,ICICI,14,32.52,0,0,Domestic ,Not Fraud
655210,2176.34,Wallet,Bill Payment,Uber,Delhi,Windows,Axis,3,49.56,1,2,Domestic,Not Fraud
278065,1486.08,Wallet,Purchase,Zomato,Indore,iPhone,Union Bank,9,41.84,1,2,Domestic,Not Fraud
160823,1568.76,NetBanking,Recharge,Paytm,Kolkata,Windows,PNB,12,22.17,1,2,International,Not Fraud
474668,1206.26,Card,Bill Payment,BigBasket,Pune,Unknown,HDFC,12,45.33,0,1,domestic,Not Fraud
152261,2137.63,Wallet,Cash Withdrawal,Airtel,Bhopal,android,SBI,4,7.88,1,3,International,Not Fraud
242756,1555.04,Card,Refund,CRED,Patna,Android ,Canara,4,12.39,1,0,International,Not Fraud
876656,1596.55,UPI,Cash Withdrawal,Paytm,Chandigarh,Android,Axis,7,2.98,0,0,Domestic,Not Fraud
840583,9952.41,NetBanking,Transfer,IRCTC,Ahmedabad,Unknown,HDFC,5,41.0,1,2,Domestic,Not Fraud
398467,3735.3,ATM,Purchase,BigBasket,Mumbai,Android ,Canara,8,6.85,0,2,domestic,Not Fraud
286179,1653.79,POS,Bill Payment,Jio,Surat,Mac,BOB,4,12.17,0,2,Domestic,Fraud
138421,951.42,Card,Transfer,SBI,Kolkata,Android,Union Bank,8,44.79,1,3,Domestic,Not Fraud
198505,9796.7,UPI,Purchase,Meesho,Chandigarh,Android,Axis,14,6.67,0,1,Domestic ,Not Fraud
674166,2210.49,ATM,Recharge,SBI,Indore,Mac,Union Bank,6,31.5,0,2,domestic,Not Fraud
285318,6544.61,POS,Refund,BookMyShow,Surat,Unknown,PNB,12,58.31,0,3,Domestic ,Not Fraud
463289,1504.0,UPI,Transfer,Google Pay,Delhi,android,SBI,7,13.38,0,0,Domestic ,Not Fraud
831497,1392.29,Card,Transfer,Uber,Chandigarh,Android,Axis,1,18.7,0,3,domestic,Not Fraud
484607,851.06,POS,Recharge,Jio,Hyderabad,Android ,ICICI,13,22.71,1,0,Domestic ,Not Fraud
448938,6289.25,ATM,Purchase,Swiggy,Indore,Android,Axis,9,37.78,0,0,domestic,Fraud
562564,417.15,NetBanking,Purchase,BigBasket,Surat,Android,Axis,4,48.88,1,2,Domestic ,Not Fraud
915187,526,POS,Cash Withdrawal,IRCTC,Bengaluru,Android,ICICI,14,29.69,0,1,Domestic ,Not Fraud
652727,1900.15,Card,Cash Withdrawal,BookMyShow,Indore,Mac,Canara,12,23.24,0,1,Domestic ,Not Fraud
900809,1719.16,NetBanking,Bill Payment,Jio,Bhopal,Android,HDFC,12,8.84,0,1,domestic,Not Fraud
249402,718.4,ATM,Transfer,BookMyShow,Ahmedabad,iPhone,ICICI,10,40.88,1,0,International,Not Fraud
391631,1291.97,Wallet,Bill Payment,IRCTC,Ahmedabad,iPhone,Union Bank,1,54.59,0,1,Domestic ,Not Fraud
699308,2360.94,UPI,Bill Payment,Myntra,Kochi,Windows,ICICI,12,34.22,0,1,International,Not Fraud
949670,486.93,Card,Purchase,Flipkart,Chennai,iPhone,Union Bank,7,10.39,1,2,Domestic ,Not Fraud
817095,1932.31,ATM,Bill Payment,Flipkart,Chandigarh,Windows,SBI,14,58.43,0,1,domestic,Not Fraud
536407,2913.73,Card,Recharge,PhonePe,Delhi,Mac,Union Bank,1,46.17,0,1,Domestic ,Not Fraud
446505,634.37,Wallet,Transfer,IRCTC,Mumbai,Android ,HDFC,3,52.06,1,1,International,fraud
266980,1039.75,Wallet,Purchase,Ajio,Jaipur,Windows,Axis,10,6.03,1,3,Domestic,Not Fraud
308132,771.44,ATM,Cash Withdrawal,Ajio,Bhopal,android,Canara,11,44.89,0,0,Domestic ,Not Fraud
670089,1403.71,Card,Refund,Razorpay,Surat,Unknown,HDFC,11,9.13,0,0,Domestic,Not Fraud
747037,8452.67,ATM,Transfer,PhonePe,Chandigarh,iPhone,Canara,13,44.66,0,2,International,Not Fraud
590607,3175.34,POS,Cash Withdrawal,Jio,Kolkata,iPhone,Kotak,12,52.13,0,2,Domestic,Not Fraud
574097,30895.4,ATM,Purchase,Myntra,Patna,Android ,HDFC,12,10.58,1,3,Domestic ,Not Fraud
649841,1019.8,ATM,Recharge,Uber,Indore,Android ,SBI,15,0.93,0,0,International,fraud
266785,524.73,ATM,Recharge,Razorpay,Surat,android,ICICI,13,4.43,0,1,Domestic,Fraud
732333,4974.95,NetBanking,Transfer,Razorpay,Pune,Mac,PNB,5,49.67,0,0,Domestic,No
115884,3065.26,ATM,Refund,MakeMyTrip,Hyderabad,Windows,ICICI,12,34.51,1,3,domestic,Not Fraud
415254,4352.09,Card,Bill Payment,Google Pay,Indore,Mac,Axis,8,35.53,1,3,domestic,Not Fraud
383823,1205.45,NetBanking,Purchase,Myntra,Ahmedabad,android,BOB,13,12.87,1,2,Domestic,Not Fraud
604068,230.86,Wallet,Cash Withdrawal,SBI,Delhi,Windows,Union Bank,11,58.34,1,2,International,Not Fraud
455988,4465.73,POS,Recharge,Ajio,Chandigarh,Mac,Kotak,11,30.24,1,3,Domestic,Not Fraud
998597,7680.16,Card,Refund,IRCTC,Bhopal,Android,Canara,10,37.0,1,2,Domestic,Not Fraud
484299,2438.16,Wallet,Refund,MakeMyTrip,Bhopal,Mac,SBI,6,16.43,0,0,Domestic ,Not Fraud
839615,2941.05,UPI,Recharge,Amazon India,kochi,Windows,PNB,10,21.36,1,3,International,Not Fraud
847257,925.16,NetBanking,Bill Payment,Ajio,Ahmedabad,Windows,Canara,7,32.5,0,2,Domestic,Not Fraud
819642,4611.19,ATM,Purchase,MakeMyTrip,Lucknow,Unknown,BOB,2,48.21,1,1,Domestic ,Not Fraud
997619,2114.4,Wallet,Cash Withdrawal,BigBasket,Kochi,android,HDFC,14,6.8,0,0,International,Not Fraud
269037,1563.26,NetBanking,Purchase,SBI,Mumbai,Android,Axis,5,9.1,1,1,Domestic,Not Fraud
446549,1400.46,ATM,Purchase,Flipkart,Pune,iPhone,bob,15,20.26,1,2,International,Not Fraud
490849,2060.32,ATM,Cash Withdrawal,Google Pay,Delhi,Android,Kotak,9,17.01,0,2,Domestic,Not Fraud
691665,2230.36,NetBanking,Cash Withdrawal,Jio,Bhopal,Android,Axis,8,15.97,0,3,Domestic ,Not Fraud
923228,2649.33,Wallet,Refund,MakeMyTrip,Chennai,Unknown,Canara,14,34.13,0,3,domestic,Not Fraud
214034,4010.85,Card,Cash Withdrawal,Ajio,Chennai,android,BOB,3,17.29,0,3,Domestic,Not Fraud
513138," ₹1,538.90",UPI,Bill Payment,PhonePe,Indore,Android,BOB,14,59.5,0,0,Domestic ,Not Fraud
669040,,POS,Refund,Airtel,Kochi,Unknown,Union Bank,13,5.2,1,0,domestic,Not Fraud
840754,4494.48,POS,Transfer,Meesho,Jaipur,Android ,Canara,2,51.91,1,0,International,Not Fraud
424522," ₹2,769.71",Wallet,Transfer,Jio,Patna,Windows,Kotak,6,1.1,1,2,domestic,Not Fraud
400100,3852.96,UPI,Recharge,SBI,Surat,iPhone,BOB,9,52.88,0,2,International,Not Fraud
898344,6202.62,Card,Refund,Myntra,Patna,iPhone,Union Bank,5,42.47,0,3,domestic,Not Fraud
253499,2066.59,UPI,Purchase,Zomato,Delhi,iPhone,HDFC,14,31.38,0,2,domestic,Not Fraud
198877,19822.01,ATM,Refund,Amazon India,Kochi,Android ,Canara,1,51.19,1,3,Domestic,Fraud
938822,4302.17,NetBanking,Recharge,BookMyShow,Delhi,Mac,Union Bank,14,17.45,1,1,domestic,Not Fraud
323899," ₹3,100.65",ATM,Purchase,Flipkart,Chandigarh,Android,Kotak,15,16.72,0,2,Domestic,Not Fraud
817169,4380.6,Wallet,Purchase,BookMyShow,Kolkata,Android ,HDFC,14,15.12,0,3,International,Not Fraud
143768,6128.37,NetBanking,purchase,Flipkart,Hyderabad,iPhone,BOB,9,11.73,0,3,International,Not Fraud
150938,3021.75,NetBanking,Purchase,Uber,Bhopal,Mac,SBI,7,1.67,0,3,Domestic,Not Fraud
752263,6866.6,ATM,Bill Payment,PhonePe,Chandigarh,iPhone,Canara,10,34.99,1,3,International,Not Fraud
733672,2925.89,UPI,Transfer,Airtel,Ahmedabad,Unknown,Axis,14,56.97,1,1,Domestic ,Not Fraud
831072,1650.59,POS,Purchase,PhonePe,Kolkata,iPhone,Axis,13,5.78,0,0,Domestic ,Not Fraud
398804,4764.53,Wallet,Recharge,BigBasket,Lucknow,Android ,Kotak,8,52.95,1,1,domestic,Not Fraud
493710,1468,Card,Cash Withdrawal,BookMyShow,Jaipur,Unknown,ICICI,2,17.09,0,2,domestic,Not Fraud
167717,4252.25,ATM,Refund,PhonePe,Chandigarh,Windows,SBI,7,0.78,1,1,Domestic,Not Fraud
878494,1656.64,POS,Transfer,BigBasket,Kolkata,Android ,PNB,14,45.65,0,3,International,Not Fraud
969695,793.32,NetBanking,Recharge,Jio,Bengaluru,Mac,BOB,5,35.25,0,2,Domestic,Not Fraud
527580,1587.08,NetBanking,Purchase,Zomato,Chandigarh,android,Union Bank,11,50.21,1,0,International,Not Fraud
396545,481.15,POS,Purchase,Airtel,Ahmedabad,Mac,BOB,14,53.46,0,0,International,Not Fraud
476322,545.09,Card,Purchase,Amazon India,Ahmedabad,Unknown,Kotak,6,34.95,1,0,Domestic ,Not Fraud
282909,5225.39,ATM,Transfer,Swiggy,Chennai,Unknown,SBI,11,27.63,1,1,Domestic ,Fraud
499410,1302.51,NetBanking,Cash Withdrawal,Myntra,Chennai,Unknown,PNB,8,2.11,1,1,domestic,Not Fraud
330978,8204.92,NetBanking,Recharge,BigBasket,Hyderabad,Windows,BOB,11,40.45,1,0,International,Fraud
975285,2929.57,UPI,Refund,Airtel,Bengaluru,Android,Kotak,15,9.67,0,3,domestic,Not Fraud
254193,636.09,POS,Refund,Flipkart,Hyderabad,Android,Canara,12,38.63,1,1,domestic,Not Fraud
617792,2370.17,NetBanking,Bill Payment,IRCTC,Ahmedabad,Unknown,HDFC,11,55.62,0,3,International,Not Fraud
478007,6470.57,ATM,Cash Withdrawal,CRED,Bhopal,Android,PNB,4,2.02,1,3,Domestic ,Not Fraud
905962,648.15,Card,Transfer,SBI,Kolkata,Mac,BOB,9,58.17,1,2,Domestic,Not Fraud
722525,3425.72,ATM,Bill Payment,Ajio,Chandigarh,Android,Canara,14,16.3,1,3,International,Not Fraud
634288,1520.14,Wallet,Cash Withdrawal,IRCTC,Surat,Mac,Axis,1,45.91,0,3,Domestic ,Not Fraud
935960,7778.96,NetBanking,Refund,Amazon India,Pune,Mac,Canara,8,55.36,1,3,Domestic ,Not Fraud
427805,21995.91,Wallet,Cash Withdrawal,PhonePe,Hyderabad,iPhone,ICICI,9,20.5,0,2,International,Not Fraud
400610,367.13,Wallet,Refund,BookMyShow,Kochi,Unknown,Kotak,14,35.67,0,2,Domestic,Not Fraud
390373,929.89,POS,Refund,Ajio,Patna,Android,Canara,8,36.14,0,1,International,Not Fraud
201040,12430.1,POS,Cash Withdrawal,Meesho,Chandigarh,iPhone,SBI,3,35.22,1,0,Domestic ,YES
250308,1706.14,UPI,Transfer,BookMyShow,Mumbai,Android,PNB,8,43.93,0,0,domestic,Not Fraud
721554,5806.03,Wallet,Refund,MakeMyTrip,Kochi,Android ,Kotak,8,40.95,0,3,domestic,Not Fraud
776220,4869.91,Card,Refund,Swiggy,Bhopal,Windows,Canara,3,3.72,1,3,domestic,Not Fraud
683747,2913.42,Card,Bill Payment,Meesho,Bhopal,Unknown,Union Bank,3,16.27,1,0,Domestic ,Not Fraud
722456,552.44,Card,Recharge,Jio,Bengaluru,android,SBI,14,58.32,1,0,Domestic ,Not Fraud
186857,3717.66,ATM,Purchase,Paytm,Bengaluru,Unknown,Union Bank,12,29.9,0,0,domestic,Not Fraud
207323,958.45,UPI,Bill Payment,Ajio,Patna,android,HDFC,4,42.46,1,3,Domestic ,Not Fraud
485002,21494.95,POS,Refund,CRED,Pune,Android ,Canara,13,48.04,0,3,Domestic,Not Fraud
320215,8046.7,UPI,Recharge,Amazon India,Pune,android,PNB,1,58.5,1,3,International,Not Fraud
594432,2006.33,POS,Bill Payment,Meesho,Chandigarh,android,Union Bank,5,7.15,1,1,Domestic,Not Fraud
978862,3347.28,ATM,Purchase,BookMyShow,Ahmedabad,Mac,HDFC,2,2.95,0,1,International,Not Fraud
418495,2904.73,NetBanking,Refund,CRED,Chandigarh,iPhone,BOB,3,30.55,0,3,Domestic ,Not Fraud
689197,2423.78,Wallet,Refund,Paytm,Chennai,Android,Canara,4,45.7,1,2,domestic,Not Fraud
829897,2515.99,POS,Cash Withdrawal,CRED,Hyderabad,Android ,HDFC,2,1.73,0,3,International,Not Fraud
635129,2918.38,NetBanking,Refund,IRCTC,Ahmedabad,Mac,PNB,3,53.55,0,2,Domestic,Not Fraud
451712,12601.76,ATM,Transfer,Swiggy,Ahmedabad,Mac,Axis,7,46.61,0,3,International,Fraud
322155,2994.03,POS,Purchase,Ajio,Indore,Android ,HDFC,13,34.49,1,2,domestic,Not Fraud
150578,9764.06,NetBanking,Recharge,Zomato,Mumbai,Android ,HDFC,3,43.71,0,0,Domestic ,Fraud
289631,1086,UPI,Refund,Myntra,Pune,Android,Union Bank,12,53.14,0,0,International,Not Fraud
267171,3103.21,POS,Cash Withdrawal,MakeMyTrip,chandigarh,Android ,Canara,4,50.09,1,3,Domestic,Not Fraud
727945,33521.96,NetBanking,Bill Payment,Paytm,Pune,iPhone,Canara,9,52.77,0,3,domestic,Not Fraud
615644,3504.52,Wallet,Bill Payment,CRED,Kochi,Android ,ICICI,7,29.63,0,1,domestic,Not Fraud
492868,1115.37,ATM,Cash Withdrawal,Ajio,Mumbai,android,HDFC,13,59.03,0,3,Domestic ,Not Fraud
587014,889.83,UPI,Transfer,IRCTC,Delhi,Windows,Union Bank,5,27.33,1,0,International,Not Fraud
760275,1222.93,ATM,Refund,Jio,Ahmedabad,iPhone,HDFC,15,42.21,1,1,domestic,YES
789078,1178.53,UPI,Purchase,Ajio,Jaipur,Android,HDFC,15,14.35,1,1,Domestic,Not Fraud
929648,3403.03,NetBanking,Purchase,BookMyShow,Patna,Windows,ICICI,4,59.72,0,0,International,Not Fraud
531804,1803.19,ATM,Transfer,Meesho,Lucknow,Unknown,ICICI,5,7.58,1,3,International,Fraud
320427,2228.31,Card,Cash Withdrawal,Ajio,Chandigarh,Android,Axis,6,42.2,1,3,Domestic,Not Fraud
974858,1964.64,Wallet,Purchase,BigBasket,Bhopal,Unknown,BOB,1,29.08,1,3,International,Not Fraud
798875,802.4,POS,Bill Payment,Razorpay,Kochi,Android,Union Bank,7,3.27,1,3,International,Not Fraud
792234,640.93,Wallet,Transfer,BigBasket,Lucknow,Unknown,ICICI,7,27.45,1,0,International,Not Fraud
848338,7984.76,NetBanking,Refund,Google Pay,Jaipur,iPhone,BOB,11,29.95,1,2,domestic,Not Fraud
133344,2469.69,POS,Purchase,Swiggy,Chennai,Android,Union Bank,7,6.37,1,3,International,Not Fraud
747729,8334.46,Wallet,Transfer,IRCTC,Chennai,Android ,Canara,2,26.83,0,1,International,Fraud
474015,4244.53,POS,Transfer,Jio,Indore,Unknown,ICICI,6,39.73,0,1,Domestic ,Not Fraud
472842,7856.92,Wallet,Refund,Airtel,Patna,Mac,SBI,15,26.39,1,2,Domestic,Not Fraud
113716,1261.11,Wallet,Purchase,Myntra,Pune,iPhone,Canara,2,49.74,1,2,International,Not Fraud
747761,2198.98,NetBanking,Recharge,CRED,Lucknow,Windows,Canara,5,6.08,1,2,Domestic ,Not Fraud
398010,2711.82,NetBanking,Bill Payment,Jio,Bhopal,Windows,HDFC,3,40.51,0,1,International,Not Fraud
393591,1108.93,POS,Cash Withdrawal,Meesho,Chennai,Mac,Kotak,4,28.85,0,2,Domestic,Not Fraud
526186,6770.58,Wallet,Cash Withdrawal,Myntra,Bhopal,Mac,Axis,4,19.25,0,1,Domestic,Not Fraud
666195,873.03,Wallet,Transfer,Paytm,Jaipur,Android,BOB,14,56.22,0,2,Domestic,Not Fraud
926187,2815.91,NetBanking,Bill Payment,PhonePe,Mumbai,Mac,Union Bank,14,5.34,0,3,domestic,Not Fraud
700601,5070.45,UPI,Recharge,Uber,Jaipur,Mac,Kotak,3,44.43,0,1,Domestic,Not Fraud
115263,1754.24,Card,Purchase,BookMyShow,Kolkata,Unknown,Union Bank,10,47.0,1,3,Domestic ,Not Fraud
548447,4017.31,Card,Bill Payment,Zomato,Chandigarh,Windows,HDFC,12,18.45,0,3,Domestic ,Not Fraud
836525,1261.17,Wallet,Transfer,Razorpay,Bhopal,Mac,HDFC,10,41.53,0,3,International,Not Fraud
931207,968.34,NetBanking,Bill Payment,BookMyShow,Jaipur,Android,Kotak,14,14.37,0,0,Domestic ,Not Fraud
707693,1789.48,UPI,Transfer,Meesho,Hyderabad,Mac,PNB,12,15.68,1,0,Domestic,Not Fraud
811206,10800.97,NetBanking,Cash Withdrawal,Flipkart,Hyderabad,Windows,ICICI,9,36.21,0,0,domestic,Yes
402181,2408.82,Card,Purchase,Paytm,Mumbai,Unknown,SBI,13,25.64,0,3,domestic,Not Fraud
257302,7097.52,POS,Recharge,MakeMyTrip,Surat,Mac,ICICI,15,26.4,1,0,Domestic,Not Fraud
673077,755.51,Wallet,Transfer,CRED,Bengaluru,Unknown,Axis,3,36.78,0,0,Domestic ,Not Fraud
524142,2633.49,POS,Refund,Meesho,Pune,Android ,BOB,11,20.24,1,3,domestic,Not Fraud
484843,3305.07,ATM,Cash Withdrawal,BigBasket,Mumbai,Android,BOB,9,6.67,1,0,International,Not Fraud
802771,2033.54,NetBanking,Bill Payment,Razorpay,Jaipur,android,,7,57.9,1,1,International,Not Fraud
274399,5545.78,Card,Transfer,Ajio,Ahmedabad,Android,ICICI,10,48.5,1,0,International,Not Fraud
951257,2260.77,Card,Cash Withdrawal,Amazon India,Surat,Windows,BOB,13,29.03,0,1,Domestic ,Not Fraud
685495,2076.02,Wallet,Bill Payment,PhonePe,Kolkata,Android ,BOB,4,11.21,0,3,domestic,Not Fraud
615466,1673.56,UPI,Cash Withdrawal,Paytm,Chandigarh,Windows,HDFC,2,10.79,1,3,Domestic,Not Fraud
960534,1546.14,POS,Refund,Zomato,Chennai,Unknown,ICICI,8,20.22,1,1,International,Not Fraud
522343,2121.69,Card,Recharge,Amazon India,Pune,Unknown,Kotak,1,58.15,1,1,Domestic,Not Fraud
288389,6919.17,NetBanking,Recharge,Uber,Lucknow,iPhone,PNB,7,33.22,0,2,domestic,Not Fraud
262554,154.43,POS,Transfer,Uber,Lucknow,Windows,BOB,4,15.29,0,3,International,Not Fraud
770499,4992.73,Wallet,Purchase,Meesho,Indore,Windows,Kotak,5,8.93,0,1,Domestic ,Not Fraud
858922,4206,UPI,Bill Payment,IRCTC,Bengaluru,Unknown,Canara,13,41.66,0,0,Domestic ,Not Fraud
185589,1652.86,NetBanking,Bill Payment,PhonePe,Surat,iPhone,BOB,6,14.61,1,2,domestic,Not Fraud
375641,11136.35,ATM,Recharge,Ajio,Pune,android,SBI,2,39.78,1,2,Domestic ,Not Fraud
136660,1459.89,ATM,Refund,Zomato,Mumbai,Android,ICICI,6,52.66,0,1,Domestic,Not Fraud
950938,2884.0,POS,Bill Payment,Uber,Chennai,Android ,HDFC,6,7.97,0,0,domestic,Not Fraud
643214,2591.95,Card,Transfer,Airtel,Kochi,iPhone,Kotak,11,29.03,1,3,domestic,Not Fraud
788352,1445.87,NetBanking,Transfer,PhonePe,Mumbai,Android ,Kotak,12,44.34,0,1,Domestic ,Not Fraud
424573,1886.35,Wallet,Cash Withdrawal,IRCTC,Lucknow,Unknown,PNB,4,22.8,0,0,Domestic,Not Fraud
919306,3073.38,ATM,Transfer,BookMyShow,Ahmedabad,Android,BOB,15,52.0,0,3,Domestic,Fraud
866644,2106.8,ATM,Purchase,SBI,Patna,Unknown,Canara,5,20.04,0,1,International,Yes
163262,2240.29,Card,Recharge,Swiggy,Delhi,Windows,HDFC,3,19.29,0,0,International,Not Fraud
917447,1245.92,POS,Refund,BigBasket,Ahmedabad,Windows,BOB,3,46.71,0,2,domestic,Not Fraud
712761,1872.32,NetBanking,Refund,BigBasket,Delhi,android,SBI,9,18.74,1,1,Domestic ,Not Fraud
232405," ₹4,708.89",NetBanking,Bill Payment,Ajio,Chennai,android,Axis,15,16.14,1,0,domestic,Not Fraud
588045,29008.03,ATM,Transfer,Meesho,Bhopal,Android ,HDFC,4,54.8,1,1,domestic,Not Fraud
674780,871.99,UPI,Purchase,MakeMyTrip,Delhi,Android ,BOB,8,50.99,1,3,International,Not Fraud
565526,4799.66,Card,Transfer,MakeMyTrip,Bengaluru,Windows,Kotak,3,16.93,0,0,Domestic,Not Fraud
649173,5462.73,Card,Purchase,Ajio,Mumbai,Unknown,Canara,2,20.51,1,1,International,Not Fraud
315408,951.6,NetBanking,Recharge,Google Pay,Pune,Windows,BOB,11,34.46,0,1,Domestic,Not Fraud
663054,2334.2,NetBanking,Transfer,Google Pay,Chennai,Mac,Kotak,10,1.89,0,3,Domestic ,Not Fraud
441949,7230.15,Wallet,Recharge,PhonePe,Jaipur,Android ,HDFC,2,34.78,0,3,Domestic,Not Fraud
177058,1399.52,Wallet,Recharge,Zomato,Bhopal,iPhone,BOB,12,24.03,1,3,domestic,Not Fraud
559567,2448.72,NetBanking,Cash Withdrawal,SBI,Jaipur,Unknown,HDFC,7,58.1,0,0,Domestic,Not Fraud
428792," ₹3,108.98",NetBanking,Recharge,Swiggy,Pune,iPhone,HDFC,14,56.66,1,2,Domestic ,Not Fraud
381143,103.04,Wallet,Bill Payment,Uber,Bhopal,Mac,SBI,12,57.35,0,0,International,Not Fraud
551770,579.02,UPI,Transfer,Airtel,Ahmedabad,Unknown,Union Bank,9,20.54,0,0,International,Not Fraud
812613,4479.0,UPI,Cash Withdrawal,Ajio,Bengaluru,iPhone,SBI,7,49.31,1,3,Domestic,Not Fraud
165861,2730.23,UPI,Bill Payment,Razorpay,Bhopal,Unknown,Union Bank,8,42.27,0,2,domestic,Not Fraud
353290,7102.46,POS,Recharge,Zomato,Hyderabad,Android ,PNB,5,11.06,1,0,International,Not Fraud
328880,1101.07,NetBanking,Purchase,Paytm,Pune,android,HDFC,10,41.66,0,3,Domestic ,Not Fraud
666198,6492.34,Wallet,Refund,Swiggy,Lucknow,Android,Kotak,7,3.8,1,2,domestic,Not Fraud
303458,2314.07,ATM,Purchase,Razorpay,Lucknow,Android,Canara,7,58.06,0,3,Domestic,Not Fraud
861396,7319.51,POS,Purchase,Uber,Chennai,Mac,BOB,7,57.89,0,0,Domestic ,Not Fraud
612554,1331.87,ATM,Bill Payment,Uber,Patna,Mac,Axis,11,22.56,0,0,Domestic,Not Fraud
914315,2067.77,ATM,Transfer,Flipkart,Hyderabad,Unknown,PNB,11,14.37,0,1,Domestic,Not Fraud
695322,14141.6,ATM,Recharge,CRED,Jaipur,Android,BOB,9,14.78,1,2,Domestic ,Not Fraud
233425,1934.05,ATM,Cash Withdrawal,Jio,Bhopal,Windows,BOB,15,18.56,0,1,domestic,Not Fraud
686557," ₹2,444.76",Wallet,Refund,Razorpay,Delhi,Windows,SBI,8,41.42,0,1,International,Not Fraud
248680,10622.76,Wallet,Transfer,Flipkart,Chandigarh,android,HDFC,2,16.86,1,2,International,Not Fraud
150541,2581.59,Card,Purchase,Myntra,Chennai,android,Canara,8,56.89,1,0,domestic,Not Fraud
163642,5375.28,ATM,Bill Payment,Flipkart,Kochi,Mac,Axis,2,24.92,1,0,Domestic,Not Fraud
310749,1731.27,Wallet,Refund,Zomato,Bengaluru,Android ,PNB,1,23.6,1,3,International,Not Fraud
450318,5577.9,POS,Transfer,Google Pay,Surat,iPhone,Canara,11,18.86,1,3,Domestic ,Not Fraud
536767,2722.43,ATM,Bill Payment,PhonePe,Delhi,Android ,BOB,5,52.73,1,3,International,Not Fraud
520097,8822.84,Wallet,Bill Payment,Zomato,Ahmedabad,android,Axis,9,4.67,0,3,Domestic,Not Fraud
412880,9385.56,ATM,Bill Payment,IRCTC,Chandigarh,Android ,SBI,4,9.37,0,2,Domestic,Not Fraud
934633,854.83,UPI,Cash Withdrawal,PhonePe,Bengaluru,Android ,Canara,15,4.21,1,2,International,Not Fraud
142634,625.37,UPI,Purchase,IRCTC,Mumbai,Android,HDFC,8,30.39,1,1,Domestic ,Not Fraud
266775,1485.39,POS,Recharge,Airtel,Surat,iPhone,Canara,15,14.17,1,3,domestic,Not Fraud
245203,3208.5,POS,Refund,Paytm,Indore,Mac,BOB,14,7.24,0,1,Domestic ,Not Fraud
375457,3384.24,Wallet,Cash Withdrawal,CRED,Indore,android,SBI,8,54.48,1,2,domestic,Not Fraud
396233,5931.85,POS,Recharge,Zomato,Ahmedabad,Mac,Kotak,4,5.32,0,3,Domestic ,Not Fraud
847455, ₹601.53,Wallet,Refund,Meesho,Patna,Unknown,Canara,1,32.1,1,1,Domestic,Not Fraud
557061,,UPI,Transfer,Myntra,Chennai,Windows,Kotak,14,56.07,1,0,Domestic ,Not Fraud
628699,1358.05,Wallet,Transfer,Amazon India,Mumbai,iPhone,Axis,1,27.72,1,3,Domestic ,Not Fraud
756286,3108.92,Card,Recharge,Google Pay,Patna,Unknown,Axis,14,24.55,0,0,International,Not Fraud
892101,685.62,NetBanking,Purchase,Meesho,Delhi,Windows,Canara,9,32.05,1,1,Domestic ,Not Fraud
553987,1600.2,ATM,Recharge,Airtel,Chennai,Windows,SBI,4,5.22,0,0,Domestic ,Not Fraud
625095,7228.14,Card,Purchase,Flipkart,Surat,android,SBI,13,40.91,0,0,Domestic,Fraud
834612,18580.43,NetBanking,Transfer,IRCTC,Kolkata,Unknown,Kotak,2,19.19,1,1,domestic,Not Fraud
208146,1964.38,ATM,Purchase,IRCTC,Mumbai,android,Axis,15,43.51,0,2,Domestic ,Not Fraud
740734,2089.86,UPI,Purchase,Uber,Kolkata,Windows,Union Bank,9,7.41,1,2,International,Not Fraud
218596,2851.0,POS,Purchase,Google Pay,Delhi,iPhone,SBI,5,28.04,1,3,International,Not Fraud
363181,843.59,UPI,Purchase,Paytm,Indore,Windows,Union Bank,7,14.67,1,2,International,Not Fraud
775861," ₹3,434.85",Wallet,Bill Payment,Airtel,Bhopal,Android,Axis,13,38.86,0,1,Domestic ,Not Fraud
837152,1839.2,Wallet,Bill Payment,Paytm,Indore,iPhone,ICICI,8,15.78,0,3,Domestic ,Not Fraud
887941,5984.82,POS,Bill Payment,Google Pay,Surat,Android ,PNB,10,14.51,1,1,domestic,Not Fraud
143583,,UPI,Bill Payment,SBI,Surat,Android ,Union Bank,13,25.15,0,3,Domestic,Not Fraud
895075,2776.02,Card,Transfer,Meesho,Mumbai,android,SBI,3,31.68,0,3,domestic,Not Fraud
551063," ₹3,968.87",Card,Recharge,SBI,Pune,Unknown,Union Bank,15,34.75,1,2,Domestic,Not Fraud
901609,621.32,UPI,Recharge,Myntra,Delhi,Mac,ICICI,9,59.99,1,1,Domestic ,Not Fraud
997028,14668.46,NetBanking,Refund,Flipkart,Bengaluru,android,PNB,5,36.07,1,0,Domestic,Not Fraud
786900,1284.91,UPI,Purchase,Jio,Indore,android,Canara,13,39.65,0,0,domestic,Not Fraud
569385,4428.94,Wallet,Recharge,Airtel,Delhi,Unknown,Canara,12,26.57,0,0,Domestic,Not Fraud
238526, ₹244.73,UPI,Purchase,IRCTC,Bhopal,Mac,Axis,11,15.14,0,2,International,Not Fraud
859644,,NetBanking,Recharge,PhonePe,Pune,Windows,Kotak,10,45.71,1,0,Domestic ,Not Fraud
766296,503.6,Card,Purchase,Paytm,Chennai,iPhone,PNB,9,55.12,1,0,Domestic ,Not Fraud
126207," ₹2,139.29",Wallet,Bill Payment,Paytm,Jaipur,Android,BOB,9,9.28,0,0,Domestic,Not Fraud
461156,2289.61,ATM,Bill Payment,Zomato,Bengaluru,Mac,HDFC,8,30.28,1,0,domestic,Not Fraud
418072,1356.58,POS,Cash Withdrawal,BigBasket,Chandigarh,Windows,HDFC,15,50.47,1,3,Domestic ,Not Fraud
803985,6189.56,NetBanking,Bill Payment,Uber,Delhi,iPhone,Axis,8,52.43,0,0,domestic,Not Fraud
562748,7749.63,Card,Refund,BookMyShow,Kolkata,Unknown,Axis,6,28.03,0,3,domestic,Fraud
900600,1382.02,POS,Recharge,Airtel,Hyderabad,Android ,PNB,12,4.47,1,2,Domestic,Not Fraud
984527,8306.2,NetBanking,Transfer,BigBasket,Kochi,iPhone,HDFC,12,47.24,1,2,domestic,No
880883,3318.14,POS,Purchase,SBI,Hyderabad,Windows,Kotak,11,23.24,1,1,International,YES
951532,731.62,Wallet,Transfer,Zomato,Kochi,Windows,BOB,15,45.28,1,0,domestic,Not Fraud
245713,3672.36,ATM,Purchase,,Bhopal,Mac,Canara,6,8.73,1,2,Domestic ,Not Fraud
102207,1593.2,Wallet,Cash Withdrawal,Jio,Bengaluru,Mac,Union Bank,7,0.37,0,1,Domestic,Not Fraud
247564,823.54,Card,Cash Withdrawal,Meesho,Surat,iPhone,Union Bank,15,38.05,1,2,Domestic ,Fraud
976106,1901.9,NetBanking,Transfer,Meesho,Lucknow,Unknown,SBI,2,41.45,1,2,International,Not Fraud
171707,2068.13,Wallet,Purchase,BookMyShow,Bengaluru,Android,Axis,7,25.74,0,1,domestic,Not Fraud
818527,204.03,Wallet,Cash Withdrawal,Airtel,Mumbai,Unknown,HDFC,15,19.86,0,3,International,Fraud
797569,284.92,Wallet,Refund,Ajio,Chandigarh,Mac,Axis,15,30.26,0,2,domestic,Fraud
695170,686.84,Card,Bill Payment,Myntra,Bengaluru,Android ,PNB,1,11.33,1,1,Domestic ,Not Fraud
833263,12934.08,ATM,Cash Withdrawal,BookMyShow,Kolkata,Windows,Union Bank,7,56.76,1,0,domestic,Not Fraud
565078,1297.71,ATM,Transfer,BigBasket,Bhopal,Android,HDFC,8,24.8,1,3,Domestic ,Not Fraud
239913,890.01,ATM,Purchase,Jio,Indore,Mac,SBI,6,26.98,1,3,Domestic,Not Fraud
516131,792.49,UPI,Purchase,MakeMyTrip,Chennai,Unknown,SBI,11,32.68,0,2,Domestic ,Not Fraud
553623,2637.68,Wallet,Refund,Google Pay,Hyderabad,android,HDFC,3,54.51,1,0,Domestic,Not Fraud
685092,28816.14,ATM,Bill Payment,Swiggy,Delhi,Mac,PNB,15,0.41,1,2,Domestic ,Fraud
463586,1503.82,UPI,Purchase,BookMyShow,Indore,Windows,HDFC,11,4.74,1,1,Domestic,Not Fraud
977923,631.18,ATM,Transfer,Airtel,Jaipur,Windows,ICICI,11,31.44,0,2,Domestic,Not Fraud
155249,1457.68,Wallet,Refund,Paytm,Jaipur,Android ,BOB,4,36.33,0,1,Domestic ,Not Fraud
814910,6449.91,NetBanking,Recharge,BookMyShow,Lucknow,Windows,HDFC,6,21.05,0,3,International,Not Fraud
125157,2622,UPI,Refund,BookMyShow,Jaipur,android,PNB,9,6.63,1,1,Domestic ,Not Fraud
165368,528.83,NetBanking,Refund,Amazon India,Jaipur,android,Canara,7,7.1,1,0,Domestic ,Not Fraud
436677,1898.64,UPI,Purchase,Meesho,Surat,android,Kotak,3,44.14,1,3,domestic,Not Fraud
577788,2966.47,NetBanking,Recharge,Google Pay,Delhi,Android ,Canara,2,27.97,1,3,domestic,Fraud
912272,6468.65,ATM,Recharge,Jio,Kolkata,Android ,SBI,7,56.92,0,0,Domestic ,Not Fraud
748386,428.99,NetBanking,Purchase,Flipkart,Mumbai,Android,ICICI,3,3.81,1,1,Domestic,Not Fraud
408754,21895.91,NetBanking,Recharge,Ajio,Chandigarh,iPhone,Union Bank,5,19.94,0,3,domestic,Not Fraud
706349,2120.63,ATM,Refund,IRCTC,Pune,Android,Axis,6,52.28,0,0,Domestic,Not Fraud
276496,3234.7,UPI,Purchase,Myntra,Pune,Unknown,Union Bank,4,22.61,0,3,domestic,Not Fraud
509860,20635.01,POS,Refund,Ajio,Ahmedabad,android,SBI,3,44.68,1,1,International,Not Fraud
398220,4468.0,POS,Cash Withdrawal,BookMyShow,Lucknow,Unknown,Axis,13,36.65,0,1,domestic,Not Fraud
564046,4483.1,Card,Transfer,Jio,Ahmedabad,Windows,Axis,15,45.14,0,1,domestic,Not Fraud
960864,2076.21,Wallet,Bill Payment,Amazon India,Indore,Windows,ICICI,5,9.09,1,2,domestic,Not Fraud
294176,3412.13,POS,Bill Payment,MakeMyTrip,Hyderabad,iPhone,Kotak,14,38.33,0,2,domestic,Not Fraud
125494,4351.57,Card,Bill Payment,SBI,Lucknow,Android,Canara,3,46.21,1,2,Domestic,Not Fraud
646512,5818.94,NetBanking,Cash Withdrawal,PhonePe,Mumbai,Unknown,ICICI,14,26.36,1,2,Domestic,Not Fraud
399271,601.71,Wallet,Bill Payment,Ajio,Delhi,Android ,Union Bank,3,9.62,0,1,domestic,Not Fraud
280910,10289.95,Wallet,Transfer,Jio,Indore,android,PNB,6,34.29,0,1,Domestic ,Not Fraud
657114,1164.9,Wallet,Transfer,CRED,Chandigarh,Windows,ICICI,10,36.5,1,3,domestic,Not Fraud
753512,2073.65,UPI,Recharge,Amazon India,Chennai,Mac,ICICI,6,43.78,1,1,International,Not Fraud
665003,7623.92,Wallet,Purchase,Zomato,Chandigarh,iPhone,BOB,9,41.18,0,0,Domestic,Not Fraud
116989,589.09,NetBanking,Cash Withdrawal,Swiggy,Bengaluru,Android,ICICI,4,31.29,0,0,International,Not Fraud
812137,2366.99,UPI,Recharge,BookMyShow,Jaipur,iPhone,ICICI,8,46.8,0,3,Domestic,Fraud
812142,1065.52,ATM,Refund,Jio,Bengaluru,Android ,Axis,4,46.53,1,2,International,Yes
857586,5703.9,ATM,Recharge,CRED,Hyderabad,Android ,Kotak,1,32.47,0,0,International,Not Fraud
364301,653.17,Wallet,Refund,Airtel,Patna,Mac,SBI,6,57.44,1,1,Domestic,Not Fraud
341021,871.75,UPI,Cash Withdrawal,SBI,Chandigarh,iPhone,ICICI,1,55.29,0,1,domestic,Not Fraud
568038,5629.99,POS,Cash Withdrawal,Zomato,Kolkata,Mac,Canara,14,25.11,1,3,Domestic,Not Fraud
942706,2726.84,UPI,Bill Payment,Razorpay,Jaipur,Unknown,Union Bank,6,35.86,1,1,Domestic,Not Fraud
489099,2154.92,ATM,Bill Payment,Paytm,Kolkata,Android ,HDFC,9,23.36,0,2,Domestic,No
639513,280.85,NetBanking,Bill Payment,Ajio,Surat,Android,Axis,5,34.16,0,0,Domestic,Not Fraud
118429,513.77,Card,Bill Payment,Myntra,Bhopal,Android ,Union Bank,12,46.36,0,1,Domestic ,YES
788169,814.07,Wallet,Cash Withdrawal,BigBasket,Surat,android,PNB,7,13.12,1,2,Domestic,Not Fraud
554567,628.94,ATM,Cash Withdrawal,Swiggy,Lucknow,Android ,PNB,15,51.78,0,1,Domestic,Not Fraud
716589,3416.67,ATM,Cash Withdrawal,Ajio,Chandigarh,iPhone,SBI,6,10.55,0,1,Domestic,Not Fraud
491588,1209.73,POS,Purchase,Airtel,Lucknow,Android,Union Bank,14,58.37,1,2,International,Not Fraud
788017,5066.51,Wallet,Transfer,Meesho,Pune,iPhone,ICICI,10,15.43,0,3,International,Not Fraud
570240,1999.29,POS,Bill Payment,Ajio,Surat,iPhone,Axis,9,35.59,0,0,domestic,Not Fraud
695271,1392.22,ATM,Purchase,SBI,Delhi,Android ,Canara,14,34.47,1,0,domestic,Not Fraud
107865,337.66,ATM,Purchase,Flipkart,Ahmedabad,Android ,HDFC,7,16.86,1,3,Domestic,Not Fraud
476985,2126.35,Wallet,Recharge,Zomato,Kolkata,android,Axis,13,14.56,0,3,Domestic ,Not Fraud
143924,2837.69,Wallet,Transfer,Flipkart,Indore,Mac,PNB,11,20.34,0,1,domestic,Not Fraud
615010,6525.21,Card,Bill Payment,Myntra,Delhi,iPhone,Kotak,13,2.13,0,2,Domestic,Not Fraud
220547,2928.59,NetBanking,Refund,Meesho,Chennai,Unknown,BOB,5,55.95,0,3,Domestic ,Not Fraud
744499,594.84,UPI,Bill Payment,MakeMyTrip,Hyderabad,Android,ICICI,6,31.13,0,0,Domestic,Not Fraud
425978,110.7,ATM,Purchase,SBI,Surat,Mac,Canara,15,41.37,0,3,International,Not Fraud
592017,3327.74,NetBanking,Refund,IRCTC,Kochi,android,Union Bank,9,21.22,0,2,Domestic ,Not Fraud
961443,3171.27,NetBanking,Refund,BigBasket,Hyderabad,iPhone,ICICI,10,26.47,0,3,domestic,Not Fraud
953589,1867.98,UPI,Transfer,Flipkart,Chandigarh,Android ,SBI,10,4.65,1,2,International,Not Fraud
338758,1344.01,Card,Recharge,Google Pay,Chandigarh,iPhone,Axis,10,31.46,1,0,Domestic,Not Fraud
263848,2438.93,ATM,Transfer,CRED,Kochi,iPhone,Canara,13,19.1,1,1,domestic,Not Fraud
647438,1463.9,ATM,Transfer,Google Pay,Bengaluru,Unknown,SBI,12,32.81,1,3,domestic,fraud
322859,879.55,Card,Refund,Google Pay,Surat,android,Kotak,3,21.45,1,2,Domestic ,Not Fraud
645472,4851.46,,Transfer,MakeMyTrip,Kochi,android,Kotak,11,14.63,1,3,International,Fraud
910136,7032.96,NetBanking,Cash Withdrawal,MakeMyTrip,Ahmedabad,Mac,Axis,11,9.42,0,2,Domestic,Not Fraud
954683,1520.75,Wallet,Transfer,Zomato,Kochi,iPhone,HDFC,12,11.05,1,1,Domestic ,Not Fraud
305213,2340.54,Card,Recharge,Google Pay,Indore,Windows,ICICI,11,46.21,1,2,International,Not Fraud
324148,2482.33,Card,Refund,CRED,Surat,Android ,Union Bank,8,46.83,1,2,domestic,Not Fraud
386720,3728.97,POS,Purchase,Swiggy,Bhopal,Mac,Axis,6,29.65,1,2,Domestic,Not Fraud
479587,1946.26,ATM,Purchase,Swiggy,Delhi,Android,HDFC,3,32.52,0,0,International,Not Fraud
890787,2065.27,NetBanking,Cash Withdrawal,Google Pay,Ahmedabad,Mac,Axis,1,25.2,0,3,Domestic,Not Fraud
183255,5681.1,Card,Purchase,BookMyShow,Kochi,Android ,SBI,12,39.9,0,1,domestic,Not Fraud
960728,30339.25,Card,Transfer,IRCTC,Patna,Windows,BOB,8,16.82,0,2,Domestic,Fraud
814669,2040.61,Wallet,Transfer,CRED,Kochi,Android,Union Bank,10,20.86,1,0,domestic,Fraud
666615,7012.56,Wallet,Purchase,Amazon India,Hyderabad,android,ICICI,8,40.58,0,0,Domestic ,Not Fraud
519496,6786.45,ATM,Transfer,Airtel,Bhopal,Mac,BOB,4,3.07,0,3,International,Not Fraud
611645,10800.57,POS,Purchase,Paytm,Hyderabad,Android ,Axis,5,57.7,0,1,International,Not Fraud
306569,742.9,Card,Cash Withdrawal,BigBasket,Chennai,android,HDFC,4,0.3,1,0,domestic,Not Fraud
769207,1247.54,POS,Purchase,BookMyShow,Lucknow,android,BOB,7,18.44,0,0,Domestic,Not Fraud
774070,637.92,POS,Refund,BigBasket,Indore,android,ICICI,1,32.0,1,2,Domestic,Not Fraud
678633,1686.47,UPI,Cash Withdrawal,SBI,Surat,Android ,SBI,12,47.95,0,3,Domestic ,Not Fraud
452698,3622.97,ATM,Bill Payment,Flipkart,Patna,Windows,SBI,2,18.98,0,0,International,Not Fraud
395124,4506.88,Wallet,Recharge,CRED,Surat,iPhone,SBI,9,55.23,0,0,Domestic,Not Fraud
586953,1381.49,Wallet,Recharge,Razorpay,Ahmedabad,Windows,BOB,12,41.76,0,3,Domestic,Fraud
591302,5305.66,POS,Cash Withdrawal,Meesho,Kolkata,android,PNB,5,4.21,0,2,International,Yes
392883,1344.31,UPI,Refund,Airtel,Bhopal,Android,Canara,2,45.51,1,2,International,Not Fraud
972098,1272.62,POS,Transfer,Razorpay,Chennai,Unknown,Canara,4,53.38,0,3,International,Not Fraud
569009,4779.27,ATM,Refund,Flipkart,Mumbai,Unknown,Canara,13,33.95,1,0,domestic,Fraud
945437,818.14,NetBanking,Bill Payment,MakeMyTrip,Jaipur,android,BOB,8,5.44,0,1,Domestic,Not Fraud
285633,2826.57,Card,Transfer,Ajio,Chennai,Android,PNB,6,19.07,0,0,domestic,Not Fraud
246816,5188.75,ATM,Bill Payment,Zomato,Indore,Mac,PNB,15,48.97,1,3,Domestic,Not Fraud
523129,5490.36,UPI,Recharge,Meesho,Pune,Windows,ICICI,4,19.2,1,1,Domestic,Not Fraud
329963,481.63,UPI,Bill Payment,Flipkart,Chandigarh,Mac,Canara,4,48.06,1,3,domestic,Not Fraud
337384,2817.61,ATM,Transfer,Airtel,Jaipur,Android ,BOB,9,36.85,1,1,Domestic ,Not Fraud
826069," ₹11,297.56",Wallet,Recharge,Paytm,Pune,iPhone,HDFC,9,31.64,1,2,Domestic,Not Fraud
682674,681.3,ATM,Refund,PhonePe,Surat,Mac,Axis,7,3.79,0,1,domestic,Not Fraud
306122,2666.86,ATM,Bill Payment,Swiggy,Kochi,Unknown,BOB,3,59.0,1,2,domestic,Not Fraud
439221,265.76,NetBanking,Transfer,Amazon India,Jaipur,Unknown,BOB,5,18.71,1,3,International,Not Fraud
919294,8317.64,POS,Bill Payment,MakeMyTrip,Hyderabad,Android,Union Bank,3,50.62,1,3,Domestic ,Not Fraud
386125,1037.75,ATM,Purchase,Flipkart,Delhi,Android,Axis,15,6.68,1,0,Domestic,Yes
505511,1268.16,POS,Cash Withdrawal,Uber,Lucknow,android,Kotak,5,2.21,1,1,Domestic ,Not Fraud
276767,1763.0,Wallet,Refund,Flipkart,Patna,Android,Canara,10,55.34,1,0,Domestic,Fraud
255164,11031.43,POS,Bill Payment,Zomato,Ahmedabad,iPhone,ICICI,1,33.29,0,1,Domestic ,Not Fraud
858817,991.8,UPI,Transfer,Swiggy,Hyderabad,Android ,Union Bank,8,8.5,0,2,domestic,Not Fraud
669082,4646.17,Wallet,Transfer,MakeMyTrip,Delhi,Unknown,BOB,3,34.98,1,0,domestic,Not Fraud
917383,431.15,POS,Recharge,Jio,Hyderabad,Android,HDFC,8,17.97,1,1,domestic,Not Fraud
755607,2391.31,POS,Bill Payment,Uber,Hyderabad,iPhone,PNB,3,1.08,1,2,Domestic ,Not Fraud
795515,3300.92,Card,Transfer,Uber,Kolkata,Android ,SBI,11,20.94,1,1,International,fraud
436380,2024.73,UPI,Transfer,PhonePe,Bhopal,Windows,ICICI,13,37.51,0,2,Domestic,Not Fraud
891607,2554.21,Card,Recharge,Jio,Chennai,Windows,Union Bank,12,23.75,1,2,Domestic ,Fraud
215758,4457.01,Wallet,Purchase,Uber,Bengaluru,Android,PNB,8,29.31,1,3,Domestic ,Not Fraud
907825,3612.61,ATM,Recharge,Swiggy,Bengaluru,Android,BOB,3,22.48,1,3,International,Not Fraud
452678,385.04,Wallet,Purchase,Meesho,Kochi,Android ,Axis,9,24.15,0,3,Domestic,Not Fraud
183261,2130.07,UPI,Cash Withdrawal,Meesho,Indore,Unknown,ICICI,13,14.62,1,1,Domestic,Not Fraud
868532,5079.79,UPI,Recharge,CRED,Lucknow,android,HDFC,3,24.17,0,0,domestic,Not Fraud
131447,2632.38,NetBanking,Recharge,PhonePe,Indore,Android,Kotak,10,28.91,0,3,Domestic,Not Fraud
186175,1616.67,POS,Cash Withdrawal,SBI,Mumbai,Android ,Axis,10,45.68,0,1,domestic,Not Fraud
246239,,UPI,Purchase,PhonePe,Kolkata,Mac,PNB,8,29.42,1,2,Domestic ,Fraud
230880,3849.84,POS,Recharge,SBI,Lucknow,Android ,Union Bank,8,26.59,0,3,Domestic ,Not Fraud
529595,1658.29,NetBanking,Transfer,Jio,Hyderabad,Windows,BOB,1,47.09,1,0,Domestic,Not Fraud
749227,5706.21,Wallet,Cash Withdrawal,Airtel,Lucknow,Unknown,HDFC,12,11.94,0,3,Domestic ,Not Fraud
883712,20893,Card,Bill Payment,SBI,Kolkata,Unknown,BOB,13,24.0,1,0,Domestic,Not Fraud
236009,1065.77,POS,Transfer,Airtel,Kolkata,android,Kotak,13,5.42,0,0,International,Yes
707421,4592.16,NetBanking,Recharge,Swiggy,Delhi,iPhone,Axis,6,35.52,1,3,Domestic ,Not Fraud
529627,5701.66,Wallet,Refund,Google Pay,Hyderabad,Windows,ICICI,10,2.21,1,0,Domestic,Fraud
629446,1825.57,Card,Purchase,Swiggy,Delhi,android,Canara,11,31.92,0,2,Domestic ,Not Fraud
239708,1278.79,NetBanking,Purchase,Jio,Indore,Windows,PNB,7,26.01,1,0,Domestic,Not Fraud
224337,3276.58,POS,Bill Payment,Google Pay,Delhi,Windows,Canara,5,37.86,1,0,International,Not Fraud
759153,7846.86,NetBanking,Cash Withdrawal,Airtel,Bhopal,iPhone,Union Bank,5,15.95,0,0,International,Not Fraud
913593,612.5,POS,Transfer,Swiggy,Surat,Unknown,SBI,5,21.07,1,3,International,Not Fraud
371375,995.38,UPI,Recharge,Paytm,Lucknow,Unknown,Axis,8,24.63,1,0,domestic,Not Fraud
885246,1267.14,ATM,Recharge,Ajio,Patna,android,ICICI,11,33.76,0,1,Domestic ,Not Fraud
237365,3365.43,POS,Transfer,Myntra,Ahmedabad,android,Union Bank,9,29.02,0,2,Domestic,Fraud
260111,2108.53,POS,Transfer,SBI,Chennai,Windows,ICICI,14,41.34,0,3,Domestic,Not Fraud
540156,7348.73,UPI,Refund,Swiggy,Mumbai,Mac,ICICI,1,32.44,1,0,domestic,Fraud
705090,1319.57,POS,Refund,Flipkart,Bengaluru,iPhone,Axis,7,13.66,1,1,International,Fraud
525517,11582.01,UPI,Bill Payment,Amazon India,Surat,iPhone,Kotak,11,12.41,0,0,Domestic,Not Fraud
511101,425.93,ATM,Transfer,Ajio,Delhi,Mac,Axis,2,57.41,0,0,Domestic ,Not Fraud
292407,740.89,Card,Purchase,IRCTC,Lucknow,android,Canara,9,39.12,1,0,domestic,Not Fraud
957631,775.06,ATM,Transfer,Jio,Kolkata,android,ICICI,5,41.72,1,2,domestic,Not Fraud
547668,4313.53,UPI,Transfer,Airtel,Kochi,Unknown,Union Bank,3,16.19,1,1,International,Not Fraud
938725,962.31,ATM,Purchase,CRED,Lucknow,Unknown,SBI,11,50.07,0,2,Domestic,Not Fraud
556512,1125.81,NetBanking,Cash Withdrawal,Razorpay,Chennai,Mac,PNB,3,6.91,1,0,domestic,Not Fraud
697011,3334.89,POS,Recharge,PhonePe,Indore,Mac,Kotak,14,10.36,1,3,Domestic,Not Fraud
683456,593.55,POS,Refund,Jio,,Android ,SBI,8,59.14,1,0,Domestic,Not Fraud
959739,3558.51,NetBanking,Purchase,Myntra,Delhi,Mac,HDFC,6,44.79,1,0,Domestic,Not Fraud
774315,3296.62,Card,Purchase,Paytm,Mumbai,Windows,Canara,5,44.79,0,1,domestic,Fraud
850526,872.57,ATM,Purchase,CRED,Surat,Unknown,Union Bank,4,42.91,1,2,domestic,Not Fraud
246891,1878.94,Card,Cash Withdrawal,Swiggy,Delhi,Unknown,Axis,6,12.23,0,2,domestic,Not Fraud
431318,2536.89,NetBanking,Cash Withdrawal,BookMyShow,Hyderabad,Android,Kotak,5,15.34,0,2,International,Not Fraud
753754,2764.82,UPI,Purchase,Google Pay,Patna,iPhone,SBI,13,32.89,1,0,Domestic ,Not Fraud
998592,1840.06,ATM,Transfer,BigBasket,Pune,Mac,HDFC,5,20.04,1,0,Domestic,Not Fraud
604873,1190.97,UPI,Transfer,Uber,Bengaluru,Unknown,HDFC,2,38.22,0,1,Domestic,Not Fraud
224665,639.18,UPI,Transfer,Amazon India,Ahmedabad,Unknown,Union Bank,14,50.92,0,1,domestic,Not Fraud
234420,6741.3,Card,Bill Payment,Myntra,Pune,Android,HDFC,14,20.77,0,3,International,Fraud
338491,1305.71,NetBanking,Recharge,Swiggy,Hyderabad,Windows,Union Bank,1,44.89,1,1,Domestic ,Not Fraud
894937,5146.36,Card,Bill Payment,Ajio,Mumbai,Unknown,PNB,11,21.78,1,3,domestic,Not Fraud
412407,1231.75,POS,Recharge,Zomato,Jaipur,iPhone,HDFC,5,32.33,1,3,domestic,Not Fraud
722113, ₹499.86,UPI,Transfer,BigBasket,Kolkata,Android,Axis,12,14.69,0,0,International,Not Fraud
174176,1675.78,ATM,Refund,MakeMyTrip,Mumbai,Android,HDFC,12,5.52,0,3,International,Not Fraud
357364,1217.54,ATM,Recharge,Jio,Pune,Mac,Kotak,7,1.04,0,1,Domestic,Not Fraud
686757,1897.27,ATM,Cash Withdrawal,Google Pay,Jaipur,android,PNB,3,25.65,0,1,domestic,Not Fraud
575636,1708.7,Wallet,Transfer,Amazon India,Bengaluru,Unknown,PNB,10,42.88,1,0,domestic,Not Fraud
649430,2401.42,Card,Purchase,Amazon India,Chandigarh,Windows,BOB,4,40.38,1,1,International,Not Fraud
723621,10891.42,Wallet,Bill Payment,Zomato,Mumbai,iPhone,HDFC,9,34.4,0,2,Domestic ,Not Fraud
320070,2228.16,Wallet,Bill Payment,Flipkart,Lucknow,Android,ICICI,4,16.48,0,0,Domestic ,Not Fraud
423151,391.5,Wallet,Refund,Google Pay,Lucknow,Unknown,Union Bank,11,16.19,1,1,Domestic,Not Fraud
220726,917.09,ATM,Bill Payment,Amazon India,Kochi,android,BOB,13,44.28,0,1,International,Fraud
502824,1726.68,Card,Transfer,Zomato,Surat,Windows,BOB,13,37.34,1,2,International,Not Fraud
270711,1564.0,UPI,Transfer,SBI,Lucknow,Android,Canara,12,22.64,1,2,International,Not Fraud
562532,563.09,NetBanking,Cash Withdrawal,SBI,Kochi,Windows,Canara,7,2.82,1,0,Domestic,Not Fraud
326904,388.47,ATM,Purchase,Flipkart,Bengaluru,android,Union Bank,4,18.82,1,2,domestic,Not Fraud
637573,740.63,POS,Refund,BookMyShow,Patna,Windows,Canara,13,57.61,1,3,domestic,Not Fraud
262558,1231.12,UPI,Refund,Paytm,Ahmedabad,Unknown,BOB,3,51.47,0,2,domestic,Not Fraud
764012,515.8,NetBanking,Bill Payment,Ajio,Pune,Mac,BOB,1,21.86,0,3,International,Not Fraud
150130,3127,POS,Refund,Ajio,Delhi,Mac,Axis,7,4.5,0,3,domestic,Not Fraud
338007,2293.09,POS,Bill Payment,Flipkart,Lucknow,Android,Canara,7,22.37,0,1,International,Not Fraud
373182,2091.19,ATM,Bill Payment,BookMyShow,Indore,iPhone,ICICI,15,14.15,0,2,domestic,Not Fraud
321899,2840.4,Wallet,Recharge,PhonePe,Hyderabad,Android ,PNB,4,25.49,1,0,International,Not Fraud
444592,3016.33,Card,Bill Payment,MakeMyTrip,Patna,Windows,Canara,9,21.27,0,3,Domestic,Not Fraud
470232,390.6,POS,Refund,BigBasket,Jaipur,android,HDFC,2,0.25,1,3,Domestic ,Not Fraud
778467,1769.68,Wallet,Recharge,Razorpay,Indore,Windows,Axis,10,51.05,0,2,International,Not Fraud
847512,7468.7,NetBanking,Recharge,Swiggy,Ahmedabad,android,Kotak,9,4.15,1,2,Domestic ,Not Fraud
389224,1392.76,ATM,Purchase,Google Pay,Surat,android,ICICI,13,36.74,0,2,domestic,Not Fraud
772048,4137.68,NetBanking,Bill Payment,Uber,Bengaluru,Android,Canara,8,16.26,1,0,Domestic ,Not Fraud
480418,2257.34,POS,Cash Withdrawal,Amazon India,Pune,Windows,ICICI,6,59.8,0,2,Domestic ,Not Fraud
652162,1186.32,NetBanking,Cash Withdrawal,Razorpay,Indore,android,Union Bank,9,33.4,1,3,Domestic,Not Fraud
444858,5417.01,ATM,Transfer,Airtel,Pune,Android ,Union Bank,7,58.17,1,1,Domestic,Not Fraud
998383,3429.65,Wallet,Recharge,Swiggy,Surat,Unknown,SBI,13,12.82,0,1,Domestic ,Not Fraud
788466,1507.02,UPI,Refund,Jio,Ahmedabad,Android,Union Bank,8,41.22,0,3,International,Not Fraud
183229,1651.94,ATM,Recharge,Jio,Hyderabad,Unknown,PNB,10,29.59,0,1,Domestic,Not Fraud
773568,970.86,UPI,Transfer,Zomato,Kolkata,windows,Union Bank,8,51.48,1,2,domestic,Not Fraud
910048,256.07,Wallet,Recharge,Google Pay,Kolkata,android,Kotak,4,43.72,0,2,domestic,Not Fraud
856909,6993.22,Card,Transfer,BookMyShow,Bhopal,iPhone,Canara,1,39.36,0,2,Domestic,Not Fraud
226060,30925.29,POS,Refund,Zomato,Surat,android,Canara,15,53.34,0,2,Domestic,Not Fraud
439167,1422.06,UPI,Purchase,IRCTC,Lucknow,Windows,ICICI,15,27.83,0,1,domestic,Not Fraud
626558,354.46,NetBanking,Refund,Jio,Delhi,Windows,SBI,6,1.01,0,1,domestic,Not Fraud
769775,1232.62,ATM,Cash Withdrawal,Jio,Kolkata,iPhone,Kotak,5,31.53,1,1,domestic,Not Fraud
222169,2258.1,POS,Purchase,CRED,Chennai,Mac,HDFC,5,19.01,0,3,Domestic,Not Fraud
720834,272.31,UPI,Refund,BigBasket,Hyderabad,Android,Kotak,14,16.91,1,0,Domestic ,Not Fraud
710955,1352.71,ATM,Bill Payment,PhonePe,Chandigarh,Android,SBI,13,40.97,0,2,Domestic ,Not Fraud
214287,284.58,Card,Recharge,Ajio,Chennai,android,SBI,14,17.97,0,3,Domestic ,Not Fraud
413188,158.69,ATM,Cash Withdrawal,Airtel,Surat,android,Union Bank,15,48.93,0,3,domestic,Fraud
449077,2670.87,Wallet,Recharge,PhonePe,Indore,android,Axis,8,17.33,1,3,International,Not Fraud
367196,587.03,ATM,Bill Payment,IRCTC,Delhi,Android,BOB,14,40.0,1,2,Domestic,Not Fraud
639384,4584.39,Wallet,Recharge,Swiggy,Jaipur,Unknown,PNB,7,43.43,0,0,Domestic ,Not Fraud
726403,1499.46,NetBanking,Refund,Google Pay,Jaipur,android,Axis,6,48.96,0,2,Domestic ,Not Fraud
439788,8099.46,NetBanking,Purchase,Jio,Hyderabad,Windows,Canara,4,8.76,1,1,domestic,Not Fraud
167043,10616.2,NetBanking,Recharge,SBI,Jaipur,iPhone,Canara,2,45.48,0,2,domestic,Not Fraud
997804,6444.05,Card,Purchase,IRCTC,Chandigarh,Android ,PNB,6,29.92,1,1,Domestic,Not Fraud
117396,1361.63,Wallet,Cash Withdrawal,BookMyShow,Bhopal,Windows,Axis,7,42.16,1,1,Domestic,Not Fraud
703399,4836.22,Card,Bill Payment,MakeMyTrip,Ahmedabad,Android ,HDFC,9,38.96,1,2,Domestic,Not Fraud
365590, ₹164.74,POS,Bill Payment,PhonePe,Mumbai,Android,BOB,12,54.26,0,1,Domestic ,Not Fraud
954301,3559.75,Card,Bill Payment,Paytm,Ahmedabad,Android,HDFC,8,8.15,0,2,domestic,Not Fraud
179966,5754.26,POS,Transfer,Flipkart,Surat,Mac,Kotak,11,20.32,0,1,Domestic ,Not Fraud
774686,1623.63,NetBanking,Purchase,Jio,Indore,Mac,PNB,6,46.85,1,0,Domestic,Not Fraud
222450,2356.23,UPI,Purchase,Razorpay,Hyderabad,Windows,HDFC,3,19.77,1,2,International,Fraud
881646,1182.85,UPI,Recharge,MakeMyTrip,Lucknow,Android ,SBI,8,35.29,0,2,International,Not Fraud
931405,1618.37,Card,Recharge,Paytm,Chennai,Mac,ICICI,9,3.78,1,3,International,Fraud
647859,1281.92,ATM,Recharge,CRED,Patna,Unknown,HDFC,13,46.04,1,2,Domestic ,Not Fraud
889392,1189.73,Card,Refund,Myntra,Chennai,Android,Canara,6,26.76,1,1,International,Not Fraud
856562,3072.92,UPI,Refund,Ajio,Patna,Unknown,SBI,8,7.16,0,1,Domestic,Fraud
868394,6005.39,POS,Transfer,PhonePe,Jaipur,Unknown,HDFC,5,50.44,0,3,domestic,Not Fraud
936218,2335.6,NetBanking,Bill Payment,Ajio,,iPhone,Union Bank,3,33.36,1,3,Domestic,Not Fraud
670022,11245.0,Wallet,Refund,PhonePe,Indore,Android ,PNB,9,24.56,1,1,domestic,Not Fraud
908096,824.7,NetBanking,Purchase,Zomato,Lucknow,Unknown,Canara,8,39.96,1,3,Domestic ,Not Fraud
236356,12451.08,Card,Recharge,IRCTC,Patna,Mac,Axis,13,56.39,0,3,Domestic ,Not Fraud
641805,1029.79,UPI,Purchase,Jio,Mumbai,Mac,PNB,14,49.34,1,0,domestic,Not Fraud
172174,2791.12,Card,Cash Withdrawal,Amazon India,Mumbai,iPhone,PNB,10,27.24,0,3,Domestic,Not Fraud
366893,3035.3,Card,Purchase,CRED,Bhopal,iPhone,PNB,6,10.06,1,0,domestic,Not Fraud
755479,4778.94,Wallet,Recharge,PhonePe,Surat,Unknown,Kotak,2,43.17,0,2,domestic,Not Fraud
420332,1596.69,NetBanking,Bill Payment,PhonePe,Mumbai,iPhone,Kotak,14,14.14,0,1,International,Not Fraud
900247,1426.04,UPI,Cash Withdrawal,Uber,Surat,Windows,Union Bank,15,8.54,1,1,International,Not Fraud
301546,7709.02,UPI,Bill Payment,Paytm,Bhopal,Unknown,HDFC,2,38.46,1,0,International,Not Fraud
272481,2764.89,UPI,Purchase,BookMyShow,Bengaluru,Windows,SBI,15,9.24,1,0,Domestic ,Not Fraud
381873,2569.23,POS,Transfer,Meesho,Patna,iPhone,Canara,10,20.03,0,0,Domestic,Not Fraud
514815,4356.29,NetBanking,Refund,BigBasket,Indore,Mac,BOB,13,46.28,1,3,International,Not Fraud
171922,1199.11,NetBanking,Cash Withdrawal,Google Pay,Surat,Android ,SBI,9,17.42,1,0,International,Not Fraud
523325,8667.11,Wallet,Transfer,SBI,Jaipur,android,Axis,4,56.82,0,2,Domestic ,Not Fraud
991293,3092.77,POS,Bill Payment,Myntra,Mumbai,Android ,ICICI,10,22.34,0,0,International,Not Fraud
440201,7339.05,Card,Purchase,Razorpay,Pune,Android ,SBI,3,50.45,1,1,International,Not Fraud
246510,1234.28,Wallet,Recharge,Flipkart,Chandigarh,android,Union Bank,1,19.76,1,2,domestic,Not Fraud
286436,2087.05,POS,Purchase,Meesho,Mumbai,Android ,Union Bank,7,26.88,1,3,Domestic ,Not Fraud
912276,4145.38,Card,Cash Withdrawal,Google Pay,Chennai,Unknown,Axis,10,13.19,0,0,domestic,Not Fraud
486188,,Wallet,Refund,SBI,Chennai,Unknown,ICICI,2,21.32,0,3,domestic,Not Fraud
204619,2607.7,Card,Bill Payment,Amazon India,Jaipur,Android,HDFC,4,28.24,0,3,International,Not Fraud
768319,7664.05,Wallet,Recharge,Swiggy,Lucknow,Windows,HDFC,1,53.41,0,2,Domestic,Not Fraud
149494,1698.64,Card,Bill Payment,Paytm,Jaipur,Unknown,Canara,4,22.56,1,0,Domestic,Not Fraud
479689,2204.13,NetBanking,Purchase,PhonePe,Mumbai,android,SBI,12,0.84,1,0,domestic,Not Fraud
693936,1900.43,ATM,Bill Payment,BookMyShow,Jaipur,android,BOB,3,15.08,1,2,Domestic,Not Fraud
258656,1858.68,NetBanking,Purchase,Ajio,Ahmedabad,Windows,SBI,1,50.4,1,0,Domestic,Not Fraud
957646,1805.2,UPI,Transfer,Swiggy,Indore,Windows,ICICI,8,6.38,0,2,International,Not Fraud
353009,4877.44,Wallet,Cash Withdrawal,Amazon India,Chandigarh,Mac,Kotak,2,18.58,1,1,Domestic,Not Fraud
986601,9205.36,ATM,Bill Payment,CRED,Mumbai,Android,PNB,6,41.49,1,2,Domestic,Not Fraud
415337,824.21,UPI,Bill Payment,Myntra,Ahmedabad,Android ,Canara,7,47.41,0,2,domestic,Not Fraud
468425,2436.26,POS,Bill Payment,Zomato,Mumbai,Windows,BOB,4,41.15,1,3,Domestic ,Not Fraud
430904,1694.44,Wallet,Purchase,Razorpay,Indore,android,HDFC,2,45.08,1,3,Domestic,Not Fraud
682664,2163.29,ATM,Refund,Razorpay,Surat,Android ,Kotak,14,53.58,1,1,International,Not Fraud
711789,1738.27,UPI,Bill Payment,CRED,Delhi,Unknown,PNB,6,39.82,1,3,Domestic,Not Fraud
638141,8217.38,POS,Refund,Ajio,Kochi,Windows,BOB,6,13.55,1,0,Domestic,Not Fraud
693513,1688.89,Wallet,Bill Payment,BigBasket,Ahmedabad,Android,Kotak,10,29.33,1,0,International,Not Fraud
300952,1115.95,Card,Refund,Zomato,Ahmedabad,Android,Kotak,6,5.92,0,3,International,Not Fraud
269829,3649.93,UPI,Recharge,Uber,Indore,Windows,Canara,12,48.79,0,2,Domestic,Not Fraud
216507,1747.98,Card,Bill Payment,Airtel,Chandigarh,android,Axis,5,37.83,1,2,Domestic ,Not Fraud
986670,1871.21,NetBanking,Cash Withdrawal,Paytm,Kolkata,Mac,BOB,8,36.61,1,0,domestic,fraud
185401,3779.95,POS,Refund,Google Pay,Hyderabad,Android ,BOB,14,37.51,0,2,Domestic,Not Fraud
700053,1058.98,NetBanking,Transfer,BookMyShow,Hyderabad,android,BOB,4,17.1,1,3,International,Not Fraud
678876,777.72,Card,Purchase,Paytm,Bhopal,Android,Canara,10,51.81,0,2,International,Not Fraud
912920,15220.36,ATM,Purchase,MakeMyTrip,Kochi,Mac,SBI,10,0.95,1,3,domestic,Not Fraud
529026,3162.49,ATM,Bill Payment,Jio,Hyderabad,Android,SBI,10,39.87,1,0,Domestic ,Not Fraud
457948,2592.25,POS,Bill Payment,Swiggy,Jaipur,Android,Union Bank,8,46.27,0,3,International,Not Fraud
831324,3955.39,POS,Cash Withdrawal,Meesho,Kolkata,Windows,ICICI,2,44.37,0,1,Domestic,Not Fraud
903756," ₹5,276.98",POS,Cash Withdrawal,BigBasket,Kolkata,Windows,Canara,2,1.81,0,2,Domestic,Not Fraud
639560,768.42,UPI,Refund,Swiggy,Bhopal,Mac,HDFC,3,18.38,1,0,domestic,Not Fraud
561238,898.59,NetBanking,Purchase,Jio,Hyderabad,Unknown,HDFC,12,4.5,1,2,Domestic,Not Fraud
627792,2922.28,ATM,Cash Withdrawal,IRCTC,Pune,android,BOB,6,14.94,1,2,domestic,Not Fraud
702485,4010.13,Wallet,Bill Payment,Myntra,Mumbai,Unknown,BOB,10,27.54,0,1,Domestic,Not Fraud
197314,2971.97,ATM,Refund,Ajio,Delhi,Unknown,HDFC,5,8.68,0,2,Domestic,Not Fraud
739167,6821.09,ATM,Transfer,Paytm,Kochi,Android ,Kotak,2,19.34,1,1,Domestic ,Not Fraud
564079,2179.95,Wallet,Recharge,Zomato,Chandigarh,Android,Canara,14,20.69,1,0,International,Not Fraud
369763,3399.75,Card,Recharge,MakeMyTrip,Pune,Mac,Kotak,4,19.34,1,3,International,Not Fraud
602359,2062.44,ATM,Purchase,BigBasket,Chennai,iPhone,BOB,13,45.29,1,3,domestic,Not Fraud
259405,7394.56,ATM,Refund,SBI,Delhi,iPhone,Canara,8,12.77,1,2,Domestic ,Not Fraud
119682,3081.59,POS,Cash Withdrawal,Google Pay,Patna,Mac,SBI,12,46.03,1,1,domestic,Not Fraud
306613,620.39,NetBanking,Transfer,Uber,Delhi,Windows,HDFC,6,29.57,0,0,Domestic ,Not Fraud
727475,9598.39,Wallet,Recharge,SBI,Ahmedabad,Unknown,ICICI,10,20.43,0,2,International,Not Fraud
957359,24615.35,ATM,Purchase,Flipkart,Delhi,iPhone,Canara,5,10.12,1,3,Domestic,Not Fraud
912308,835.19,Wallet,Cash Withdrawal,Jio,Surat,Unknown,Kotak,3,29.19,1,3,International,Not Fraud
787009,758.58,UPI,Recharge,Razorpay,Ahmedabad,Mac,ICICI,8,5.23,1,2,domestic,Not Fraud
117106,2123.12,ATM,Cash Withdrawal,Jio,Kochi,Android ,Union Bank,5,57.83,1,3,Domestic ,Not Fraud
622419,6879.67,Card,Transfer,Flipkart,Pune,iPhone,SBI,1,21.62,1,3,Domestic ,Not Fraud
861397,1324.12,UPI,Transfer,Flipkart,Kochi,Android,Kotak,8,54.24,0,1,domestic,Not Fraud
929687,6665.38,POS,Recharge,MakeMyTrip,Pune,Unknown,SBI,8,22.93,1,2,Domestic,Not Fraud
972234,13210.03,UPI,Refund,CRED,Mumbai,Android ,Axis,9,41.96,0,1,Domestic,Not Fraud
364809,455.06,NetBanking,Cash Withdrawal,Swiggy,Surat,iPhone,Canara,7,35.3,0,0,Domestic ,Not Fraud
782341,866.41,ATM,Purchase,BookMyShow,Bengaluru,Windows,BOB,8,22.78,1,2,domestic,Not Fraud
350927,1764.52,ATM,Transfer,CRED,Kochi,Android ,HDFC,15,18.89,1,3,Domestic,Not Fraud
635320,14805.29,Card,Transfer,MakeMyTrip,Kolkata,Windows,Axis,4,21.47,0,3,International,Not Fraud
314650,512,POS,Bill Payment,Uber,Mumbai,Mac,Kotak,11,43.07,0,0,Domestic,Not Fraud
426907,901.01,POS,Recharge,Google Pay,Pune,Mac,HDFC,13,43.14,0,3,Domestic,Not Fraud
598618,839.76,Wallet,Cash Withdrawal,Swiggy,Mumbai,Windows,Canara,11,25.14,0,0,International,Not Fraud
473107,1089.06,Card,Transfer,Meesho,Kochi,android,Union Bank,4,28.23,1,0,domestic,Not Fraud
746262,346.01,Wallet,Refund,Uber,Hyderabad,Mac,ICICI,8,18.87,1,2,International,Not Fraud
612513,5326.56,NetBanking,Purchase,IRCTC,Jaipur,android,Union Bank,9,15.5,0,1,International,No
230001,3809.52,Wallet,Transfer,MakeMyTrip,Pune,iPhone,Union Bank,4,18.98,0,1,domestic,Not Fraud
584958,776.43,POS,Recharge,Meesho,Kochi,iPhone,BOB,5,6.37,1,3,International,Not Fraud
790315,836.27,POS,Recharge,Uber,Ahmedabad,Android,Kotak,8,22.74,0,3,Domestic ,Not Fraud
294268,1139.45,Wallet,Bill Payment,PhonePe,Mumbai,Unknown,PNB,1,37.36,1,0,International,Not Fraud
529025,2683.53,UPI,Recharge,Meesho,Ahmedabad,android,SBI,3,36.43,0,0,Domestic,Not Fraud
413620,1780.7,POS,Recharge,Ajio,Surat,iPhone,Union Bank,15,48.46,0,0,domestic,Not Fraud
576884,1018.23,Wallet,Transfer,MakeMyTrip,Pune,Unknown,SBI,12,9.36,1,2,International,Not Fraud
933424,11092.17,ATM,Refund,MakeMyTrip,Lucknow,Android,HDFC,13,0.72,0,0,Domestic,Not Fraud
619489,2853.15,UPI,Refund,Ajio,Delhi,Android,SBI,8,15.04,0,3,Domestic,Not Fraud
668948,2873.14,POS,Transfer,Amazon India,Kolkata,iPhone,ICICI,14,7.35,1,1,Domestic ,Not Fraud
369521,156.92,Card,Purchase,Jio,Bhopal,Mac,Axis,4,42.52,1,1,Domestic,Not Fraud
609497,185.56,Card,Recharge,BookMyShow,Pune,Unknown,PNB,11,52.15,1,1,International,Not Fraud
642322,2222.3,ATM,Bill Payment,Razorpay,Patna,Windows,Union Bank,7,15.52,0,3,Domestic,Not Fraud
930617, ₹879.08,Card,Cash Withdrawal,Airtel,Bengaluru,Android ,ICICI,3,13.69,1,1,International,Not Fraud
758146,1327.44,UPI,Cash Withdrawal,Amazon India,Surat,android,Canara,2,15.95,1,0,Domestic ,Not Fraud
554562,1205.21,UPI,cash withdrawal,Uber,Chandigarh,iPhone,BOB,13,18.09,0,2,Domestic ,Not Fraud
253775,5959.21,UPI,Transfer,Paytm,Jaipur,iPhone,Union Bank,7,20.43,1,2,Domestic,Not Fraud
496303,610.15,POS,Refund,PhonePe,Kolkata,Mac,HDFC,13,48.43,1,1,Domestic ,Not Fraud
165741,4558.07,Card,Bill Payment,PhonePe,Jaipur,Windows,BOB,15,30.92,1,0,Domestic ,Yes
853437,2123.36,Card,Purchase,Jio,Pune,iPhone,Kotak,6,47.43,1,2,International,Not Fraud
780828,3375.95,Card,Recharge,MakeMyTrip,Bhopal,Android ,ICICI,6,55.49,0,0,International,Not Fraud
995713,650.41,ATM,Refund,BigBasket,Hyderabad,Unknown,Union Bank,12,17.64,1,1,domestic,Not Fraud
788280," ₹1,587.08",Card,Cash Withdrawal,Google Pay,Ahmedabad,Unknown,SBI,7,44.88,0,1,domestic,Not Fraud
143156,1803.52,UPI,Refund,Airtel,Delhi,Android ,BOB,4,37.89,0,1,Domestic ,Not Fraud
745033,5422.63,Card,Recharge,Myntra,Lucknow,iPhone,SBI,11,15.37,1,1,Domestic ,Not Fraud
289246,3265.95,Wallet,Bill Payment,Google Pay,Hyderabad,iPhone,Kotak,3,42.5,1,2,Domestic,Not Fraud
229679,2178.69,ATM,Refund,Myntra,Jaipur,Android,HDFC,12,54.08,0,1,domestic,Not Fraud
989797,1759.89,ATM,Recharge,Google Pay,Lucknow,Android,PNB,5,22.08,0,1,Domestic ,Not Fraud
501346,11653,UPI,Transfer,Zomato,Jaipur,Windows,Canara,12,11.38,0,2,Domestic ,Not Fraud
501132,1240.13,Wallet,Purchase,BookMyShow,Delhi,Android ,Axis,7,36.07,1,1,domestic,Not Fraud
292300,8236.7,NetBanking,Cash Withdrawal,SBI,Jaipur,iPhone,Canara,12,30.04,0,0,Domestic,Not Fraud
833929,7437.95,UPI,Refund,Airtel,Ahmedabad,Android ,BOB,12,4.13,1,3,International,Not Fraud
331779,917.01,UPI,Transfer,Meesho,Patna,Android,ICICI,1,34.99,1,0,International,Not Fraud
242404,2460.57,Card,Cash Withdrawal,Paytm,Indore,iPhone,Union Bank,11,15.65,1,2,Domestic ,Not Fraud
502352,2167.17,ATM,Bill Payment,Airtel,Kochi,Android ,PNB,13,38.14,0,0,domestic,Yes
176501,8130.33,NetBanking,Purchase,IRCTC,Jaipur,iPhone,Canara,4,0.2,0,3,Domestic,Not Fraud
852712,1934.78,Card,Recharge,MakeMyTrip,Chandigarh,Windows,Axis,6,53.75,1,2,International,Not Fraud
423289,8073.02,UPI,Purchase,Uber,Kolkata,Android,ICICI,3,19.39,1,2,Domestic,YES
321984,909.76,ATM,Recharge,Amazon India,Chandigarh,Windows,Canara,15,56.33,0,2,domestic,Not Fraud
627200,4570.78,POS,Transfer,Flipkart,Hyderabad,Android,HDFC,15,29.44,1,0,Domestic ,Not Fraud
432177," ₹2,494.20",ATM,Bill Payment,BigBasket,Mumbai,Android,Canara,15,58.08,1,1,International,Not Fraud
772196,4395.52,POS,Purchase,Paytm,Surat,Windows,ICICI,9,7.9,0,0,domestic,Not Fraud
988281,2690.99,UPI,Transfer,Airtel,Delhi,Unknown,Axis,14,10.15,0,2,International,Not Fraud
167313,1449.65,NetBanking,Recharge,Google Pay,Delhi,Android,Union Bank,11,15.89,1,3,International,Not Fraud
207758,8140.85,POS,Transfer,Zomato,Chandigarh,Unknown,BOB,5,1.96,1,0,Domestic ,Not Fraud
457107,661.64,Wallet,Cash Withdrawal,IRCTC,Mumbai,Android,Canara,4,13.27,1,0,International,Not Fraud
266572,5479.81,Wallet,Transfer,Zomato,Patna,Unknown,SBI,2,16.3,0,2,International,fraud
946217,3099.78,Card,Refund,Myntra,Kochi,Unknown,ICICI,6,18.14,0,0,Domestic ,Not Fraud
164271,7678.26,ATM,Cash Withdrawal,Uber,Hyderabad,Unknown,Union Bank,5,10.53,1,1,domestic,Not Fraud
559317,756.67,Card,Refund,PhonePe,Hyderabad,Mac,SBI,8,46.99,0,2,International,Not Fraud
870616,3349.6,NetBanking,Cash Withdrawal,SBI,Bhopal,Android ,ICICI,8,14.53,1,2,Domestic ,Not Fraud
705114,22061.0,ATM,Bill Payment,Zomato,Bengaluru,Unknown,PNB,10,51.62,1,1,Domestic ,Not Fraud
182581,16079.46,POS,Bill Payment,Razorpay,Kolkata,android,SBI,1,53.35,0,3,domestic,Not Fraud
361269,4221.28,UPI,Purchase,Myntra,Lucknow,Windows,Union Bank,11,23.26,0,3,domestic,Not Fraud
874816,1524.03,UPI,Transfer,Uber,Indore,Mac,PNB,3,46.71,1,0,domestic,Not Fraud
936101,20587,Wallet,Refund,Amazon India,Surat,iPhone,HDFC,6,4.84,0,2,Domestic,Not Fraud
841040,4223.06,UPI,Refund,Swiggy,Hyderabad,Windows,PNB,8,50.63,0,0,Domestic ,Not Fraud
354096,4537.31,NetBanking,Bill Payment,IRCTC,Bhopal,Android ,PNB,12,25.07,1,3,Domestic,Not Fraud
211856,5396.47,ATM,Purchase,IRCTC,Surat,Windows,ICICI,11,16.72,1,0,domestic,Not Fraud
252386,4460.54,Wallet,Purchase,SBI,Bhopal,iPhone,Kotak,8,6.45,1,3,Domestic ,Not Fraud
222494,9552.16,UPI,Recharge,Google Pay,Pune,iPhone,Axis,9,56.71,1,0,Domestic ,Not Fraud
252847,11124.92,Wallet,Purchase,PhonePe,Hyderabad,Mac,Axis,11,10.68,0,2,Domestic,Not Fraud
477701,,UPI,Transfer,Swiggy,Kolkata,Android ,Axis,2,36.03,1,1,International,Not Fraud
325444,25346.81,Wallet,Recharge,Paytm,Chennai,Unknown,PNB,4,52.52,0,2,International,Not Fraud
237221,3559.98,UPI,Transfer,Ajio,Ahmedabad,android,SBI,11,58.1,0,0,Domestic,Not Fraud
726906,2276.36,ATM,Cash Withdrawal,Uber,Kochi,android,ICICI,15,22.4,1,3,domestic,Not Fraud
390058,1560,ATM,Recharge,Google Pay,Ahmedabad,android,BOB,12,33.27,0,1,International,Not Fraud
769578,965.3,POS,Transfer,Flipkart,Bengaluru,Android ,PNB,2,8.47,1,0,Domestic ,Not Fraud
310141,973.46,ATM,Transfer,Swiggy,Ahmedabad,iPhone,Union Bank,1,26.48,0,3,domestic,Not Fraud
645571,1640.54,NetBanking,Refund,Uber,Indore,android,HDFC,15,12.8,1,3,Domestic,Not Fraud
574596,885.91,POS,Bill Payment,PhonePe,Chennai,Android,Canara,12,46.56,0,3,International,Not Fraud
920260,4270.35,Card,Bill Payment,BigBasket,Bengaluru,Android ,Union Bank,14,29.65,1,2,domestic,Not Fraud
384559,14992.91,UPI,Bill Payment,Swiggy,Kolkata,Mac,BOB,11,37.49,0,0,domestic,Not Fraud
205286,7346.67,POS,Transfer,SBI,Jaipur,Android,BOB,8,28.62,1,2,domestic,Not Fraud
324841,1553.64,UPI,Refund,Flipkart,Mumbai,android,SBI,11,26.44,0,2,Domestic ,Not Fraud
388215,10499.55,POS,Refund,PhonePe,Lucknow,Android,Union Bank,2,13.2,0,3,domestic,Not Fraud
821048,3893.39,Card,Refund,Swiggy,Chandigarh,iPhone,Axis,15,7.22,1,1,Domestic,Not Fraud
384166,162.34,UPI,Cash Withdrawal,CRED,Chennai,Mac,Union Bank,6,39.03,1,2,Domestic ,Not Fraud
668358,3895.76,Card,Cash Withdrawal,Swiggy,Kochi,Windows,BOB,13,43.16,1,2,domestic,Not Fraud
280737,1193.31,Wallet,Cash Withdrawal,Zomato,Hyderabad,Windows,BOB,11,55.13,0,2,Domestic,Not Fraud
412554,1539.08,Wallet,Transfer,BookMyShow,Kolkata,Unknown,ICICI,3,59.39,1,2,International,Not Fraud
587893,,ATM,Cash Withdrawal,Flipkart,Jaipur,Unknown,ICICI,10,48.52,1,2,International,Not Fraud
108141,1050.45,NetBanking,Cash Withdrawal,MakeMyTrip,Chennai,Windows,ICICI,14,16.61,0,0,domestic,Not Fraud
139259," ₹1,509.88",ATM,Refund,CRED,Pune,Windows,Kotak,4,40.42,0,0,International,Fraud
247575,1466.48,POS,Purchase,MakeMyTrip,Lucknow,iPhone,ICICI,7,7.64,0,0,Domestic,Not Fraud
222275,391.42,UPI,Transfer,Flipkart,Indore,Android,HDFC,12,27.43,0,3,International,Not Fraud
412918,1461.95,Wallet,Purchase,Airtel,Chandigarh,Mac,BOB,3,29.73,0,3,Domestic ,Not Fraud
817883,1010.46,UPI,Transfer,IRCTC,Chennai,Android ,SBI,7,27.14,1,1,Domestic,Not Fraud
345916,3723.78,NetBanking,Refund,Zomato,Indore,Android ,Kotak,5,2.6,0,3,Domestic ,Not Fraud
242338,639.27,Wallet,Transfer,Uber,Jaipur,android,HDFC,4,34.88,0,0,Domestic,Not Fraud
210606,2079.68,POS,Recharge,Jio,Hyderabad,Android,Canara,12,40.43,0,1,Domestic,Not Fraud
829599,2259.0,ATM,Recharge,Flipkart,Surat,iPhone,Union Bank,10,24.96,1,2,International,Fraud
874347,2050.73,NetBanking,Transfer,Meesho,Hyderabad,Android,PNB,12,15.1,0,1,domestic,Not Fraud
395848," ₹3,240.43",NetBanking,Recharge,Myntra,Kochi,Unknown,Canara,4,41.42,1,1,Domestic,Not Fraud
616885,2378.84,Wallet,Purchase,MakeMyTrip,Kochi,Android,Union Bank,13,12.47,0,2,International,Not Fraud
949184,1812.38,Card,Cash Withdrawal,Myntra,Jaipur,Android ,ICICI,2,34.28,1,1,domestic,Not Fraud
403032,623.47,UPI,Refund,Uber,Surat,Unknown,HDFC,4,3.34,1,0,Domestic ,Not Fraud
239997,1145.12,ATM,Recharge,Ajio,Surat,Android ,Canara,9,45.63,0,0,International,Not Fraud
179965,4618.98,Wallet,Bill Payment,Ajio,Chandigarh,Android ,HDFC,8,39.66,0,0,Domestic ,Not Fraud
834895,21271.61,Wallet,Purchase,CRED,Kochi,Android,SBI,9,43.49,0,1,Domestic ,Fraud
444564,960.68,NetBanking,Recharge,MakeMyTrip,Surat,Android ,Axis,9,16.38,0,3,Domestic ,Not Fraud
463318,1315.85,NetBanking,Purchase,Razorpay,Chennai,Unknown,ICICI,13,58.44,1,0,domestic,Not Fraud
935143,387.38,Wallet,Recharge,Flipkart,Delhi,Unknown,Union Bank,4,11.85,1,2,domestic,Not Fraud
719343,1540.26,ATM,Transfer,Amazon India,Surat,Unknown,SBI,6,23.94,1,1,Domestic ,Fraud
418448,4646.46,UPI,Purchase,Uber,Surat,android,SBI,2,32.12,0,2,domestic,Fraud
885506,2110,ATM,Transfer,Myntra,Lucknow,Windows,Axis,6,3.9,0,1,Domestic ,Fraud
189129,2714.23,Card,Refund,Razorpay,Kochi,android,Axis,9,1.25,0,2,Domestic ,Not Fraud
974333,3713.32,NetBanking,Recharge,Jio,Ahmedabad,iPhone,Union Bank,14,48.27,0,0,International,Not Fraud
323540,848.55,UPI,Cash Withdrawal,IRCTC,Mumbai,Windows,Union Bank,8,10.2,1,2,domestic,Not Fraud
193543,896.19,ATM,Bill Payment,Flipkart,Chennai,Windows,Canara,13,4.53,0,2,Domestic,Not Fraud
375608,5841.8,Wallet,Purchase,BookMyShow,Indore,Unknown,SBI,6,50.19,1,3,domestic,Not Fraud
136377,4093.17,UPI,Purchase,Jio,Bengaluru,iPhone,Union Bank,7,9.81,1,1,Domestic ,Not Fraud
842416,5827.47,Card,Refund,IRCTC,Kolkata,iPhone,Axis,3,23.23,0,0,International,Not Fraud
250507,1088.09,Card,Recharge,Paytm,Chennai,android,Union Bank,10,16.61,1,1,domestic,Yes
821208,1032.49,NetBanking,Cash Withdrawal,Myntra,Chennai,android,Canara,7,20.29,0,2,Domestic ,Not Fraud
878364,544.51,NetBanking,Refund,Razorpay,Surat,Mac,Kotak,8,35.15,0,2,domestic,Not Fraud
101906,2059.84,Card,Cash Withdrawal,Zomato,Patna,Mac,SBI,5,38.61,1,2,International,Not Fraud
498922,1964.53,POS,Transfer,Meesho,Jaipur,Unknown,Canara,9,50.7,0,1,International,Fraud
812862,1707.54,NetBanking,Bill Payment,Uber,Pune,Android,Canara,12,13.16,0,1,Domestic ,Not Fraud
352214,4150.22,NetBanking,Recharge,Amazon India,Ahmedabad,android,PNB,9,0.22,0,2,Domestic ,Not Fraud
609748,252.05,NetBanking,Bill Payment,Jio,Indore,Windows,SBI,11,36.09,0,2,Domestic,Not Fraud
240754,866.04,NetBanking,Refund,SBI,Jaipur,Android ,Axis,1,19.84,0,2,Domestic ,Not Fraud
545621,2275.57,Card,Bill Payment,Ajio,Jaipur,android,Canara,3,17.81,0,0,domestic,Not Fraud
528214,2878.74,ATM,Refund,Google Pay,Indore,iPhone,Union Bank,3,9.02,1,3,Domestic ,Not Fraud
860451,4364.93,NetBanking,Purchase,Razorpay,Jaipur,Windows,Kotak,7,9.68,0,1,Domestic ,Not Fraud
860012,590.58,Card,Purchase,SBI,Chennai,Windows,HDFC,7,35.23,1,2,domestic,Not Fraud
168971,731.86,Wallet,Transfer,Jio,Kochi,android,SBI,13,6.78,0,1,Domestic ,Not Fraud
675018,2830.23,Card,Purchase,Paytm,Mumbai,Windows,PNB,11,29.82,1,2,Domestic ,Not Fraud
676598,862.07,Wallet,Transfer,BookMyShow,Kolkata,iPhone,HDFC,9,14.16,0,2,Domestic,Not Fraud
329447," ₹1,939.81",Wallet,Bill Payment,Razorpay,Kolkata,iPhone,BOB,2,49.54,1,2,International,Not Fraud
607558,8982.34,ATM,Recharge,Uber,Mumbai,iPhone,BOB,11,33.32,0,0,domestic,Fraud
572730, ₹497.92,POS,Cash Withdrawal,Swiggy,Kolkata,android,Kotak,2,36.73,1,1,Domestic ,Not Fraud
174147,319.87,Card,Purchase,BookMyShow,Kolkata,iPhone,HDFC,5,57.18,0,0,International,Not Fraud
118731,1590.3,NetBanking,Purchase,Razorpay,Patna,Android,PNB,5,21.88,0,2,International,Fraud
520128,7663.3,Card,Recharge,Jio,Lucknow,iPhone,SBI,14,28.46,1,0,International,Fraud
642569,917.85,ATM,Recharge,PhonePe,Ahmedabad,Android,SBI,7,34.31,0,0,domestic,Fraud
993047,3752.79,Wallet,Cash Withdrawal,Zomato,Pune,Mac,HDFC,4,29.41,1,0,domestic,Not Fraud
230641,358.27,Card,Bill Payment,Flipkart,Bhopal,Android,Canara,12,56.6,0,2,domestic,Not Fraud
129407,2101.29,UPI,Cash Withdrawal,BookMyShow,Ahmedabad,Mac,HDFC,14,19.17,0,1,domestic,Not Fraud
123610,5568.84,Wallet,Refund,Uber,Hyderabad,android,Kotak,3,2.59,0,0,Domestic,Not Fraud
725142,3643.41,POS,Refund,BookMyShow,Surat,Windows,Canara,12,19.19,1,0,International,Not Fraud
772930,3340.25,POS,Cash Withdrawal,Paytm,Kochi,Mac,BOB,15,31.56,0,2,International,Fraud
196928,970.99,NetBanking,Recharge,Flipkart,Delhi,iPhone,SBI,4,24.79,1,3,domestic,Not Fraud
625548,1702.08,Card,Cash Withdrawal,Paytm,Jaipur,Windows,Axis,8,18.89,0,2,Domestic ,Not Fraud
286938,3861.79,UPI,Purchase,Meesho,Kolkata,Windows,HDFC,7,17.68,1,1,Domestic,Not Fraud
779832,4432.45,ATM,Transfer,Jio,Surat,Mac,BOB,3,53.86,1,3,domestic,Not Fraud
701772,1842.2,NetBanking,Transfer,Paytm,Bengaluru,Android,Union Bank,15,53.83,1,0,Domestic ,Not Fraud
143306,119.63,Card,Bill Payment,PhonePe,Patna,android,BOB,7,8.68,0,3,Domestic,Not Fraud
376777,687.88,NetBanking,Bill Payment,BookMyShow,Ahmedabad,Android,ICICI,1,26.42,0,0,Domestic ,Not Fraud
756475,1608.94,NetBanking,Purchase,BookMyShow,Mumbai,iPhone,ICICI,14,31.1,0,1,Domestic ,Fraud
304063,1701.4,POS,Cash Withdrawal,Meesho,Lucknow,android,HDFC,10,28.07,1,3,Domestic,Not Fraud
294542,4298.24,Wallet,Purchase,Amazon India,Surat,Mac,Canara,4,37.69,1,0,Domestic,Not Fraud
633662,678.89,POS,Purchase,Uber,Lucknow,Windows,Union Bank,10,0.43,1,1,Domestic ,Not Fraud
513985,3870,Wallet,Transfer,BigBasket,Surat,Unknown,PNB,6,45.87,0,3,Domestic ,Not Fraud
899965,2056.68,Card,Recharge,CRED,Kolkata,Android,Axis,7,25.59,0,0,domestic,Not Fraud
512863,4096.48,NetBanking,Purchase,Zomato,Hyderabad,iPhone,ICICI,9,53.9,0,3,domestic,Yes
973706,4144.98,Card,Recharge,Razorpay,Chandigarh,Android,Canara,9,50.49,1,1,Domestic,Not Fraud
884049,974.15,POS,Purchase,BigBasket,Kolkata,Unknown,ICICI,3,17.73,1,1,domestic,Not Fraud
479190,711.94,NetBanking,Recharge,BookMyShow,Pune,Android,Canara,15,43.03,1,0,domestic,Not Fraud
460924,1258.52,POS,Cash Withdrawal,Ajio,Patna,Android,Axis,7,55.05,0,0,International,Not Fraud
550968,789.98,ATM,Cash Withdrawal,Jio,Pune,Mac,SBI,12,34.73,0,3,domestic,Not Fraud
482367,2367.68,ATM,Bill Payment,Swiggy,Pune,Mac,BOB,8,49.41,0,0,domestic,Not Fraud
612057,2965.85,Wallet,Bill Payment,Meesho,Pune,Windows,ICICI,13,45.9,1,2,Domestic,Not Fraud
396605,1002.23,Wallet,Cash Withdrawal,Google Pay,Pune,Android,Canara,12,43.14,0,1,Domestic ,Not Fraud
207786,1839.12,Card,Purchase,BookMyShow,Kochi,Mac,HDFC,7,30.19,0,1,Domestic,Not Fraud
397100,2265.19,,Purchase,Myntra,Bengaluru,Android ,Union Bank,2,49.03,1,2,Domestic ,Not Fraud
694655,1154.63,ATM,Recharge,Razorpay,Delhi,Android,Canara,12,42.17,1,0,International,Not Fraud
281559,3409.33,UPI,Transfer,Airtel,Patna,Android,Canara,9,18.13,0,3,Domestic,Not Fraud
838341,2305.58,NetBanking,Recharge,Myntra,Chandigarh,Android ,Union Bank,10,44.1,0,3,International,Fraud
535596,2311.3,UPI,Bill Payment,Amazon India,Bengaluru,Windows,BOB,2,8.69,0,3,Domestic ,Not Fraud
495953,6866.4,POS,,BigBasket,Kochi,Mac,PNB,11,17.07,1,2,International,Fraud
265658,2076.5,Wallet,Purchase,Airtel,Pune,iPhone,HDFC,11,41.86,0,2,domestic,Not Fraud
181411,36001.94,Card,Refund,Zomato,Indore,Android,Canara,4,21.41,0,3,domestic,Not Fraud
358970,333.95,POS,Cash Withdrawal,MakeMyTrip,Chandigarh,Android ,Union Bank,11,30.12,1,1,International,Not Fraud
247596,993.52,Wallet,Bill Payment,Razorpay,Kochi,android,Axis,4,4.55,1,0,Domestic,Not Fraud
453398,11655.41,Card,Cash Withdrawal,SBI,Hyderabad,Mac,ICICI,7,36.05,0,3,domestic,Not Fraud
730622,3188.93,UPI,Transfer,Paytm,Patna,android,BOB,15,16.94,1,2,International,Not Fraud
428304,8409.63,NetBanking,Refund,Flipkart,Ahmedabad,android,Union Bank,8,55.01,1,1,International,Not Fraud
728847,857.61,NetBanking,Purchase,Myntra,Chennai,Android,BOB,3,4.78,0,3,Domestic ,Not Fraud
625179,14203.92,Wallet,Bill Payment,Swiggy,Jaipur,android,Canara,7,23.04,0,3,domestic,Not Fraud
810360,8116.98,UPI,Recharge,PhonePe,Delhi,android,Canara,10,1.83,0,0,Domestic,Not Fraud
569664,,UPI,Refund,Razorpay,Kochi,android,BOB,7,21.91,0,0,Domestic,Not Fraud
410811,2981.15,NetBanking,Bill Payment,Meesho,Mumbai,Mac,Canara,14,8.78,1,1,Domestic ,Not Fraud
121840,10843.83,POS,Bill Payment,BookMyShow,Delhi,Android,Kotak,9,6.9,1,0,Domestic,Not Fraud
615244,3047.44,ATM,Transfer,Jio,Mumbai,Mac,BOB,6,17.26,0,2,Domestic ,Not Fraud
526796,276.16,Card,Purchase,Ajio,Pune,Windows,Kotak,7,14.64,0,1,Domestic,Not Fraud
507858,387.41,Card,Transfer,Flipkart,Surat,Android ,SBI,14,15.21,0,3,International,Fraud
169550,1664.55,NetBanking,Refund,Ajio,Bhopal,android,ICICI,12,6.02,0,2,Domestic,Not Fraud
324667,1952.0,Card,Bill Payment,Swiggy,Bengaluru,Windows,SBI,10,54.01,0,1,domestic,Not Fraud
290836,5342.77,Card,Cash Withdrawal,IRCTC,Ahmedabad,iPhone,Axis,6,49.6,0,1,Domestic ,Not Fraud
631371,7135.07,Card,Transfer,IRCTC,Hyderabad,Android ,Kotak,6,26.0,1,2,Domestic,Not Fraud
556942,441.24,ATM,Recharge,Meesho,Lucknow,iPhone,HDFC,12,3.87,0,1,International,Not Fraud
421526,1525.42,UPI,Bill Payment,Swiggy,Ahmedabad,Mac,HDFC,7,54.47,1,2,International,Not Fraud
592601,9634.65,ATM,Purchase,Ajio,Bengaluru,Android,Union Bank,13,0.62,1,0,domestic,Not Fraud
911463,2038.59,ATM,Purchase,BigBasket,Jaipur,Windows,Canara,6,26.81,0,0,Domestic,Not Fraud
752848,1545.72,UPI,Recharge,CRED,Kolkata,iPhone,Canara,14,49.2,0,2,Domestic ,Not Fraud
231519,12934.28,Wallet,Bill Payment,SBI,Ahmedabad,Android ,Axis,8,18.4,0,0,Domestic ,Not Fraud
907084,1748.96,ATM,Cash Withdrawal,Airtel,Indore,android,PNB,8,21.68,1,0,domestic,Not Fraud
746114,2154.36,Wallet,Bill Payment,Paytm,Indore,Android,ICICI,14,22.78,0,3,Domestic,Not Fraud
471355,2907.65,UPI,Bill Payment,Zomato,Ahmedabad,android,PNB,4,46.1,0,1,Domestic,Not Fraud
329528,4958.95,POS,Purchase,Myntra,Bengaluru,Android ,ICICI,6,17.0,0,3,Domestic,Not Fraud
714225,662.31,UPI,Bill Payment,Amazon India,Delhi,Windows,Axis,2,16.0,0,1,Domestic ,Not Fraud
921939,3696.33,Card,Purchase,Zomato,Pune,iPhone,SBI,3,42.36,1,3,domestic,Not Fraud
551663,2598.57,POS,Recharge,Meesho,Patna,iPhone,ICICI,10,49.47,1,2,Domestic ,Not Fraud
909481,3081.37,POS,Cash Withdrawal,BookMyShow,Ahmedabad,iPhone,SBI,4,29.72,0,2,Domestic,Not Fraud
875810,5353.06,ATM,Transfer,MakeMyTrip,Bhopal,android,PNB,13,40.72,1,3,International,YES
604419,3131.1,Wallet,Refund,BigBasket,Mumbai,Unknown,Union Bank,7,10.47,1,1,Domestic,Not Fraud
189253,1235.06,Wallet,Transfer,MakeMyTrip,Bhopal,Windows,BOB,10,41.96,0,1,International,Not Fraud
623043,1780.06,Card,Transfer,MakeMyTrip,Chennai,android,SBI,6,39.04,0,0,Domestic,Not Fraud
418311,844.65,ATM,Purchase,Razorpay,Bhopal,Unknown,BOB,4,58.85,0,2,Domestic,Not Fraud
291157,1806.23,UPI,Purchase,Jio,Mumbai,Android,Union Bank,4,5.66,0,1,International,Not Fraud
671503,1047.88,UPI,Recharge,BookMyShow,Delhi,Android,Kotak,14,21.26,0,2,Domestic ,Not Fraud
915839,5127.31,POS,Recharge,Meesho,Chandigarh,android,Kotak,15,29.42,1,2,domestic,Not Fraud
957292,746.48,Card,Recharge,Meesho,Surat,Mac,ICICI,6,0.87,1,0,Domestic,Not Fraud
456002,2106.42,POS,Transfer,Ajio,Chennai,Mac,PNB,14,31.39,1,0,domestic,Not Fraud
334339,3313.03,ATM,Transfer,Amazon India,Delhi,Android,Canara,13,27.71,0,2,domestic,Not Fraud
603352,1020.99,POS,Recharge,IRCTC,Chennai,Android,ICICI,15,16.59,1,0,Domestic ,fraud
202676,1481.64,ATM,Cash Withdrawal,MakeMyTrip,Bhopal,iPhone,BOB,3,8.87,1,1,International,Not Fraud
745266," ₹3,423.26",POS,Transfer,Flipkart,Chandigarh,Windows,BOB,9,2.55,0,1,Domestic,Not Fraud
479813,690.93,ATM,Purchase,Airtel,Patna,iPhone,SBI,7,32.84,0,2,International,Not Fraud
840445,4025.17,POS,Refund,Ajio,Chennai,Unknown,Kotak,4,26.71,0,2,Domestic ,Not Fraud
938621,1127.43,UPI,Bill Payment,PhonePe,Chennai,Android,HDFC,3,18.7,1,1,Domestic ,Not Fraud
663963,452.68,ATM,Cash Withdrawal,Ajio,Bengaluru,Unknown,PNB,3,13.98,1,2,Domestic ,Not Fraud
479630,5717.1,NetBanking,Cash Withdrawal,Paytm,Jaipur,Mac,Kotak,5,45.12,1,1,domestic,Not Fraud
546146,858.0,Wallet,Transfer,Jio,Kolkata,Mac,ICICI,9,20.91,0,3,Domestic ,Not Fraud
959223,2481.35,POS,Bill Payment,Ajio,Pune,iPhone,SBI,13,47.27,1,0,Domestic,Not Fraud
576547,7986.24,Wallet,Bill Payment,Paytm,Ahmedabad,Mac,HDFC,4,47.78,1,3,Domestic ,Not Fraud
255519,3512.6,Card,Cash Withdrawal,Ajio,Patna,Android ,ICICI,4,9.66,0,0,Domestic ,Not Fraud
282328,2461.8,Wallet,Cash Withdrawal,Google Pay,Lucknow,Mac,BOB,14,4.66,0,0,International,Not Fraud
147558,3443.53,ATM,Cash Withdrawal,Zomato,Patna,iPhone,ICICI,12,10.74,0,3,Domestic ,Not Fraud
662659,1438.48,Wallet,Bill Payment,Swiggy,Mumbai,Android,PNB,14,38.81,1,1,Domestic,Not Fraud
913622,950.22,Wallet,Refund,Ajio,Mumbai,Windows,BOB,6,27.54,0,3,Domestic,Not Fraud
681221,668.18,UPI,Recharge,Paytm,Surat,Android ,SBI,2,47.06,1,3,International,Not Fraud
117871,883.47,ATM,Refund,Paytm,Kolkata,Mac,Axis,7,12.1,0,3,Domestic ,Not Fraud
349797,2176.23,POS,Recharge,IRCTC,Lucknow,android,ICICI,15,46.04,1,0,domestic,Not Fraud
787576,1145.14,Wallet,Transfer,Uber,Hyderabad,Mac,PNB,13,19.32,0,2,International,Not Fraud
447663,6792.75,NetBanking,Purchase,Google Pay,Ahmedabad,Android,PNB,6,39.88,0,3,International,Not Fraud
599916,797.08,Wallet,Bill Payment,Meesho,Kochi,iPhone,Kotak,14,54.74,1,2,International,Not Fraud
914890,1541.61,ATM,Refund,SBI,Bengaluru,Mac,HDFC,11,55.24,0,1,domestic,Fraud
987224,2501.16,POS,Transfer,Meesho,Bhopal,Unknown,PNB,11,21.3,0,3,domestic,Not Fraud
789614,1433.35,POS,Bill Payment,Jio,Ahmedabad,Unknown,BOB,8,32.08,0,3,Domestic,Not Fraud
961005,847.36,ATM,Cash Withdrawal,SBI,Ahmedabad,android,BOB,9,15.14,0,0,Domestic,Not Fraud
763997,2912.53,Wallet,Refund,Zomato,Pune,Unknown,Kotak,15,56.62,0,3,domestic,Not Fraud
473007,,ATM,Purchase,Google Pay,Lucknow,iPhone,Kotak,2,21.68,1,3,Domestic ,Not Fraud
357865,5932.48,Wallet,Purchase,MakeMyTrip,Pune,Mac,Kotak,10,3.38,0,2,domestic,Not Fraud
838004,2781.01,Card,Recharge,Airtel,Surat,android,SBI,15,57.84,0,1,International,Not Fraud
785229,875.26,UPI,Transfer,Swiggy,Patna,Mac,BOB,5,34.5,0,1,International,Not Fraud
584732,944.3,Card,Bill Payment,Jio,Ahmedabad,Windows,HDFC,9,32.99,1,3,Domestic ,Not Fraud
367033,876.17,ATM,Recharge,Meesho,Patna,Android ,SBI,15,41.97,0,3,domestic,Not Fraud
735023,7941.99,POS,Refund,Airtel,Delhi,Android,Canara,5,13.59,0,2,Domestic ,Not Fraud
609119,1029.02,NetBanking,Purchase,IRCTC,Bhopal,Unknown,Union Bank,1,42.66,0,2,domestic,Not Fraud
319498,2180.82,Wallet,Refund,MakeMyTrip,Hyderabad,Mac,SBI,4,17.65,0,1,International,Not Fraud
304121,1042.07,Wallet,Bill Payment,Ajio,Jaipur,Android ,BOB,13,7.64,1,3,International,Fraud
223999,15574.7,Card,Purchase,MakeMyTrip,Chennai,android,Kotak,7,25.36,0,3,International,Not Fraud
339797,1610.32,Card,Cash Withdrawal,IRCTC,Kolkata,Windows,Canara,4,53.07,0,3,International,Not Fraud
781977," ₹2,275.31",UPI,Transfer,Razorpay,Mumbai,Unknown,Union Bank,2,37.72,1,3,International,Not Fraud
473454,4512.58,Card,Bill Payment,PhonePe,Indore,Unknown,HDFC,6,57.33,1,0,Domestic,Not Fraud
554636,4914.37,Card,Refund,Flipkart,Mumbai,android,Canara,6,22.46,0,2,domestic,Not Fraud
737905," ₹1,757.61",POS,Recharge,SBI,Bhopal,iPhone,PNB,10,51.84,0,1,Domestic,Not Fraud
818194,1034,POS,Transfer,CRED,Bhopal,Android,Union Bank,4,42.61,0,2,domestic,Not Fraud
134349,8130.22,NetBanking,Refund,Amazon India,Indore,Unknown,SBI,12,52.04,0,3,International,Not Fraud
700838,6645.45,ATM,Purchase,Paytm,Patna,Windows,Union Bank,7,11.14,1,1,domestic,Not Fraud
947047,880.1,Card,Cash Withdrawal,Swiggy,Chennai,Unknown,Canara,9,27.56,1,3,International,Not Fraud
326849,3415.55,POS,Recharge,MakeMyTrip,Bhopal,Mac,BOB,7,5.08,0,3,Domestic ,Not Fraud
823892,6847.04,NetBanking,Purchase,SBI,Chennai,Android ,ICICI,4,2.07,0,1,Domestic,Not Fraud
259387,1788.23,POS,Purchase,Google Pay,Patna,Mac,Union Bank,10,16.52,0,3,domestic,Not Fraud
996030,,POS,Recharge,SBI,Bhopal,Android ,Kotak,8,35.79,0,1,International,Not Fraud
302741,1638.62,UPI,Refund,BookMyShow,Delhi,Unknown,Kotak,9,4.8,1,3,Domestic ,Not Fraud
972961,737.17,UPI,Refund,Paytm,Bhopal,Unknown,PNB,2,8.64,1,0,Domestic ,Not Fraud
410903,11126.69,UPI,Bill Payment,Zomato,Kolkata,Windows,ICICI,2,36.76,0,0,domestic,Not Fraud
992434,1639.33,Wallet,Transfer,BookMyShow,Chennai,Windows,PNB,1,12.13,1,2,International,Yes
904599,3055.73,NetBanking,Refund,Flipkart,Kochi,iPhone,Union Bank,8,7.79,0,1,International,Not Fraud
291620,12338.69,Card,Cash Withdrawal,Flipkart,Kochi,Android,Axis,9,13.02,1,3,domestic,Not Fraud
728205,913.16,Card,Cash Withdrawal,Google Pay,Surat,android,ICICI,2,21.72,0,0,domestic,Not Fraud
534452,6188.07,NetBanking,Purchase,Airtel,Pune,Windows,Axis,8,35.67,1,2,International,Not Fraud
670978,5771.59,POS,Bill Payment,Uber,Pune,iPhone,BOB,8,23.31,0,3,Domestic,Not Fraud
523454,773.18,Wallet,Transfer,Zomato,Pune,Windows,hdfc,5,46.01,0,0,Domestic,Not Fraud
871729,2696.26,ATM,Recharge,SBI,Mumbai,android,PNB,13,59.25,0,0,International,Not Fraud
837215,450.35,POS,Cash Withdrawal,Zomato,Chandigarh,iPhone,Kotak,12,8.53,1,0,International,Not Fraud
143428,4060.95,Card,Recharge,Uber,Bengaluru,Android ,BOB,7,1.44,1,1,Domestic,Not Fraud
787892,5916.56,POS,Bill Payment,SBI,Hyderabad,Android ,BOB,7,20.56,1,0,domestic,Not Fraud
228309,1122.98,POS,Transfer,MakeMyTrip,Kolkata,Unknown,HDFC,11,23.96,0,3,domestic,Fraud
942335,990.23,NetBanking,Purchase,Airtel,Pune,Mac,HDFC,11,25.92,1,0,Domestic ,Not Fraud
660396,15296.01,Wallet,Transfer,BigBasket,Surat,iPhone,BOB,14,6.27,1,3,domestic,Not Fraud
806709,2212.32,POS,Purchase,Flipkart,Hyderabad,Android ,ICICI,2,52.06,0,2,Domestic ,Not Fraud
120913,3917.13,NetBanking,Bill Payment,Paytm,Lucknow,iPhone,BOB,1,24.2,1,3,Domestic,Not Fraud
472703,4417.62,ATM,Recharge,Meesho,Bengaluru,android,ICICI,12,56.98,0,0,Domestic ,Not Fraud
916256,2147.79,Wallet,Purchase,IRCTC,Ahmedabad,Windows,SBI,8,6.38,1,2,domestic,Fraud
334727,217.8,POS,Refund,Swiggy,Jaipur,android,Canara,11,6.3,1,2,International,Not Fraud
895950,8351.02,ATM,Bill Payment,Myntra,Ahmedabad,Android,SBI,11,6.54,0,3,domestic,Not Fraud
272454,1268.79,UPI,Refund,PhonePe,Lucknow,android,Axis,13,27.08,0,1,Domestic,Not Fraud
194779,13117.79,Wallet,Purchase,Airtel,Jaipur,Android ,ICICI,6,34.09,1,3,Domestic ,Not Fraud
752161,958.25,ATM,Purchase,Google Pay,Surat,iPhone,Union Bank,6,50.96,1,0,domestic,Not Fraud
326099,3948.69,Card,Bill Payment,PhonePe,Patna,Unknown,SBI,11,54.27,1,2,Domestic ,Not Fraud
542711,7314.53,Card,Transfer,MakeMyTrip,Bhopal,Unknown,Union Bank,2,55.13,1,1,domestic,Not Fraud
440917,1519.18,POS,Refund,MakeMyTrip,Patna,Windows,Canara,14,19.0,0,3,Domestic,Not Fraud
513586,1784,UPI,Refund,Ajio,Chandigarh,Android,Union Bank,5,43.86,1,2,International,Not Fraud
851022,1596.53,NetBanking,Bill Payment,BigBasket,Kolkata,Android,Axis,6,48.01,1,2,International,Not Fraud
348931,5167.32,NetBanking,Transfer,Google Pay,Ahmedabad,Windows,Canara,6,36.83,0,1,Domestic,Fraud
910432,9012.99,Wallet,Cash Withdrawal,Ajio,Jaipur,Android,Union Bank,1,4.58,0,1,Domestic ,Not Fraud
350957,1141.77,Card,Recharge,Swiggy,Bhopal,iPhone,Kotak,8,6.23,0,0,International,Not Fraud
966601,3932.62,UPI,Purchase,MakeMyTrip,Pune,Mac,PNB,5,35.36,1,1,Domestic ,Not Fraud
888749,2188.8,UPI,Purchase,MakeMyTrip,Surat,Android ,Union Bank,6,25.0,0,2,International,Not Fraud
787266,2722.89,UPI,Transfer,Airtel,Bhopal,Mac,Kotak,2,45.37,1,0,Domestic,Not Fraud
403765,4063.87,Card,Purchase,Flipkart,Hyderabad,Android ,HDFC,1,40.27,1,3,Domestic ,Not Fraud
557007,846.11,Wallet,Purchase,BigBasket,Kochi,Unknown,Union Bank,7,56.31,1,0,International,Not Fraud
144397,3602.29,Card,Bill Payment,Myntra,Bengaluru,Unknown,Axis,10,41.44,1,1,domestic,Not Fraud
718901,3241.27,NetBanking,Refund,BookMyShow,Kolkata,Unknown,ICICI,11,26.06,0,0,Domestic,Not Fraud
237553,4778.57,NetBanking,Purchase,Myntra,Chennai,Unknown,Canara,11,39.14,0,2,domestic,Not Fraud
798705,3195.66,NetBanking,Refund,Flipkart,Chandigarh,android,Canara,3,5.25,1,0,Domestic,Not Fraud
921916,214.02,NetBanking,Purchase,Myntra,Bhopal,Mac,SBI,12,25.18,1,0,International,Not Fraud
242236,3082.82,UPI,Bill Payment,PhonePe,Chennai,Android ,Canara,11,34.37,0,1,Domestic,Not Fraud
375144,4309.99,Wallet,Transfer,Myntra,Ahmedabad,Mac,HDFC,1,49.92,0,0,Domestic ,Not Fraud
367145,6342.37,UPI,Transfer,BigBasket,Lucknow,Windows,Kotak,13,59.39,1,2,Domestic ,Not Fraud
272641,345.33,Wallet,Purchase,BigBasket,Bhopal,Unknown,Kotak,11,23.61,1,0,domestic,Not Fraud
776750,4598.87,NetBanking,Transfer,Uber,Lucknow,Mac,Kotak,14,46.61,1,3,International,Not Fraud
908287,484.53,UPI,Recharge,Meesho,Lucknow,Mac,Canara,3,1.96,0,2,International,Not Fraud
645553,8081,POS,Refund,Airtel,Patna,Mac,BOB,2,38.0,0,2,Domestic ,Not Fraud
450324,5198.88,Card,Refund,Zomato,Ahmedabad,Unknown,Canara,7,37.95,1,0,Domestic,Fraud
975349,627.27,Card,Transfer,Uber,Jaipur,android,HDFC,7,29.98,0,2,domestic,Not Fraud
452354,2101.0,UPI,Recharge,Paytm,Pune,android,Canara,11,31.5,0,0,Domestic,Not Fraud
714869,540.94,ATM,Purchase,Swiggy,Ahmedabad,iPhone,SBI,6,58.02,0,2,Domestic,Not Fraud
826843,4171.98,POS,Transfer,PhonePe,Bengaluru,Android,PNB,5,27.84,0,3,Domestic,Fraud
479846,4378.26,UPI,Purchase,PhonePe,Indore,android,Axis,12,1.51,0,2,International,Not Fraud
603760,183.06,UPI,Refund,Uber,Delhi,android,PNB,9,42.49,1,1,Domestic ,Not Fraud
412384,1280.28,ATM,Recharge,Google Pay,Hyderabad,Android ,Union Bank,13,56.38,0,2,Domestic ,Fraud
773134,10431.79,UPI,Purchase,Zomato,Chandigarh,Mac,SBI,2,32.28,1,1,Domestic ,Not Fraud
536712,5743.16,Wallet,Purchase,PhonePe,Chennai,Windows,Axis,12,0.58,1,3,Domestic ,Not Fraud
243547,1305.67,Card,Recharge,BigBasket,Bengaluru,iPhone,ICICI,9,46.99,1,0,International,Not Fraud
317125,980.48,NetBanking,Purchase,Google Pay,Patna,android,Union Bank,1,55.49,0,3,Domestic,Not Fraud
943055,11216.54,UPI,Recharge,Myntra,Kochi,Unknown,ICICI,7,12.15,1,3,Domestic ,Not Fraud
833669,4141.08,UPI,Recharge,CRED,Kolkata,Android,Axis,5,13.81,0,3,Domestic,Not Fraud
397318,3967.78,POS,Recharge,Airtel,Lucknow,Mac,SBI,12,36.65,1,1,Domestic,Not Fraud
587769,1254.0,UPI,Recharge,Zomato,Chennai,Android ,HDFC,14,30.9,0,0,Domestic,Not Fraud
686650,8946.56,Card,Cash Withdrawal,Myntra,Hyderabad,iPhone,Canara,9,41.8,1,1,Domestic ,Not Fraud
910661,677.64,NetBanking,Transfer,BigBasket,Kochi,Windows,HDFC,2,5.07,0,0,Domestic ,Not Fraud
367649,2567.84,UPI,Transfer,Paytm,Surat,iPhone,Kotak,8,53.32,0,3,domestic,Not Fraud
976813,4281.3,UPI,Cash Withdrawal,Jio,Ahmedabad,android,Union Bank,9,11.73,1,0,Domestic,Not Fraud
413671,5289.7,ATM,Bill Payment,Razorpay,Mumbai,Android ,PNB,1,20.7,0,1,Domestic ,Not Fraud
396191,1582.85,POS,Bill Payment,Amazon India,Delhi,iPhone,Canara,12,55.23,1,2,domestic,Not Fraud
232474,5183.16,Wallet,Bill Payment,MakeMyTrip,Delhi,Android ,PNB,6,23.85,0,0,Domestic,Not Fraud
342701,1006.82,ATM,Refund,CRED,Lucknow,iPhone,Canara,15,58.49,1,2,International,Not Fraud
287822,30083.67,Wallet,Cash Withdrawal,CRED,Surat,Unknown,PNB,1,6.36,1,1,domestic,Not Fraud
204575,2540.11,ATM,Bill Payment,Myntra,Surat,Android ,Kotak,4,25.93,0,3,Domestic ,Not Fraud
314794,3228.14,Card,Recharge,BookMyShow,Hyderabad,iPhone,Kotak,7,34.72,0,2,Domestic,Not Fraud
508957,1428.11,ATM,Cash Withdrawal,Google Pay,Kolkata,Windows,BOB,1,12.6,0,0,Domestic ,Not Fraud
195354,3327.06,Wallet,Cash Withdrawal,SBI,Jaipur,Windows,PNB,12,30.09,0,3,Domestic,Not Fraud
127251,1557,POS,Cash Withdrawal,IRCTC,Chennai,Android,Axis,13,4.69,0,0,International,Not Fraud
652962,6798.61,ATM,Refund,SBI,Indore,Mac,Kotak,3,31.93,0,3,International,Not Fraud
884837,837.92,POS,Bill Payment,MakeMyTrip,Ahmedabad,Windows,Kotak,1,15.31,0,1,Domestic ,Not Fraud
992820,10008.01,ATM,Transfer,PhonePe,Kolkata,Mac,PNB,4,4.71,0,1,International,Not Fraud
729122,2215.24,Card,Transfer,CRED,Chennai,Windows,Kotak,11,56.87,1,3,Domestic,Not Fraud
572974,983.05,Card,Transfer,Razorpay,Mumbai,Windows,Union Bank,2,39.56,1,3,Domestic ,Not Fraud
947309,286.07,ATM,Cash Withdrawal,Jio,Pune,Unknown,ICICI,1,2.73,0,2,Domestic,Not Fraud
503691,16352.44,POS,Bill Payment,CRED,Ahmedabad,iPhone,Axis,3,59.5,1,1,domestic,Not Fraud
402035,2464.76,NetBanking,Refund,Jio,Chennai,iPhone,PNB,1,49.33,0,3,domestic,Not Fraud
505796,3268.44,POS,Recharge,Jio,Delhi,Windows,ICICI,11,55.98,1,0,Domestic,Not Fraud
799080,1423.5,POS,Transfer,BigBasket,Hyderabad,iPhone,Union Bank,1,53.98,0,2,domestic,Not Fraud
671911,511.62,Wallet,Cash Withdrawal,BigBasket,Bhopal,Windows,SBI,5,43.34,0,2,Domestic ,Not Fraud
915003,12701.81,POS,Bill Payment,Zomato,Jaipur,android,Canara,2,51.71,1,2,International,Fraud
923923,3064.14,Wallet,Transfer,BookMyShow,Indore,Mac,BOB,6,32.32,1,1,domestic,Not Fraud
726749,441.76,UPI,Recharge,Jio,Lucknow,Android,Union Bank,10,23.76,0,3,Domestic ,Not Fraud
517944,1531.94,ATM,Refund,BookMyShow,Chandigarh,Unknown,Kotak,8,40.22,0,2,domestic,Not Fraud
970432,633.2,ATM,Recharge,Google Pay,Chennai,Unknown,PNB,11,7.4,0,3,Domestic,Not Fraud
961561,4326.85,POS,Refund,Flipkart,Bengaluru,iPhone,Canara,9,52.61,1,0,Domestic ,Not Fraud
107125,3726.96,Card,Refund,Myntra,,Unknown,Axis,6,5.23,0,1,Domestic ,Not Fraud
297182,847.1,UPI,Bill Payment,Zomato,Bhopal,Unknown,Union Bank,4,35.72,1,3,domestic,Not Fraud
844922,2730.36,Wallet,Bill Payment,Ajio,Kochi,Android,Canara,1,10.96,0,0,Domestic,Not Fraud
953610,676.01,UPI,Cash Withdrawal,Meesho,Pune,Mac,Axis,8,24.85,1,0,International,Not Fraud
767420,1581.0,Wallet,Recharge,Paytm,Hyderabad,android,BOB,9,39.25,0,2,Domestic ,Not Fraud
176297,5520.26,NetBanking,Refund,Jio,Ahmedabad,Mac,Axis,2,1.52,1,1,domestic,Not Fraud
805180,11514.47,Card,Cash Withdrawal,MakeMyTrip,Pune,Unknown,Axis,6,30.24,1,1,International,Not Fraud
446891,7718.75,Card,Recharge,Zomato,Jaipur,Unknown,Kotak,2,31.45,0,2,Domestic ,Not Fraud
709968,2974.68,ATM,Recharge,Paytm,Chennai,iPhone,BOB,4,24.64,0,3,Domestic ,Not Fraud
769622,2410.21,POS,Transfer,IRCTC,Indore,Android,Axis,6,48.52,1,1,Domestic ,Not Fraud
500562,6109.8,POS,Refund,MakeMyTrip,Delhi,Mac,Canara,2,29.44,0,1,domestic,Not Fraud
121241,2668.47,NetBanking,Cash Withdrawal,Zomato,Chandigarh,Android,ICICI,1,51.0,0,0,domestic,Not Fraud
919341,2471.16,Card,Recharge,Meesho,Pune,iPhone,Canara,6,8.68,0,0,Domestic,Not Fraud
671225,2729.77,ATM,Recharge,Flipkart,Bengaluru,Mac,HDFC,2,33.4,0,1,Domestic,Not Fraud
790895,3004,POS,Bill Payment,Ajio,Surat,iPhone,HDFC,8,26.86,1,1,International,Not Fraud
543404,2617.36,UPI,Purchase,PhonePe,Delhi,Android ,BOB,4,2.53,0,3,domestic,Not Fraud
225403,4268.23,Wallet,Cash Withdrawal,MakeMyTrip,Surat,Unknown,HDFC,10,9.43,0,0,International,Not Fraud
807301,580,POS,Cash Withdrawal,PhonePe,Chennai,Android,HDFC,10,59.79,0,2,Domestic ,Not Fraud
960003,863.27,Card,Cash Withdrawal,Airtel,Bengaluru,Windows,Canara,2,15.45,1,0,Domestic ,Not Fraud
984685,6678.7,UPI,Refund,Jio,Kochi,iPhone,SBI,5,30.4,0,3,International,Not Fraud
684553,4391.0,UPI,Transfer,Airtel,Delhi,android,Canara,2,51.42,1,3,International,Not Fraud
741928,426.05,Wallet,Transfer,BookMyShow,Bhopal,Android,BOB,4,16.19,0,1,Domestic,Not Fraud
256713,2126.03,ATM,Purchase,CRED,Bhopal,Windows,Axis,9,35.91,0,3,domestic,Not Fraud
626489,374.12,NetBanking,Transfer,Jio,Kolkata,Android ,Kotak,8,11.12,0,2,Domestic,Not Fraud
667713,6166.76,POS,Refund,BookMyShow,Patna,Android ,Axis,4,26.66,0,3,domestic,Not Fraud
503432,5879.71,UPI,Transfer,Swiggy,Pune,Android ,Axis,2,35.29,0,2,International,Not Fraud
575452,2104.31,NetBanking,Purchase,Zomato,Delhi,Windows,Union Bank,13,29.32,1,1,International,Not Fraud
114626,5413.14,UPI,Refund,CRED,Kolkata,iPhone,Union Bank,13,25.29,0,2,Domestic ,Not Fraud
164971,816.07,POS,Purchase,Airtel,Mumbai,Android,PNB,15,27.56,0,1,domestic,Not Fraud
313301,1400.97,NetBanking,Refund,Paytm,Ahmedabad,Android ,BOB,10,29.9,0,0,International,Not Fraud
110050,372.0,NetBanking,Purchase,Amazon India,Patna,Android ,BOB,9,23.29,0,3,domestic,Not Fraud
731081,2585.56,POS,Bill Payment,Meesho,Hyderabad,Unknown,BOB,5,15.75,0,3,International,Not Fraud
546262," ₹1,230.46",POS,Purchase,Airtel,Chandigarh,Mac,Kotak,11,29.94,0,2,domestic,Not Fraud
817694,5357.79,ATM,Transfer,Paytm,Mumbai,Android ,HDFC,6,44.91,0,3,domestic,Not Fraud
821907,1681.52,POS,Purchase,BigBasket,Bengaluru,Unknown,Axis,2,0.94,1,0,Domestic,Not Fraud
479169,5084.12,UPI,Transfer,SBI,Lucknow,iPhone,SBI,1,17.72,0,0,Domestic ,Not Fraud
122178,646.73,POS,Transfer,MakeMyTrip,Chandigarh,iPhone,ICICI,10,13.65,0,0,International,Not Fraud
172235,1305.0,Card,Transfer,Myntra,Ahmedabad,Android ,PNB,1,1.4,0,2,domestic,Not Fraud
403658,4215.38,Wallet,Cash Withdrawal,BookMyShow,Chennai,Windows,ICICI,15,6.2,1,0,International,Not Fraud
220503,2612.53,Card,Bill Payment,Airtel,Bhopal,Unknown,SBI,15,52.28,1,2,Domestic,Not Fraud
315456,39924.04,ATM,Bill Payment,Jio,Jaipur,Mac,HDFC,12,3.93,0,1,International,Not Fraud
194348,2080.03,POS,Refund,Zomato,Lucknow,Windows,Axis,12,11.65,1,2,International,Not Fraud
930972,4881.72,Wallet,Transfer,IRCTC,Chennai,Android ,SBI,12,27.8,1,1,domestic,Not Fraud
371793,1524.96,UPI,Bill Payment,Zomato,Indore,iPhone,PNB,1,37.01,1,0,Domestic ,Not Fraud
922126,1805.38,Wallet,Cash Withdrawal,Amazon India,Chennai,Unknown,ICICI,14,38.63,1,2,Domestic ,Fraud
759122,890.43,NetBanking,Transfer,Swiggy,Patna,Unknown,Axis,14,2.02,1,0,Domestic ,Not Fraud
548092,1840.44,Card,Cash Withdrawal,CRED,Pune,Android,Canara,11,56.3,1,3,International,Not Fraud
601830,9130.18,POS,Bill Payment,PhonePe,Bengaluru,android,HDFC,14,4.41,0,1,domestic,Not Fraud
226953,1928.43,Card,recharge,Google Pay,Chandigarh,Android,ICICI,15,46.65,0,2,International,Not Fraud
304757,3281.01,ATM,Cash Withdrawal,Swiggy,Indore,android,BOB,10,40.81,1,0,Domestic ,Not Fraud
795119,5328.25,NetBanking,Transfer,MakeMyTrip,Bhopal,Android ,HDFC,12,9.04,0,0,Domestic ,Not Fraud
168764,2282.63,UPI,Purchase,SBI,Hyderabad,iPhone,SBI,5,22.92,1,0,Domestic ,Not Fraud
740069,453.23,NetBanking,Purchase,Uber,Bhopal,iPhone,SBI,2,26.79,0,0,Domestic ,Not Fraud
694992,898.68,UPI,Purchase,Swiggy,Pune,android,BOB,10,49.8,1,3,International,Not Fraud
920040,1415.13,POS,Transfer,BigBasket,Ahmedabad,android,PNB,7,16.66,1,2,International,Not Fraud
103006,842.12,Wallet,Bill Payment,PhonePe,Ahmedabad,Windows,Canara,9,48.37,1,0,Domestic ,Not Fraud
964774,1685.02,NetBanking,Transfer,Zomato,Indore,Unknown,SBI,11,36.39,0,3,Domestic ,Not Fraud
789343,597.05,ATM,Cash Withdrawal,BigBasket,Indore,Android ,BOB,11,30.06,0,3,Domestic ,Not Fraud
450293,457.91,ATM,Refund,Google Pay,Pune,iPhone,Union Bank,13,41.42,1,2,domestic,Not Fraud
678206,10758.9,Card,Refund,IRCTC,Delhi,android,Union Bank,15,38.11,1,1,International,Not Fraud
516157,1236.25,UPI,Bill Payment,BookMyShow,Mumbai,android,ICICI,3,31.79,1,3,Domestic,Not Fraud
693523,13192.37,UPI,Refund,CRED,Kolkata,Mac,SBI,13,50.23,0,1,Domestic,Not Fraud
236405,2229.61,UPI,Transfer,MakeMyTrip,Bengaluru,Mac,Axis,11,28.33,1,2,Domestic,Not Fraud
484778,1205.29,UPI,Cash Withdrawal,Airtel,Kochi,Mac,HDFC,11,8.1,0,1,domestic,Not Fraud
159434,1437.65,Wallet,Purchase,SBI,Bengaluru,Windows,BOB,12,17.46,1,3,domestic,Fraud
934760,3052.85,UPI,Bill Payment,MakeMyTrip,Patna,Unknown,Canara,3,59.4,0,3,International,Not Fraud
320950,4778.71,NetBanking,Recharge,MakeMyTrip,Surat,Mac,Axis,15,48.45,0,0,Domestic,Not Fraud
514877,,POS,Purchase,SBI,Patna,iPhone,PNB,11,40.73,1,0,Domestic,Not Fraud
994540,3245.48,NetBanking,Purchase,Paytm,Bengaluru,Unknown,BOB,9,39.69,1,0,domestic,Not Fraud
794567,2707.05,NetBanking,Recharge,Uber,Chandigarh,Windows,Union Bank,13,11.07,1,2,domestic,Not Fraud
696924,11241.75,NetBanking,Cash Withdrawal,BigBasket,Surat,Windows,Canara,15,1.52,0,2,domestic,Not Fraud
141448,586.43,Wallet,Purchase,Ajio,Hyderabad,android,Union Bank,8,32.01,0,2,International,Not Fraud
380895,6257.93,POS,Purchase,Google Pay,Indore,Unknown,ICICI,9,41.79,0,1,Domestic ,Not Fraud
540049,351.91,UPI,Recharge,Ajio,Chandigarh,Android ,BOB,5,18.85,1,2,Domestic ,Not Fraud
271601,1758.22,Card,Purchase,PhonePe,bengaluru,iPhone,PNB,4,45.43,0,3,domestic,Not Fraud
826811,3178.07,NetBanking,Transfer,Jio,Kochi,Android,Axis,4,9.85,1,0,Domestic,Not Fraud
946651,1162.28,UPI,Transfer,CRED,Delhi,Unknown,ICICI,14,24.2,1,3,International,Not Fraud
184662,29369.52,POS,Purchase,SBI,Jaipur,Unknown,ICICI,13,7.74,0,2,International,Not Fraud
645879,4017.59,ATM,Cash Withdrawal,BookMyShow,Chennai,Android,PNB,9,10.4,1,0,domestic,Not Fraud
828419,673.06,UPI,Refund,Jio,Jaipur,Android ,Kotak,15,5.42,1,2,Domestic ,Not Fraud
107553,2172.31,Wallet,Refund,IRCTC,Hyderabad,Android ,Kotak,9,47.94,0,0,Domestic ,Not Fraud
993431,5604.37,NetBanking,Purchase,SBI,Indore,iPhone,PNB,9,44.56,0,3,Domestic ,Not Fraud
239534,1842.39,NetBanking,Recharge,Ajio,Bengaluru,android,ICICI,10,3.9,1,2,International,Not Fraud
926164,1724.31,POS,Transfer,IRCTC,Pune,Android,Axis,4,8.75,1,0,Domestic,Not Fraud
397010,2440.88,Wallet,Recharge,Myntra,Bhopal,Windows,Kotak,8,17.97,1,3,domestic,Fraud
214677,2566.91,POS,Refund,MakeMyTrip,Surat,android,Union Bank,2,31.82,1,1,International,Not Fraud
589731,683.89,NetBanking,Refund,Flipkart,Pune,Android,HDFC,14,13.59,0,0,International,Not Fraud
882059,3478.99,POS,Transfer,Paytm,Mumbai,Mac,BOB,5,26.97,0,3,domestic,Not Fraud
130109,2304.15,Card,Cash Withdrawal,Paytm,Indore,Windows,ICICI,10,12.79,1,0,domestic,Not Fraud
512729,6354.65,ATM,Transfer,Google Pay,Kochi,Android,Axis,6,38.82,0,1,Domestic,Not Fraud
930155,774.0,UPI,Recharge,CRED,Mumbai,Windows,Kotak,12,47.64,0,2,domestic,Not Fraud
639165,14204.81,ATM,Recharge,Razorpay,Hyderabad,Android ,BOB,3,24.63,1,0,International,Fraud
784144,4395.49,Wallet,Cash Withdrawal,IRCTC,Chandigarh,Android,ICICI,5,3.44,0,1,Domestic,Not Fraud
182005,1272.95,ATM,Refund,Amazon India,Jaipur,Android ,BOB,4,15.32,0,2,Domestic ,Not Fraud
130846,468.66,POS,Cash Withdrawal,IRCTC,Indore,Windows,bob,14,40.43,1,1,Domestic,Not Fraud
645530,5092.75,POS,Recharge,Myntra,Chandigarh,Windows,ICICI,14,24.87,0,1,International,Not Fraud
915585,1765.76,Card,Bill Payment,CRED,Bengaluru,Mac,SBI,6,6.97,1,2,Domestic,Not Fraud
549017,8069.59,Wallet,Recharge,Swiggy,Patna,Windows,ICICI,8,11.36,0,1,Domestic,Fraud
744158,886.17,UPI,Purchase,Ajio,Delhi,Android,Canara,6,45.0,0,3,Domestic ,Not Fraud
236492,9032.51,POS,Purchase,Jio,Chandigarh,Mac,PNB,8,17.43,0,1,Domestic ,Not Fraud
702252,5768.07,Wallet,Refund,Ajio,Pune,android,SBI,6,15.14,0,1,domestic,Not Fraud
146563,5760.9,UPI,Recharge,IRCTC,Kochi,iPhone,Axis,3,33.2,0,2,International,Not Fraud
479757,1623.52,Wallet,Purchase,Ajio,Bengaluru,Unknown,Axis,13,48.98,0,3,Domestic ,Not Fraud
774697,1755.24,Wallet,Recharge,Meesho,Chennai,iPhone,ICICI,14,41.42,1,1,domestic,No
790059,4081.9,ATM,Purchase,BookMyShow,Mumbai,Unknown,Kotak,5,44.82,1,3,Domestic,Not Fraud
533848,305.85,ATM,Transfer,Uber,Chandigarh,Windows,Axis,4,54.91,1,0,Domestic ,Not Fraud
221881,24072.63,Wallet,Transfer,Zomato,Indore,Unknown,PNB,1,35.8,1,1,domestic,Not Fraud
722094,650.15,POS,Recharge,Paytm,Lucknow,iPhone,SBI,7,42.56,1,0,Domestic ,Fraud
588330,3181.71,Card,Cash Withdrawal,CRED,Lucknow,iPhone,BOB,10,34.32,1,2,domestic,Not Fraud
561464,12441.59,UPI,Transfer,Swiggy,Bengaluru,Windows,Kotak,3,37.58,1,0,Domestic,Not Fraud
644518,774.06,Card,Cash Withdrawal,Meesho,Delhi,Windows,Union Bank,12,47.66,1,1,domestic,Not Fraud
949757,,Card,Purchase,CRED,Kochi,Mac,Canara,5,1.63,0,3,International,Not Fraud
470207,3106.07,POS,Recharge,Amazon India,Kolkata,Android,BOB,3,26.68,0,1,Domestic ,Not Fraud
520613,3382.17,NetBanking,Purchase,Ajio,Chennai,Windows,BOB,12,57.71,0,1,International,Not Fraud
648862,2906.56,UPI,Transfer,BigBasket,Ahmedabad,iPhone,HDFC,6,19.18,1,1,Domestic,Not Fraud
440363,5310.89,Card,Bill Payment,Amazon India,Mumbai,Windows,Canara,3,27.76,1,2,Domestic,Not Fraud
602230,1819.93,ATM,Transfer,Ajio,Kochi,Android,PNB,14,41.58,1,3,Domestic ,Not Fraud
161610,482.19,POS,Purchase,Airtel,Patna,Android ,PNB,10,47.05,0,3,Domestic,Not Fraud
369613,760.72,NetBanking,Cash Withdrawal,Myntra,Jaipur,android,Canara,5,18.79,0,3,domestic,Not Fraud
461242,690.26,UPI,Recharge,Razorpay,Chennai,android,Axis,12,10.7,0,2,Domestic ,Not Fraud
123155,723.7,UPI,Recharge,CRED,Mumbai,Android,BOB,9,45.25,1,0,Domestic,Not Fraud
668304,1905.0,UPI,Bill Payment,Airtel,Patna,Mac,Union Bank,2,38.8,1,3,Domestic ,Not Fraud
588250,1738.53,POS,Refund,Razorpay,Indore,Android ,Union Bank,9,35.42,1,3,International,Not Fraud
249508,3823.07,NetBanking,Refund,Meesho,Delhi,iPhone,BOB,8,34.4,0,2,Domestic,Not Fraud
582748,6572.55,Card,Recharge,Airtel,Bengaluru,Unknown,HDFC,4,29.05,1,1,Domestic ,Not Fraud
792923,517.26,UPI,Cash Withdrawal,Jio,Pune,,Canara,3,54.69,1,1,Domestic ,Not Fraud
516857,3373.26,UPI,Cash Withdrawal,Jio,Chennai,Windows,ICICI,6,4.9,0,3,International,Not Fraud
888037,429.7,UPI,Bill Payment,MakeMyTrip,Chennai,Android ,PNB,11,30.27,0,2,Domestic,Not Fraud
447608,302.36,Card,Cash Withdrawal,Razorpay,Jaipur,android,PNB,15,59.79,1,1,domestic,Not Fraud
168008,,POS,Cash Withdrawal,BookMyShow,Hyderabad,Android,Axis,6,4.06,1,3,International,Not Fraud
454573, ₹656.35,ATM,Transfer,BigBasket,Pune,Unknown,Canara,9,35.86,1,2,Domestic,Not Fraud
459805,8716.45,Card,Cash Withdrawal,MakeMyTrip,Kolkata,iPhone,HDFC,9,18.21,1,0,Domestic,Not Fraud
570175,3944.85,POS,Cash Withdrawal,PhonePe,Pune,Windows,SBI,9,26.8,0,0,Domestic ,Not Fraud
474589,4802.98,UPI,Refund,Razorpay,Chandigarh,Android,BOB,15,47.49,0,3,Domestic,Not Fraud
276911,546.28,ATM,Bill Payment,Uber,Surat,Mac,BOB,8,55.86,0,2,Domestic ,Fraud
601955,2372.71,Wallet,Purchase,Myntra,Patna,iPhone,Axis,13,11.98,1,2,domestic,Not Fraud
998050,493.2,Card,Cash Withdrawal,CRED,Ahmedabad,iPhone,SBI,8,23.78,0,1,domestic,Not Fraud
305750,644.53,UPI,Refund,PhonePe,Delhi,Android,Axis,7,4.07,0,0,Domestic,Not Fraud
611089,7167.71,ATM,Recharge,Zomato,Indore,Android ,BOB,5,34.31,1,0,International,Not Fraud
677944,1072.77,Card,Cash Withdrawal,BookMyShow,Pune,iPhone,BOB,13,24.18,0,2,Domestic ,Not Fraud
595363,,POS,Refund,Jio,Kolkata,Unknown,Canara,5,19.95,1,3,Domestic,Not Fraud
395072,3284.89,Wallet,Transfer,Myntra,Indore,android,Axis,6,0.34,0,1,domestic,Not Fraud
715657,1728.8,Wallet,Bill Payment,Flipkart,Kolkata,iPhone,BOB,9,39.94,0,1,Domestic ,Not Fraud
658889,5894.76,UPI,Refund,BigBasket,Chennai,Android,Kotak,13,8.72,1,1,International,Not Fraud
661649,9940.09,NetBanking,Bill Payment,Ajio,Delhi,iPhone,Axis,11,7.58,1,2,International,Not Fraud
514477,8872.13,Card,Transfer,Jio,Mumbai,Unknown,Union Bank,9,22.81,0,0,International,Not Fraud
644241,1949.47,ATM,Cash Withdrawal,BookMyShow,Kochi,android,Axis,3,4.07,0,2,domestic,Not Fraud
131949,475.3,ATM,Recharge,BookMyShow,Pune,Android ,SBI,9,37.99,1,0,domestic,Not Fraud
881365,1547.62,Card,Bill Payment,Myntra,Mumbai,Android,HDFC,15,13.76,0,2,domestic,Not Fraud
659292,402.2,POS,Purchase,Airtel,Chennai,Unknown,Canara,2,18.86,0,3,International,Fraud
139189,18865.03,NetBanking,Transfer,Jio,Patna,iPhone,SBI,6,2.86,1,0,domestic,Not Fraud
962577,8887.61,ATM,Recharge,Airtel,Indore,Mac,PNB,11,34.97,0,0,International,Not Fraud
138217,424.26,Wallet,Transfer,Zomato,Jaipur,Android ,HDFC,4,7.88,0,0,domestic,Not Fraud
516099,790.3,ATM,Purchase,Airtel,Chennai,Windows,BOB,6,22.99,1,1,International,Not Fraud
860378,2773.88,Card,Cash Withdrawal,IRCTC,Kochi,iPhone,HDFC,9,34.01,0,2,domestic,Not Fraud
608530,2028.14,NetBanking,Transfer,SBI,Chandigarh,Android ,Canara,11,14.96,1,0,domestic,Not Fraud
701666,1223.3,UPI,Cash Withdrawal,BigBasket,Bhopal,Unknown,ICICI,12,41.12,0,2,Domestic,Not Fraud
547548,11503.06,ATM,Purchase,Amazon India,Patna,android,Axis,2,2.28,1,2,domestic,Not Fraud
639085,2939.42,UPI,Bill Payment,Zomato,Chennai,Windows,SBI,14,12.55,0,3,Domestic,Not Fraud
804260,1031.82,UPI,Bill Payment,Amazon India,Pune,Mac,BOB,4,19.36,1,0,domestic,Not Fraud
890233,7061.47,ATM,Recharge,Zomato,Jaipur,android,Kotak,8,55.64,0,3,domestic,Not Fraud
279053,3986.33,Card,Recharge,BookMyShow,Bengaluru,android,Union Bank,3,33.49,1,3,domestic,Not Fraud
108313,1874.27,POS,Purchase,BigBasket,Ahmedabad,Mac,Axis,3,13.22,0,1,Domestic ,Not Fraud
377407,,Wallet,Purchase,IRCTC,Pune,Android,HDFC,7,56.96,0,1,domestic,Fraud
522081,3250.55,POS,Purchase,Google Pay,Hyderabad,Android ,Union Bank,7,34.52,0,2,Domestic,Not Fraud
893896,1021.41,UPI,Cash Withdrawal,IRCTC,Pune,Unknown,Kotak,1,32.62,0,0,domestic,fraud
148012,17947.41,ATM,Refund,Uber,Jaipur,Windows,PNB,6,20.92,0,2,International,Not Fraud
776710,4733.07,UPI,Refund,Ajio,Chennai,Mac,Kotak,9,18.56,0,0,domestic,Not Fraud
851256,3491.33,Card,Purchase,PhonePe,Bengaluru,Windows,SBI,8,20.0,1,2,domestic,Fraud
552367,295.01,POS,Cash Withdrawal,Myntra,Bengaluru,android,PNB,10,21.57,1,0,Domestic ,Not Fraud
681843,913.84,UPI,Purchase,Swiggy,Mumbai,Android,ICICI,8,47.74,0,0,Domestic ,Not Fraud
643019,1839.28,Card,Purchase,Ajio,Jaipur,iPhone,Canara,14,52.71,0,1,International,Not Fraud
517308,2169.8,Wallet,Cash Withdrawal,Uber,Ahmedabad,android,PNB,2,44.03,1,1,International,Not Fraud
284056,869.02,ATM,Purchase,Razorpay,Patna,Mac,Canara,14,52.38,1,3,Domestic,Not Fraud
190091,3693.01,Card,Refund,Zomato,Delhi,Android,BOB,15,7.56,1,2,domestic,Not Fraud
235743,8133.95,UPI,Recharge,Jio,Lucknow,Mac,HDFC,3,35.3,0,2,Domestic,Not Fraud
269454,3516.84,UPI,Transfer,Amazon India,Ahmedabad,android,Union Bank,7,20.95,0,3,domestic,Not Fraud
772014,1291.04,UPI,Cash Withdrawal,Myntra,Kochi,Android,Axis,15,21.14,0,2,Domestic ,YES
975135,1417.31,Wallet,Transfer,Airtel,Chennai,Mac,Union Bank,13,45.69,0,2,domestic,Not Fraud
792012,13632.22,UPI,Cash Withdrawal,Ajio,Jaipur,iPhone,Axis,5,57.31,0,1,International,Not Fraud
348060,1876.15,NetBanking,Purchase,Flipkart,Chandigarh,iPhone,SBI,15,24.89,1,1,domestic,Not Fraud
342488, ₹483.46,ATM,Purchase,Zomato,Hyderabad,android,PNB,12,1.71,1,1,domestic,Fraud
118940,647.31,NetBanking,Bill Payment,Meesho,Lucknow,Unknown,ICICI,5,59.28,0,2,Domestic,Not Fraud
462475,2054.67,Card,Recharge,Meesho,Surat,iPhone,HDFC,2,4.59,0,0,domestic,Not Fraud
599753,1605.17,ATM,Bill Payment,Flipkart,Mumbai,Android ,BOB,9,52.14,1,2,domestic,Not Fraud
401378,972.48,Wallet,Recharge,Airtel,Kochi,iPhone,Union Bank,8,35.74,1,0,domestic,Not Fraud
777515,908.28,Card,Purchase,Razorpay,Mumbai,Android,Kotak,13,32.42,1,2,Domestic ,Not Fraud
787123,,POS,Purchase,Google Pay,Jaipur,Unknown,BOB,7,53.15,1,1,Domestic,Not Fraud
892452,2243.01,POS,Refund,PhonePe,Chandigarh,Mac,Canara,9,16.44,1,2,Domestic,Not Fraud
838517,805.54,UPI,Cash Withdrawal,Myntra,Ahmedabad,Android,ICICI,15,6.84,1,1,Domestic ,Not Fraud
572971,502.12,NetBanking,Cash Withdrawal,Amazon India,Chandigarh,Android,SBI,7,16.79,1,1,International,Not Fraud
935034,4970.04,Card,Recharge,Swiggy,Jaipur,Mac,Canara,7,58.92,1,0,domestic,Not Fraud
353817,6854.83,Wallet,Cash Withdrawal,SBI,Mumbai,Mac,Kotak,13,37.06,0,1,International,Not Fraud
148133,1992,POS,Purchase,Ajio,Jaipur,iPhone,Union Bank,3,2.16,0,2,International,Not Fraud
671409,3279.07,POS,Transfer,Flipkart,Hyderabad,Android ,Axis,15,0.51,1,0,International,Not Fraud
540007,330.5,POS,Recharge,Flipkart,Kolkata,iPhone,ICICI,3,43.51,0,1,Domestic ,Not Fraud
513672,1734.31,NetBanking,Recharge,Myntra,Hyderabad,Mac,Canara,15,2.7,1,1,domestic,Not Fraud
408768,1916.24,Wallet,Recharge,Swiggy,Hyderabad,android,HDFC,3,51.67,0,0,domestic,Not Fraud
404517,14327.12,UPI,Purchase,Flipkart,Kolkata,android,Kotak,5,49.63,0,2,Domestic ,Not Fraud
761039,341.23,ATM,Bill Payment,Swiggy,Indore,iPhone,Kotak,11,21.0,1,2,Domestic ,Not Fraud
633789,2276.81,Card,Bill Payment,Uber,Bengaluru,Windows,Axis,15,52.79,0,2,International,Not Fraud
430863,2171.63,POS,Transfer,BigBasket,Surat,Unknown,Axis,15,1.18,0,2,International,Not Fraud
596686,2516.25,POS,Purchase,Jio,Kolkata,Mac,SBI,5,5.8,1,0,International,Not Fraud
635889,29411.19,UPI,Purchase,Flipkart,Chennai,Windows,SBI,6,15.81,1,1,domestic,Not Fraud
672601,10880.3,UPI,Cash Withdrawal,CRED,Delhi,Android ,Union Bank,4,45.42,0,3,domestic,Not Fraud
796712,785.14,Wallet,Bill Payment,Airtel,Jaipur,Mac,ICICI,7,44.56,1,3,domestic,Not Fraud
856059,3356.03,Card,Recharge,Amazon India,Hyderabad,Windows,SBI,14,45.58,0,0,domestic,Not Fraud
614367,5349.81,NetBanking,Bill Payment,BookMyShow,Chennai,Android,SBI,13,50.44,1,0,International,Not Fraud
963935,8099.62,POS,Bill Payment,Razorpay,Chandigarh,android,HDFC,6,21.93,0,2,domestic,Not Fraud
559585,1365.9,POS,Purchase,Meesho,Chennai,Mac,ICICI,7,11.53,0,2,International,Not Fraud
484923,2143.56,Card,Purchase,Paytm,Patna,Mac,SBI,5,11.15,1,2,International,Not Fraud
530168,6427.17,ATM,Purchase,Paytm,Hyderabad,Mac,HDFC,6,37.43,0,2,Domestic ,Not Fraud
310828,2293.05,POS,Transfer,Google Pay,Kochi,android,Kotak,10,58.9,0,2,Domestic,Not Fraud
346637,15159.55,POS,Refund,Zomato,Bengaluru,Unknown,BOB,11,5.61,1,2,Domestic,Not Fraud
227171,1455.68,Wallet,Refund,CRED,Chennai,iPhone,Canara,12,41.53,0,3,International,Fraud
206862,990.95,NetBanking,Recharge,Paytm,Mumbai,Android,ICICI,1,47.38,0,1,Domestic,Not Fraud
656475,3956.75,Wallet,Purchase,Ajio,Delhi,Unknown,Canara,13,8.18,0,1,Domestic ,Not Fraud
693486,3275,POS,Purchase,Amazon India,Hyderabad,Mac,PNB,8,3.6,0,3,International,Not Fraud
950184,1192.12,NetBanking,Cash Withdrawal,PhonePe,Ahmedabad,Android,PNB,11,58.35,1,3,Domestic,Not Fraud
309660,3500.31,NetBanking,Purchase,Google Pay,Pune,Android,Axis,11,37.35,1,1,Domestic,Not Fraud
466356,3147.68,POS,Cash Withdrawal,BookMyShow,Kolkata,Android,SBI,3,31.93,1,3,Domestic,Not Fraud
980174,5583.43,UPI,Cash Withdrawal,Paytm,Mumbai,Windows,SBI,2,52.59,1,3,domestic,Not Fraud
283463,484.76,Card,Transfer,Swiggy,Chennai,Android,ICICI,5,8.92,1,1,Domestic,Not Fraud
714330,555.23,Wallet,Refund,SBI,Bhopal,Windows,BOB,7,24.38,1,2,Domestic ,Not Fraud
957714,534.23,Card,Bill Payment,BookMyShow,Chennai,Unknown,BOB,10,47.13,1,0,Domestic,Not Fraud
174957,1673.34,POS,Bill Payment,Paytm,Kolkata,android,HDFC,5,7.77,1,1,Domestic,Not Fraud
672191,1118.34,NetBanking,Refund,BigBasket,Pune,Android ,HDFC,2,1.83,1,2,Domestic,Not Fraud
961449,734.5,Card,Refund,Razorpay,Kolkata,android,BOB,7,1.39,1,0,Domestic ,Not Fraud
358334,1415.72,ATM,Recharge,Myntra,Lucknow,Windows,Canara,12,1.25,1,1,Domestic,Not Fraud
770061,845.56,Wallet,Purchase,SBI,Ahmedabad,Windows,Axis,4,45.83,1,2,domestic,Not Fraud
472065,5153.12,Card,Cash Withdrawal,Swiggy,Indore,Android ,Canara,15,24.57,0,3,Domestic ,Not Fraud
416638,7397.29,POS,Recharge,MakeMyTrip,Ahmedabad,android,ICICI,7,12.9,1,0,domestic,Fraud
735799,2157.36,Wallet,Purchase,Jio,Hyderabad,Mac,Kotak,3,54.41,0,2,domestic,Not Fraud
968046," ₹1,324.86",UPI,Transfer,BigBasket,Chandigarh,Mac,HDFC,8,14.26,1,3,domestic,Not Fraud
205220,713,POS,Transfer,CRED,Bengaluru,Android ,Kotak,10,22.31,0,1,Domestic,Not Fraud
598452,1126.78,ATM,Purchase,Razorpay,Chandigarh,Android ,ICICI,6,57.33,1,2,Domestic ,Not Fraud
902995,1045.51,POS,Transfer,Myntra,Hyderabad,iPhone,PNB,13,3.01,0,0,Domestic ,Not Fraud
821736,2400.72,Card,Refund,Google Pay,Chennai,Windows,Kotak,2,13.69,1,0,domestic,Not Fraud
814979,2044.29,Wallet,Refund,Meesho,Indore,Mac,SBI,15,51.19,0,3,Domestic ,Not Fraud
498028,319.77,ATM,Refund,BigBasket,Lucknow,Android,PNB,14,4.38,0,3,Domestic,Not Fraud
193607,7484.38,ATM,Cash Withdrawal,Swiggy,Pune,Mac,BOB,12,16.0,0,0,domestic,Not Fraud
568387,5238.73,NetBanking,Transfer,Flipkart,Delhi,Windows,Union Bank,10,53.37,1,3,Domestic,Not Fraud
606211,3586.27,POS,Transfer,IRCTC,Mumbai,Unknown,Axis,10,46.49,1,1,International,Fraud
317566,11596.36,Wallet,Cash Withdrawal,Myntra,Delhi,Android ,PNB,9,54.21,1,1,Domestic,Not Fraud
179985,8394.49,ATM,Bill Payment,MakeMyTrip,Patna,Mac,ICICI,14,10.47,0,2,Domestic ,Not Fraud
198102,1899.03,Wallet,Refund,Meesho,Pune,android,SBI,2,48.99,0,1,International,Not Fraud
651252,4948.79,Card,Recharge,Meesho,Chennai,Android,ICICI,4,41.15,0,2,domestic,Not Fraud
373877,5255.7,POS,Transfer,SBI,Ahmedabad,Mac,ICICI,14,30.43,0,2,domestic,Not Fraud
364589,458.28,ATM,Cash Withdrawal,CRED,Pune,Unknown,SBI,12,10.22,0,2,Domestic,Not Fraud
125966,659.1,UPI,Transfer,MakeMyTrip,Patna,Windows,PNB,4,27.28,1,1,Domestic,Not Fraud
853716,850.81,ATM,Transfer,Razorpay,Pune,android,SBI,8,4.96,0,2,domestic,Not Fraud
518790,3167.09,ATM,Purchase,Flipkart,Bhopal,Android,PNB,4,40.41,0,1,domestic,Not Fraud
429119,,UPI,Cash Withdrawal,Razorpay,Surat,Android ,Canara,14,10.58,0,3,Domestic ,Not Fraud
277118,1891.31,UPI,Cash Withdrawal,CRED,Chandigarh,Android ,Canara,2,21.87,1,1,International,Not Fraud
220835,1651.64,Wallet,Purchase,SBI,Bhopal,iPhone,Canara,1,38.34,0,2,domestic,Not Fraud
619766,3206.54,POS,Refund,BookMyShow,Pune,Android ,BOB,2,8.56,0,3,domestic,Not Fraud
113388,1514.46,Card,Purchase,Amazon India,Pune,android,Axis,9,43.76,0,0,Domestic,Not Fraud
156584,458.96,Wallet,Recharge,Airtel,Jaipur,Android,BOB,3,24.21,0,0,domestic,Not Fraud
368128," ₹5,429.53",NetBanking,Transfer,MakeMyTrip,Jaipur,Mac,Kotak,12,26.99,1,2,International,Not Fraud
172107,3030.2,ATM,Bill Payment,Zomato,Jaipur,Android ,Canara,1,47.08,1,1,Domestic ,Not Fraud
868201,3773.78,ATM,Refund,Swiggy,Mumbai,iPhone,ICICI,9,12.76,1,0,International,Not Fraud
570953,760.11,NetBanking,Transfer,Google Pay,Kolkata,Windows,HDFC,9,1.66,1,1,Domestic,Not Fraud
299454,1748.65,UPI,Bill Payment,Google Pay,Ahmedabad,Mac,Axis,12,35.12,0,0,Domestic,Not Fraud
365584,4898.12,NetBanking,Bill Payment,MakeMyTrip,Surat,Android,Axis,15,17.33,0,1,Domestic,Not Fraud
532035,2302.08,ATM,Transfer,CRED,Ahmedabad,Android,Canara,13,55.24,1,1,International,Fraud
997078,252.46,ATM,Purchase,Google Pay,Chandigarh,Android ,Union Bank,6,58.42,0,2,domestic,Not Fraud
650490,2403.83,Card,Refund,Myntra,Mumbai,Mac,Canara,14,57.96,1,2,Domestic ,Not Fraud
484054,4965.29,Wallet,Purchase,Zomato,Kochi,Windows,SBI,9,9.94,0,0,domestic,Not Fraud
239469,2367.07,NetBanking,Recharge,Jio,Bhopal,iPhone,Canara,7,36.77,0,3,domestic,Fraud
326609,3049.21,ATM,Purchase,Ajio,Kolkata,Android ,ICICI,13,56.29,0,1,Domestic,Not Fraud
697082,1136.54,Wallet,Recharge,Ajio,Patna,Android,BOB,10,51.22,1,3,Domestic,Not Fraud
456406,10203.4,UPI,Bill Payment,Swiggy,Kochi,Android ,BOB,9,11.99,0,2,Domestic ,Not Fraud
121643,6767.66,NetBanking,Recharge,Zomato,Bengaluru,Unknown,BOB,8,23.95,0,3,Domestic,Not Fraud
118878,301.61,POS,Refund,MakeMyTrip,Bengaluru,iPhone,Canara,7,40.08,1,3,domestic,Not Fraud
841793,2825.76,ATM,Recharge,Uber,Lucknow,Unknown,Canara,5,33.56,0,0,International,Fraud
830456,4701.46,ATM,Transfer,Jio,Pune,Android ,Union Bank,12,50.69,1,2,International,Not Fraud
779536,1354.6,ATM,Cash Withdrawal,Swiggy,Hyderabad,Mac,ICICI,4,39.11,0,1,domestic,Not Fraud
110893,1204.38,POS,Cash Withdrawal,Flipkart,Hyderabad,Mac,Kotak,14,48.8,0,0,Domestic,Not Fraud
116083,3849.99,NetBanking,Bill Payment,Ajio,Chandigarh,Mac,PNB,3,22.5,0,2,International,Fraud
143096,10277.12,NetBanking,Refund,BookMyShow,Patna,Windows,SBI,15,59.39,1,3,Domestic,Not Fraud
143108,1320.47,NetBanking,Purchase,Amazon India,Pune,Unknown,Axis,8,40.67,1,0,Domestic,Not Fraud
737126,1125.71,NetBanking,Bill Payment,PhonePe,Bhopal,Android,Union Bank,1,43.3,1,0,Domestic,Not Fraud
666302,1880.96,Card,Refund,Ajio,Mumbai,android,Union Bank,4,21.38,0,0,Domestic ,Not Fraud
323405,1966.35,UPI,Cash Withdrawal,Meesho,Ahmedabad,Unknown,Union Bank,8,27.98,0,3,Domestic,Not Fraud
762901,4236,POS,Transfer,BookMyShow,Kochi,Windows,ICICI,12,31.05,0,2,Domestic,Not Fraud
194590,973.7,UPI,Refund,Flipkart,Chandigarh,Unknown,Canara,13,37.75,0,2,domestic,Not Fraud
283702,1076.15,ATM,Purchase,Razorpay,Hyderabad,iPhone,Kotak,1,57.49,1,3,Domestic,Not Fraud
554358,11722.01,Card,Transfer,Airtel,Kochi,Mac,PNB,14,20.74,0,3,Domestic,No
764803,1651.91,UPI,Refund,Uber,Patna,Unknown,Union Bank,13,19.09,1,3,Domestic,Not Fraud
765249,95.89,UPI,Cash Withdrawal,Amazon India,Mumbai,Mac,Union Bank,4,43.82,1,3,domestic,Not Fraud
660046,2224.69,Wallet,Cash Withdrawal,SBI,Mumbai,Android ,ICICI,12,55.58,1,3,domestic,Not Fraud
103595,972.35,ATM,Recharge,Meesho,Patna,Android ,SBI,8,33.95,0,3,Domestic ,Not Fraud
498231,316.99,Wallet,Refund,BigBasket,Kochi,android,Union Bank,15,36.97,0,1,domestic,Not Fraud
112068,830,Card,Transfer,Razorpay,Chennai,Unknown,BOB,5,45.53,1,0,domestic,Not Fraud
134278,1901,NetBanking,Transfer,Myntra,Bengaluru,Unknown,Canara,6,27.28,1,2,domestic,Not Fraud
399771,2633.23,POS,Bill Payment,CRED,Delhi,Android ,Canara,5,0.88,0,1,Domestic ,Fraud
397584,900.73,NetBanking,Transfer,CRED,Hyderabad,Windows,ICICI,4,49.76,1,2,Domestic ,Fraud
581434,4159.15,Card,Bill Payment,Google Pay,Jaipur,Windows,Kotak,1,35.15,0,3,International,Not Fraud
702193,517.48,ATM,Refund,Amazon India,Hyderabad,Android ,Axis,9,31.81,0,1,domestic,Not Fraud
742910,2275.05,ATM,Cash Withdrawal,Ajio,Lucknow,android,BOB,15,59.79,1,3,Domestic,Not Fraud
929316,3433.25,NetBanking,Transfer,Flipkart,Chennai,Android,SBI,3,32.44,1,0,International,Not Fraud
363565,1380.55,ATM,Recharge,Amazon India,Chandigarh,android,Union Bank,14,28.39,0,3,Domestic ,Not Fraud
775766,969.47,ATM,Cash Withdrawal,Myntra,Pune,Mac,Canara,9,31.51,0,2,International,Not Fraud
410140,1690.81,NetBanking,Recharge,Flipkart,Delhi,Windows,PNB,8,55.1,0,2,Domestic,Not Fraud
837977,2661.26,NetBanking,Cash Withdrawal,SBI,Kolkata,Unknown,SBI,1,52.39,0,3,International,Not Fraud
660372,3327.03,UPI,Bill Payment,SBI,Patna,Android ,ICICI,8,13.89,0,3,Domestic,Fraud
341060,907.71,NetBanking,Recharge,Razorpay,Hyderabad,Android,Kotak,12,52.24,1,1,International,Not Fraud
185985,9286.94,Wallet,Bill Payment,Google Pay,Patna,iPhone,BOB,1,23.64,1,1,Domestic ,Not Fraud
813664,4635.31,ATM,Refund,BookMyShow,Chennai,Mac,Union Bank,7,59.71,1,1,International,Not Fraud
185976,4525.63,ATM,Recharge,MakeMyTrip,Pune,iPhone,HDFC,7,22.43,1,2,Domestic,Not Fraud
607911,2117.65,Wallet,Refund,BigBasket,Bengaluru,Unknown,Kotak,14,5.77,0,2,Domestic ,Not Fraud
991425,2400.53,Wallet,Refund,Razorpay,Ahmedabad,Windows,BOB,3,44.42,0,3,Domestic,Not Fraud
291790,5463.01,Card,Cash Withdrawal,BookMyShow,Indore,Windows,Kotak,10,10.45,1,3,International,Not Fraud
700245,272.7,ATM,bill payment,Airtel,Patna,android,PNB,5,49.41,1,2,Domestic,Not Fraud
272586,881.76,Wallet,Refund,MakeMyTrip,Kolkata,Android,Union Bank,12,39.99,1,1,Domestic ,Not Fraud
335291,1956.61,POS,Bill Payment,Myntra,Chennai,Mac,PNB,1,40.39,0,1,International,Not Fraud
978615,1065.26,NetBanking,Recharge,Zomato,Chennai,Android,SBI,4,13.86,0,2,domestic,Not Fraud
283166,2975.0,ATM,Bill Payment,IRCTC,Indore,android,BOB,1,33.07,1,2,International,Not Fraud
424072,11613.18,Wallet,Cash Withdrawal,Airtel,Kochi,iPhone,HDFC,15,42.01,1,2,domestic,Not Fraud
577667,852.76,UPI,Transfer,CRED,Kolkata,android,BOB,8,50.4,1,1,Domestic,Not Fraud
272246,2150.24,Wallet,Refund,BookMyShow,Mumbai,Windows,SBI,10,27.74,0,1,domestic,Not Fraud
917889,2199.27,NetBanking,Purchase,Paytm,Patna,Android ,PNB,9,23.1,0,3,Domestic ,Not Fraud
493741,9206.62,ATM,Purchase,BookMyShow,Ahmedabad,android,HDFC,4,7.51,1,0,domestic,Not Fraud
271457,2179.14,POS,Bill Payment,Uber,Lucknow,iPhone,ICICI,13,24.99,1,2,Domestic ,Not Fraud
111131,2045.54,Card,Bill Payment,Airtel,Mumbai,android,Kotak,7,28.29,1,1,International,Not Fraud
762190,2939.21,Card,Bill Payment,Myntra,Lucknow,Android,Kotak,4,14.53,0,1,domestic,Not Fraud
581220,2528.19,UPI,Bill Payment,CRED,Pune,android,Union Bank,6,7.92,0,0,Domestic ,Not Fraud
254507,905.83,Card,Refund,Paytm,Pune,Android ,HDFC,8,6.05,1,1,Domestic ,Not Fraud
836841,1813.13,Wallet,Bill Payment,Uber,Chandigarh,Unknown,BOB,1,13.18,1,1,domestic,Not Fraud
985009,1320.98,ATM,Cash Withdrawal,Flipkart,Mumbai,Android ,HDFC,8,6.23,0,1,International,Not Fraud
192056,615.24,UPI,Cash Withdrawal,Uber,Surat,Mac,Axis,7,18.13,0,3,domestic,Not Fraud
751587,1773.22,UPI,Purchase,SBI,Kolkata,iPhone,SBI,4,44.11,1,3,Domestic ,Not Fraud
275208,1498.57,UPI,Purchase,Ajio,Chandigarh,Windows,BOB,7,43.41,0,1,domestic,Not Fraud
900569,826.12,Card,Bill Payment,Zomato,Delhi,Mac,PNB,4,30.65,1,1,Domestic,Not Fraud
906690,1279.57,Wallet,Bill Payment,PhonePe,Bhopal,Android ,HDFC,9,26.57,0,0,Domestic,Not Fraud
595799,2207.02,ATM,Cash Withdrawal,Paytm,Lucknow,Mac,ICICI,2,17.97,0,1,International,Fraud
145660,1408.11,UPI,Refund,Airtel,Bengaluru,iPhone,BOB,11,33.49,0,0,Domestic ,Not Fraud
195192,42446.19,UPI,Cash Withdrawal,Razorpay,Bengaluru,android,HDFC,6,26.57,1,1,Domestic ,Not Fraud
207750,6843.21,ATM,Cash Withdrawal,BigBasket,Kolkata,iPhone,Kotak,8,24.24,1,3,International,Fraud
922449,1054.9,Wallet,Bill Payment,Zomato,Chandigarh,Mac,BOB,10,15.77,0,1,domestic,Not Fraud
886230,429.47,POS,Purchase,Paytm,Ahmedabad,Mac,Union Bank,13,21.71,0,0,Domestic,Yes
117475,11405.6,Wallet,Transfer,Jio,Indore,iPhone,Union Bank,1,53.81,0,3,International,Not Fraud
544039,7000.8,Wallet,Transfer,Swiggy,Kolkata,Unknown,ICICI,14,18.85,0,0,Domestic,Not Fraud
555527,13908.01,NetBanking,Transfer,Airtel,Patna,android,Axis,2,13.64,0,1,Domestic ,Not Fraud
556456,811.26,Wallet,Transfer,Zomato,Surat,Android,ICICI,12,54.04,1,1,domestic,Not Fraud
990107,477.47,UPI,Refund,Swiggy,Kochi,,Kotak,6,16.53,1,1,Domestic,Not Fraud
257871,,UPI,Recharge,Swiggy,Kochi,Windows,Union Bank,11,25.78,1,0,Domestic ,Not Fraud
935347,4253.63,UPI,Transfer,Myntra,Hyderabad,Unknown,Union Bank,7,15.66,0,1,International,Not Fraud
868233,94.46,Card,Transfer,BookMyShow,Jaipur,Mac,ICICI,10,9.62,0,1,domestic,Not Fraud
876938,2504.31,ATM,Recharge,Google Pay,Hyderabad,Unknown,SBI,10,50.59,0,3,Domestic ,Not Fraud
348419,1336.33,Card,Cash Withdrawal,Airtel,Bhopal,iPhone,HDFC,3,29.21,0,0,Domestic ,Not Fraud
669938,3452.21,UPI,Refund,Razorpay,Surat,Windows,HDFC,14,53.56,1,2,domestic,Not Fraud
370506,4384.09,UPI,Cash Withdrawal,Ajio,Kochi,android,Axis,9,15.95,1,2,Domestic ,Not Fraud
601094,6827.93,POS,Cash Withdrawal,BigBasket,Jaipur,Windows,SBI,5,45.28,0,2,Domestic ,Not Fraud
160974,5309.96,NetBanking,Refund,BookMyShow,Pune,Android ,Axis,12,41.61,1,3,Domestic ,Not Fraud
174632,2175.81,ATM,Bill Payment,Flipkart,Mumbai,Android,Canara,2,45.04,0,1,Domestic ,Not Fraud
684470,3220.8,Card,Cash Withdrawal,SBI,Pune,Windows,BOB,4,55.04,0,0,domestic,Not Fraud
805148,2289.72,Wallet,Transfer,PhonePe,Indore,android,Kotak,9,19.65,1,3,Domestic,Fraud
211565,5144.09,POS,Cash Withdrawal,Swiggy,Bhopal,Windows,Union Bank,4,54.68,0,3,Domestic,Not Fraud
391778,1539.12,NetBanking,Refund,IRCTC,Surat,Unknown,PNB,5,35.98,0,1,International,Not Fraud
144319,1119.27,Wallet,Refund,Paytm,Delhi,Windows,ICICI,13,20.9,1,2,domestic,Not Fraud
227580,1647.73,Wallet,Bill Payment,MakeMyTrip,Pune,Android,BOB,10,48.98,1,3,domestic,Not Fraud
887392,508.74,Card,Bill Payment,SBI,Delhi,Android ,Canara,13,4.45,1,2,Domestic ,Not Fraud
459592,888.12,Wallet,Recharge,Myntra,Bhopal,Unknown,Canara,5,55.48,0,1,Domestic ,Not Fraud
664042,448.68,POS,Purchase,BigBasket,Hyderabad,iPhone,Kotak,15,39.03,1,3,Domestic,Not Fraud
304049,5414.75,Card,Cash Withdrawal,Meesho,Bengaluru,Mac,Kotak,4,26.29,1,0,International,Not Fraud
132614,1572.62,Wallet,Recharge,Zomato,Kochi,Windows,HDFC,12,5.55,1,2,Domestic,Not Fraud
833663,13802.93,POS,Cash Withdrawal,SBI,Hyderabad,Unknown,SBI,9,8.23,0,1,Domestic ,Not Fraud
606646,18871.14,ATM,Cash Withdrawal,IRCTC,Chennai,Windows,Kotak,2,56.94,0,0,International,Not Fraud
787934,5536.23,Wallet,Transfer,Flipkart,Bengaluru,iPhone,SBI,13,35.5,0,1,domestic,Not Fraud
943911,1441.55,NetBanking,Refund,Swiggy,Chennai,Android ,Axis,6,23.41,1,0,domestic,Not Fraud
882628,3529.61,Wallet,Recharge,Ajio,Hyderabad,Unknown,Axis,14,39.88,0,1,Domestic ,Not Fraud
571538,13334.98,UPI,Bill Payment,Zomato,Mumbai,Mac,Kotak,14,9.49,0,0,Domestic ,Not Fraud
140313,6967.4,ATM,Refund,Flipkart,Delhi,Android ,Union Bank,8,19.15,0,0,Domestic,Not Fraud
331384,2786.56,ATM,Refund,MakeMyTrip,Pune,Android ,Axis,10,6.89,0,2,domestic,Not Fraud
185830,2904.21,POS,Transfer,Jio,Mumbai,android,Union Bank,2,55.15,1,3,Domestic ,Not Fraud
841640,1531.7,POS,Transfer,Paytm,Jaipur,Unknown,Union Bank,14,53.85,0,1,domestic,Not Fraud
450541,8313.14,Card,Cash Withdrawal,Zomato,Lucknow,android,Union Bank,11,40.51,0,1,International,Not Fraud
495111,3580.41,Card,Transfer,Paytm,Patna,android,Canara,2,10.19,1,1,International,Not Fraud
969750,11608.11,POS,Transfer,SBI,Bhopal,Mac,Union Bank,13,58.24,1,0,Domestic ,Fraud
457864,1664.78,NetBanking,Purchase,SBI,Bengaluru,Android ,Union Bank,13,47.02,0,1,Domestic,Not Fraud
378536,3838.54,Wallet,Transfer,BigBasket,Indore,Windows,Kotak,9,56.28,1,2,domestic,No
842798,2794.3,Card,Recharge,CRED,Indore,Unknown,ICICI,8,22.43,1,3,International,Not Fraud
435117,6382.85,Card,Bill Payment,Ajio,Chennai,Android,BOB,7,9.17,1,2,Domestic,Not Fraud
447338,2301.73,POS,Recharge,Myntra,Mumbai,Android,PNB,4,55.54,1,0,domestic,Not Fraud
169309,7887.23,UPI,Refund,Amazon India,Ahmedabad,Windows,ICICI,5,31.27,0,2,Domestic ,Not Fraud
170016,3099.65,UPI,Purchase,Flipkart,Delhi,Unknown,Axis,2,16.41,0,1,domestic,Yes
389247,3799.21,NetBanking,Transfer,IRCTC,Patna,Unknown,Canara,4,18.43,1,2,International,Not Fraud
703618,6392.33,ATM,Transfer,Myntra,Mumbai,Unknown,Kotak,15,13.69,0,3,Domestic ,Not Fraud
169647,2451.41,UPI,Recharge,Ajio,Ahmedabad,Android,PNB,8,51.77,1,1,domestic,Not Fraud
341952,7222.23,NetBanking,Transfer,SBI,Kochi,android,Canara,10,19.02,1,0,International,Not Fraud
911047,4163.76,Wallet,Cash Withdrawal,Airtel,Lucknow,Unknown,PNB,8,1.18,0,3,International,Not Fraud
328485,3618.71,Card,Refund,PhonePe,Chennai,android,PNB,13,21.37,0,0,domestic,Not Fraud
914683,829.59,POS,Recharge,Google Pay,Chennai,Android ,Kotak,13,4.78,1,2,Domestic,Not Fraud
429535,22884.95,NetBanking,Transfer,Google Pay,Ahmedabad,Mac,SBI,14,10.76,0,3,International,Not Fraud
225368,160.43,Wallet,Recharge,SBI,,Android,Kotak,14,15.03,1,1,International,Not Fraud
350761,145.54,Card,Transfer,Paytm,Chennai,iPhone,BOB,2,47.31,0,0,domestic,Not Fraud
201208,3019.77,NetBanking,Bill Payment,BookMyShow,Ahmedabad,Windows,HDFC,11,13.18,0,1,Domestic ,Not Fraud
841423,884.83,NetBanking,Cash Withdrawal,PhonePe,Mumbai,Windows,ICICI,13,9.58,0,1,Domestic ,Not Fraud
891774,6026.47,ATM,Recharge,Razorpay,Kolkata,Android,Canara,15,14.91,0,2,Domestic ,Not Fraud
395637,14036.46,POS,Bill Payment,Google Pay,Lucknow,iPhone,Axis,6,32.88,1,1,Domestic ,Not Fraud
380251,340.35,ATM,Purchase,Myntra,Mumbai,Windows,Canara,5,46.84,1,0,Domestic ,Not Fraud
424863,552.59,Card,Purchase,Uber,Ahmedabad,Android,Kotak,10,36.6,1,1,International,Fraud
288374,986.17,UPI,Bill Payment,Airtel,Mumbai,Android ,SBI,9,11.38,0,2,International,Not Fraud
991814,1084.71,Card,Recharge,MakeMyTrip,Mumbai,Mac,HDFC,7,7.8,1,1,Domestic ,Fraud
618791,2823.89,ATM,Transfer,Razorpay,Mumbai,Windows,BOB,4,16.42,0,2,domestic,Fraud
464048,1321.95,POS,Purchase,Meesho,Chandigarh,Android ,Kotak,14,25.49,1,3,International,Fraud
183075,4385.59,NetBanking,Cash Withdrawal,PhonePe,Jaipur,Android ,Canara,9,6.01,0,1,domestic,Not Fraud
645553,1387.08,UPI,Cash Withdrawal,Myntra,Kochi,Unknown,BOB,13,16.92,0,1,International,Not Fraud
941157,1748.34,ATM,Cash Withdrawal,PhonePe,Bhopal,Windows,SBI,13,50.13,0,0,Domestic,Not Fraud
154329,1644.38,ATM,Transfer,Paytm,Hyderabad,iPhone,SBI,7,29.38,1,2,Domestic ,Not Fraud
563896,129.7,POS,Refund,Uber,Delhi,Android ,SBI,5,41.6,1,2,domestic,Not Fraud
553425,556.03,Card,Refund,CRED,Bhopal,Windows,BOB,13,41.15,1,0,Domestic,Not Fraud
132025,627.55,UPI,Refund,Meesho,Surat,Unknown,Canara,3,43.52,1,3,Domestic ,fraud
166804,2881.59,UPI,Purchase,Razorpay,Kochi,Mac,SBI,15,4.82,1,3,domestic,Not Fraud
518463,4125.0,ATM,Bill Payment,Razorpay,Patna,Android,HDFC,10,55.65,0,0,Domestic,Not Fraud
531970,1381.58,POS,Refund,CRED,Kochi,Android ,Axis,2,11.92,1,0,Domestic ,Fraud
706829,4792.13,Card,Bill Payment,Google Pay,Bengaluru,Unknown,HDFC,1,32.95,1,0,Domestic,Not Fraud
766493,2023.14,UPI,Refund,Jio,Surat,Android,PNB,4,15.38,1,3,Domestic ,Not Fraud
453061,877.18,NetBanking,Cash Withdrawal,BookMyShow,Bengaluru,android,BOB,4,6.95,1,0,International,Not Fraud
301415,266.25,Card,Purchase,Airtel,Surat,Android ,PNB,4,47.92,1,3,International,Not Fraud
268827,10051.95,UPI,Refund,Meesho,Ahmedabad,Android ,Kotak,6,39.6,0,3,Domestic,Not Fraud
159881,8477.59,NetBanking,Cash Withdrawal,Amazon India,Kolkata,Mac,SBI,14,55.39,1,2,Domestic,Not Fraud
945674,896.87,POS,Bill Payment,Paytm,Delhi,Android ,Union Bank,1,15.79,0,2,domestic,Not Fraud
677543,1584.24,Card,Purchase,SBI,Delhi,Android,HDFC,1,29.24,1,2,International,Fraud
648601,12555.92,NetBanking,Purchase,Meesho,Kochi,android,Kotak,10,30.01,0,3,domestic,Not Fraud
192569,2089.0,UPI,Transfer,MakeMyTrip,Indore,Android,Axis,11,42.05,0,3,Domestic,Fraud
844685,62842.87,UPI,Transfer,Razorpay,Kochi,Windows,Kotak,12,49.12,1,1,International,Not Fraud
771304,6847.94,NetBanking,Cash Withdrawal,Uber,Jaipur,Android,BOB,8,1.62,1,2,International,Not Fraud
707440,1299.94,Wallet,Bill Payment,Swiggy,Bhopal,android,Union Bank,9,35.21,0,0,Domestic ,Not Fraud
435415,6190.51,Card,Cash Withdrawal,Swiggy,Kochi,Android,HDFC,11,54.44,0,2,Domestic,Not Fraud
579706,30019.74,Card,Bill Payment,Swiggy,Jaipur,Android,PNB,5,56.1,0,2,Domestic,Not Fraud
937010,1773.62,Wallet,Bill Payment,BookMyShow,Jaipur,Windows,HDFC,15,10.65,0,3,domestic,Fraud
626792,911.93,Card,Refund,Ajio,Delhi,Unknown,SBI,3,49.43,0,1,domestic,Not Fraud
245522,5843.35,POS,Cash Withdrawal,CRED,Bhopal,Mac,Kotak,14,12.38,1,0,Domestic,Not Fraud
702508,5196.98,POS,Purchase,BigBasket,Ahmedabad,Mac,ICICI,9,11.61,1,0,domestic,Not Fraud
223262,1550.53,ATM,Cash Withdrawal,IRCTC,Chandigarh,Windows,ICICI,9,36.98,0,2,Domestic,Not Fraud
199146,3214.16,ATM,Bill Payment,IRCTC,Lucknow,iPhone,SBI,10,42.12,0,0,International,Not Fraud
601088,2133.47,UPI,Refund,Uber,Chennai,Android,PNB,4,56.24,0,0,Domestic ,Not Fraud
910844,6417.86,ATM,Refund,BookMyShow,Kochi,Unknown,SBI,13,17.59,0,3,Domestic ,Fraud
587049,1037.08,POS,Cash Withdrawal,Jio,Patna,Unknown,ICICI,5,39.69,1,2,Domestic,Not Fraud
891532,853.17,UPI,Transfer,Zomato,Chennai,Windows,Union Bank,1,36.89,1,1,International,Not Fraud
244851,2147.15,UPI,Recharge,Zomato,Bhopal,Unknown,HDFC,6,46.41,1,0,domestic,Not Fraud
982313,12346.91,UPI,Bill Payment,Airtel,Hyderabad,android,Union Bank,9,33.45,1,2,International,Not Fraud
854427,3528.9,ATM,Bill Payment,Ajio,Jaipur,Unknown,PNB,11,11.25,1,0,domestic,Not Fraud
642838,235.79,POS,Refund,Swiggy,Bhopal,Windows,HDFC,3,53.05,0,3,domestic,Not Fraud
313597,7707.39,ATM,Refund,Myntra,Kochi,Windows,SBI,13,48.61,1,0,domestic,Not Fraud
713732,1397.84,POS,Recharge,PhonePe,Ahmedabad,Android,Axis,12,53.22,0,3,Domestic ,Not Fraud
471533,2536.98,Wallet,Bill Payment,Swiggy,Lucknow,Unknown,Union Bank,2,6.15,0,3,Domestic,Not Fraud
269541,540.35,NetBanking,Refund,Jio,Surat,android,Kotak,3,52.26,0,3,Domestic ,Not Fraud
150077,3042.48,Wallet,Purchase,Airtel,Bengaluru,iPhone,Union Bank,13,2.23,1,1,domestic,Not Fraud
956108,312.62,UPI,Recharge,Ajio,Delhi,Android,SBI,15,47.77,0,2,domestic,Not Fraud
610789,992.88,UPI,Recharge,Zomato,Indore,Unknown,PNB,4,48.75,0,3,domestic,Not Fraud
154190,10876.12,ATM,Transfer,Myntra,Chennai,iPhone,Canara,12,13.85,1,1,Domestic,Not Fraud
687301,2361.66,Card,Purchase,CRED,Jaipur,iPhone,HDFC,5,15.84,1,0,domestic,Not Fraud
491239,4526.28,NetBanking,Bill Payment,MakeMyTrip,Patna,Mac,ICICI,5,14.48,1,3,Domestic,Not Fraud
347932,350.29,Card,Recharge,Swiggy,Bengaluru,iPhone,PNB,11,36.24,0,1,domestic,Not Fraud
715265,241.58,Card,Transfer,Meesho,Lucknow,Mac,Kotak,11,24.73,1,0,International,Not Fraud
434385,189.48,Wallet,Purchase,Jio,Jaipur,Unknown,BOB,12,1.97,1,3,domestic,Not Fraud
855929,1065.05,Card,Recharge,Jio,Chennai,iPhone,BOB,9,23.35,0,2,International,Not Fraud
204229,2149,UPI,Cash Withdrawal,Google Pay,Lucknow,iPhone,Kotak,11,17.84,0,2,Domestic ,Not Fraud
267344,540.72,ATM,Refund,BookMyShow,Mumbai,Mac,SBI,3,13.65,1,1,International,Not Fraud
903920,546.67,POS,Purchase,Jio,Bhopal,Android,Kotak,15,2.02,1,1,domestic,Not Fraud
511894,1017.36,ATM,Recharge,Amazon India,Mumbai,android,Kotak,10,25.42,0,3,Domestic,Not Fraud
246913,919.14,Wallet,Cash Withdrawal,Google Pay,Chandigarh,Mac,HDFC,13,56.52,1,3,domestic,Not Fraud
501077,497.36,Wallet,Cash Withdrawal,BigBasket,Surat,android,PNB,9,21.55,1,2,Domestic,Fraud
283160,4340.58,Wallet,Bill Payment,Airtel,Chandigarh,Windows,Axis,12,57.27,0,2,Domestic,Not Fraud
928229,3656.96,ATM,Bill Payment,PhonePe,Indore,Mac,BOB,3,32.77,0,3,International,Not Fraud
574084,,NetBanking,Refund,Uber,Indore,Mac,SBI,1,41.76,1,1,Domestic,Not Fraud
567633,666.67,Card,Transfer,PhonePe,Lucknow,android,Kotak,12,38.49,0,3,Domestic,Not Fraud
687631,3897.62,ATM,Bill Payment,Google Pay,Chennai,Mac,BOB,2,59.74,0,1,Domestic,Not Fraud
969020,9499.97,POS,Cash Withdrawal,Uber,Jaipur,Android ,Kotak,1,31.4,0,0,International,Not Fraud
817586,1536.3,Card,Purchase,Amazon India,Chennai,Unknown,ICICI,4,44.69,0,2,Domestic ,Not Fraud
274062,14154.22,Wallet,Purchase,BookMyShow,Chennai,android,BOB,1,16.48,1,0,Domestic ,Not Fraud
932310,319.34,Card,Refund,Myntra,Chandigarh,iPhone,Axis,12,32.18,0,0,Domestic,Not Fraud
513960,1957.02,NetBanking,Refund,IRCTC,Chennai,android,Union Bank,4,30.06,0,1,Domestic ,Fraud
369008,4531.7,POS,Cash Withdrawal,Flipkart,Hyderabad,Windows,ICICI,2,34.64,0,0,Domestic,Not Fraud
536698,3234,Wallet,Bill Payment,Flipkart,Ahmedabad,Android ,HDFC,11,4.11,1,2,Domestic ,Not Fraud
140691,1049.52,NetBanking,Bill Payment,Zomato,Kochi,Android ,Union Bank,14,43.08,1,2,Domestic ,Not Fraud
202786,3776.93,UPI,Cash Withdrawal,IRCTC,Bengaluru,iPhone,ICICI,13,28.27,1,0,International,Not Fraud
570123,2023.17,Wallet,Transfer,Jio,Jaipur,Unknown,Union Bank,13,26.02,1,1,Domestic,Not Fraud
304492,1941.25,ATM,Transfer,Zomato,Chandigarh,Unknown,Union Bank,2,21.17,0,3,domestic,Not Fraud
253966,3640.44,Card,Cash Withdrawal,IRCTC,Patna,Android,Kotak,12,8.72,0,2,domestic,Not Fraud
355923,165.14,NetBanking,Bill Payment,Uber,Bhopal,iPhone,Kotak,1,55.94,0,1,Domestic ,Not Fraud
981361,2078.36,NetBanking,Refund,IRCTC,Chandigarh,android,SBI,6,37.26,0,2,Domestic ,Not Fraud
760262,4725.37,Wallet,Purchase,Flipkart,Chennai,Windows,SBI,14,26.01,1,3,Domestic,Not Fraud
977483,6407,Wallet,Transfer,Flipkart,Mumbai,Windows,HDFC,11,45.81,1,2,International,Not Fraud
782022,1532.41,Card,Cash Withdrawal,Amazon India,Indore,Mac,Axis,3,31.17,1,2,International,Not Fraud
566404,3178.8,Card,Refund,BigBasket,Hyderabad,Mac,ICICI,6,2.21,1,2,Domestic,Not Fraud
377773,2295.14,POS,Refund,Jio,Chandigarh,android,SBI,4,24.59,1,3,Domestic ,Fraud
387999,117.33,UPI,Purchase,Paytm,Bengaluru,Unknown,PNB,8,18.44,0,0,Domestic,Not Fraud
357228,4982.78,Card,Refund,Myntra,Bengaluru,Android,Canara,11,5.47,1,2,domestic,Not Fraud
310867,6138.52,POS,Cash Withdrawal,Ajio,Mumbai,Mac,HDFC,8,26.05,0,2,Domestic ,Not Fraud
332311,17565.1,ATM,Cash Withdrawal,CRED,Bhopal,iPhone,PNB,1,50.97,1,3,Domestic ,Not Fraud
366472,467.6,Card,Purchase,Paytm,Mumbai,Android ,PNB,2,39.83,1,2,domestic,Not Fraud
750102,178.25,ATM,Purchase,Airtel,Jaipur,Unknown,Union Bank,9,33.83,1,3,Domestic,Not Fraud
374397,2166.54,UPI,Recharge,Airtel,Hyderabad,iPhone,PNB,5,12.7,0,3,domestic,Not Fraud
412188,1808.14,POS,Transfer,Google Pay,Chandigarh,android,Canara,4,12.32,0,0,domestic,Not Fraud
977703,1375.76,ATM,Bill Payment,Paytm,Surat,Unknown,ICICI,8,34.89,0,0,domestic,Not Fraud
304730,,POS,Refund,Paytm,Bengaluru,Mac,SBI,7,6.65,0,0,International,Not Fraud
419950,2923.07,ATM,Refund,Zomato,Delhi,android,PNB,10,32.77,1,3,Domestic ,Not Fraud
502761,2284.42,Wallet,Recharge,Meesho,Indore,Android,PNB,12,9.41,0,2,Domestic,Not Fraud
592345,3486.46,Card,Recharge,PhonePe,Hyderabad,Windows,BOB,13,29.61,1,1,International,Not Fraud
503419,3576.01,POS,Purchase,Razorpay,Bengaluru,Unknown,ICICI,3,42.73,0,3,International,Not Fraud
879672,1102.22,Wallet,Purchase,Uber,Kolkata,Unknown,HDFC,4,31.37,1,3,Domestic,Not Fraud
953468,2127.64,Card,Refund,Flipkart,Chennai,Windows,Axis,14,14.91,0,0,Domestic,Not Fraud
428296,11786.26,POS,Refund,Uber,Bengaluru,android,Union Bank,15,56.0,0,1,International,Not Fraud
843009,995.82,Card,Cash Withdrawal,Flipkart,Chennai,android,SBI,6,2.73,0,1,Domestic,Fraud
276855,642.45,Card,Recharge,Swiggy,Hyderabad,android,Union Bank,8,23.6,1,1,Domestic ,Not Fraud
132051,615.33,NetBanking,Refund,Swiggy,Hyderabad,Windows,Union Bank,12,0.27,0,1,International,Not Fraud
560565,7385.41,UPI,Cash Withdrawal,BigBasket,Bengaluru,Windows,BOB,9,25.4,0,3,Domestic ,Not Fraud
628981,1402.89,Wallet,Bill Payment,Google Pay,Kolkata,Android ,HDFC,2,51.88,0,3,domestic,Not Fraud
457345,5781.17,POS,Recharge,Flipkart,Lucknow,Windows,ICICI,2,15.96,0,3,Domestic,Not Fraud
440891,12278.73,POS,Purchase,SBI,Bhopal,Android,Canara,10,30.06,1,3,domestic,Not Fraud
845303,449.71,POS,Transfer,PhonePe,Kolkata,iPhone,HDFC,5,26.14,1,3,International,Not Fraud
727124,694.79,Card,Bill Payment,Meesho,Kolkata,Android,Axis,3,15.93,1,1,domestic,Not Fraud
643491,1850.17,ATM,Cash Withdrawal,BigBasket,Hyderabad,iPhone,ICICI,12,24.48,0,2,domestic,Not Fraud
905257,5296.76,UPI,Recharge,Flipkart,Bengaluru,android,ICICI,8,43.97,0,1,Domestic ,Not Fraud
784438,2551.49,NetBanking,Cash Withdrawal,Jio,Chandigarh,Android,BOB,2,6.9,1,1,International,Not Fraud
545293,933.44,ATM,Refund,CRED,Chandigarh,iPhone,Canara,9,4.54,1,0,Domestic ,Not Fraud
954308,6949.67,UPI,Cash Withdrawal,BookMyShow,Bengaluru,android,SBI,12,25.18,1,3,International,Not Fraud
166176,1319.06,Wallet,Bill Payment,CRED,Chennai,Android ,BOB,5,9.56,0,2,domestic,Not Fraud
750209,4060.4,NetBanking,Bill Payment,Meesho,Kochi,Windows,Axis,14,16.8,0,1,International,Not Fraud
481430,,Card,Recharge,Swiggy,Patna,android,Kotak,7,20.61,1,2,International,Not Fraud
493288,858,Card,Transfer,BigBasket,Lucknow,Android ,Union Bank,9,59.46,0,1,Domestic,Not Fraud
313656,12727.42,Wallet,Recharge,Uber,Pune,Mac,HDFC,3,42.73,1,1,Domestic ,Not Fraud
719483,1899.48,Card,Transfer,Amazon India,Delhi,Android,ICICI,7,1.58,1,0,Domestic,Not Fraud
359491,16446.49,POS,Bill Payment,Myntra,Lucknow,Windows,HDFC,8,38.29,1,1,Domestic ,Not Fraud
589446,2796.37,Wallet,Bill Payment,Uber,Pune,Windows,Canara,11,42.74,1,1,International,Not Fraud
276118,4187.5,UPI,Cash Withdrawal,Paytm,Hyderabad,Android ,BOB,6,13.85,0,1,Domestic ,Not Fraud
460884,2969.0,UPI,Bill Payment,Paytm,Bengaluru,iPhone,HDFC,14,53.41,0,1,Domestic ,Not Fraud
119970,1678.16,Wallet,Purchase,Myntra,Lucknow,Unknown,BOB,6,14.13,0,0,Domestic ,Not Fraud
295955,1097.05,UPI,Refund,Paytm,Bengaluru,Mac,Union Bank,13,1.37,1,2,Domestic ,Not Fraud
718514, ₹559.84,Wallet,Cash Withdrawal,Myntra,Bhopal,Unknown,Axis,1,24.99,1,0,International,Not Fraud
873250,678.69,Wallet,Refund,SBI,Jaipur,Unknown,PNB,3,16.91,0,2,International,Not Fraud
147986,15731.95,Wallet,Purchase,PhonePe,Bhopal,Mac,Canara,8,52.5,0,1,Domestic,Not Fraud
298961,2611.64,ATM,Transfer,Paytm,Pune,Windows,Canara,1,3.09,1,2,International,Not Fraud
463347,2090.19,ATM,Purchase,Google Pay,Kolkata,Unknown,HDFC,15,48.83,0,3,domestic,Not Fraud
882578,1979.44,Wallet,Refund,Flipkart,Indore,Unknown,SBI,15,46.8,0,0,Domestic ,Not Fraud
620931,2985.29,ATM,Recharge,Airtel,Kochi,iPhone,ICICI,2,30.47,1,3,domestic,Not Fraud
857780,9011.57,Wallet,Cash Withdrawal,Airtel,Kochi,Android,Union Bank,4,24.13,0,3,International,Not Fraud
484746,5081.28,Wallet,Bill Payment,Ajio,Chandigarh,Android,PNB,11,10.36,1,3,Domestic ,Not Fraud
789166,,NetBanking,Purchase,SBI,Lucknow,android,Axis,14,8.17,0,3,domestic,Not Fraud
190391," ₹1,515.68",Wallet,Recharge,SBI,Bengaluru,iPhone,ICICI,7,20.5,1,3,International,Not Fraud
431192,5596.88,Card,Refund,Amazon India,Bengaluru,Android ,PNB,14,49.09,0,1,domestic,Not Fraud
473407,1165.63,ATM,Bill Payment,Flipkart,Delhi,Windows,Kotak,8,34.87,1,2,Domestic,Not Fraud
417951,1602.16,Wallet,Refund,Jio,Jaipur,android,Kotak,5,18.6,1,3,International,Not Fraud
696695,980.34,ATM,Cash Withdrawal,MakeMyTrip,Chennai,Android,Union Bank,9,9.26,1,1,Domestic ,Not Fraud
639677,4388.26,Wallet,Recharge,SBI,Chennai,Android ,Kotak,5,49.28,1,1,Domestic,Not Fraud
991385,2885.64,ATM,Recharge,Uber,,android,Union Bank,15,39.69,1,1,Domestic ,Not Fraud
350258,2180.63,ATM,Purchase,CRED,Hyderabad,Unknown,SBI,8,58.5,1,2,International,Not Fraud
695969,1364.13,UPI,Recharge,Amazon India,Delhi,iPhone,SBI,15,27.75,0,3,International,Not Fraud
379358,2118.81,Card,Refund,Paytm,Patna,Unknown,Canara,9,46.87,1,0,Domestic ,Not Fraud
426861,10188.07,ATM,Bill Payment,Zomato,Surat,Unknown,Axis,15,6.79,1,0,Domestic ,Not Fraud
315018,1418.39,Wallet,Recharge,PhonePe,Chandigarh,android,ICICI,3,1.77,0,0,Domestic ,Not Fraud
311918,1422.2,Wallet,Recharge,Uber,Pune,Mac,SBI,8,3.15,1,2,Domestic,Not Fraud
491333,1615.73,Card,Transfer,Swiggy,Jaipur,android,Union Bank,12,38.0,1,2,Domestic ,Not Fraud
478920,7350.22,POS,Cash Withdrawal,Ajio,Chandigarh,Android ,ICICI,9,4.2,0,0,International,Not Fraud
515946,5359.25,ATM,Recharge,Swiggy,Bengaluru,Android,Canara,14,43.13,0,0,domestic,Not Fraud
960501,3233.14,Wallet,Recharge,Flipkart,Indore,Android ,Canara,6,17.89,0,0,Domestic ,Not Fraud
832698,3200.97,POS,Cash Withdrawal,BookMyShow,Chennai,Mac,BOB,2,45.89,0,0,Domestic ,Not Fraud
791668,374.9,ATM,Bill Payment,Uber,Surat,Windows,BOB,4,20.8,1,2,International,Not Fraud
198261,3035.93,ATM,Purchase,IRCTC,Bhopal,Unknown,HDFC,13,20.69,1,2,domestic,Fraud
530896," ₹12,764.31",Card,Transfer,Airtel,Chennai,iPhone,Axis,11,44.15,0,3,International,Not Fraud
183724," ₹3,286.98",Wallet,Purchase,Flipkart,Delhi,iPhone,Canara,11,47.09,0,2,International,Not Fraud
574395,1531.51,Card,Cash Withdrawal,Google Pay,Bengaluru,Android ,PNB,1,13.36,0,1,International,Not Fraud
844166,2759.4,UPI,Cash Withdrawal,Swiggy,Ahmedabad,Windows,Kotak,5,16.77,1,3,International,Not Fraud
263919,1154.9,NetBanking,Recharge,Myntra,Indore,Windows,SBI,5,26.94,1,0,International,Not Fraud
275370,1747.19,POS,Transfer,BigBasket,Jaipur,iPhone,BOB,3,36.0,1,2,Domestic ,Not Fraud
406376,,wallet,Purchase,Razorpay,Delhi,iPhone,HDFC,4,57.84,0,2,International,Not Fraud
312076,473.69,POS,Refund,SBI,Indore,Windows,BOB,9,29.55,1,0,International,Not Fraud
892296,511.56,NetBanking,Transfer,MakeMyTrip,Ahmedabad,iPhone,HDFC,14,5.54,0,3,International,Not Fraud
186304,3306.78,NetBanking,Cash Withdrawal,SBI,Mumbai,Android,Canara,4,0.77,1,3,Domestic ,Not Fraud
183650,2896.7,Wallet,Recharge,SBI,Indore,Mac,Union Bank,7,55.63,0,3,Domestic ,Not Fraud
285347,5358.2,Card,Purchase,Meesho,Bengaluru,Unknown,PNB,7,49.62,0,2,International,Not Fraud
338772,1395.01,Card,Cash Withdrawal,Ajio,Chandigarh,Android ,PNB,11,34.0,1,1,International,Not Fraud
832596,2694.31,UPI,Refund,Ajio,Bengaluru,Unknown,PNB,9,42.93,0,0,International,Not Fraud
269154,9644.52,POS,Transfer,Razorpay,Indore,Mac,SBI,15,3.38,1,0,International,Not Fraud
583958,1716.85,UPI,Refund,Zomato,Patna,Unknown,Union Bank,8,6.3,1,3,Domestic ,Not Fraud
570870,1718.64,UPI,Bill Payment,CRED,Kochi,Android,Canara,10,54.16,0,3,Domestic ,Not Fraud
607711,2225.5,UPI,Refund,Swiggy,Chandigarh,android,Union Bank,7,15.95,1,3,Domestic,Fraud
644937,625.01,POS,Transfer,Airtel,Indore,iPhone,Union Bank,15,29.98,1,2,Domestic ,Not Fraud
341542,1170.24,Card,Purchase,Airtel,Bengaluru,Mac,HDFC,2,15.22,1,0,domestic,Not Fraud
834810,3499.23,UPI,Purchase,Meesho,Pune,iPhone,PNB,13,53.63,0,0,Domestic ,Not Fraud
563919,11487.43,NetBanking,Refund,PhonePe,Delhi,Windows,Union Bank,12,30.79,0,1,Domestic ,Not Fraud
489540,2106.06,ATM,Refund,Zomato,Ahmedabad,iPhone,Axis,13,33.76,0,0,Domestic ,Not Fraud
104886,2507.29,Card,Purchase,Myntra,Pune,android,ICICI,2,17.56,0,0,Domestic ,Not Fraud
771959,5402.02,NetBanking,Purchase,Ajio,Mumbai,Android,PNB,5,17.66,0,0,Domestic ,Not Fraud
127811,5539.2,Wallet,Transfer,Jio,Kochi,Android,Canara,1,34.02,0,1,Domestic ,Not Fraud
898898,513.0,ATM,Cash Withdrawal,Meesho,Bengaluru,android,BOB,11,56.61,0,2,domestic,Not Fraud
406591,5064.52,Card,Transfer,Swiggy,Hyderabad,Unknown,HDFC,8,27.63,0,0,domestic,Fraud
392284,4507.79,POS,Cash Withdrawal,Meesho,Jaipur,Android ,BOB,8,24.59,0,3,International,Not Fraud
650009,3698.49,NetBanking,Refund,BigBasket,Kochi,Mac,PNB,10,59.04,0,1,domestic,Not Fraud
381867,1370.71,Card,Purchase,BigBasket,Kochi,Android,Kotak,11,21.79,1,1,Domestic ,Not Fraud
886349,954.56,ATM,Bill Payment,Jio,Delhi,Android ,ICICI,13,13.28,1,1,domestic,Not Fraud
724604,472.36,ATM,Bill Payment,PhonePe,Kochi,iPhone,SBI,2,13.18,0,1,Domestic,Not Fraud
603127,15716.1,NetBanking,Recharge,CRED,Kolkata,iPhone,PNB,14,19.78,1,2,domestic,Not Fraud
586715,6534.25,Wallet,Transfer,BigBasket,Chandigarh,iPhone,Canara,10,17.54,1,0,Domestic,Not Fraud
672115,5146.56,Card,Cash Withdrawal,Myntra,Kochi,Unknown,Canara,14,32.12,0,3,International,Not Fraud
525336,1143.38,UPI,Transfer,BigBasket,Lucknow,android,Canara,13,6.22,0,0,Domestic,Not Fraud
945118,5431.98,UPI,Purchase,Ajio,Pune,Mac,ICICI,9,0.49,0,2,Domestic ,Not Fraud
999802,5885.81,Wallet,Cash Withdrawal,Myntra,Lucknow,Mac,Canara,3,34.73,1,3,International,Not Fraud
896951,497.0,ATM,Refund,Paytm,Chennai,android,BOB,10,24.1,0,2,International,Not Fraud
994638,740.93,NetBanking,Recharge,CRED,Delhi,Windows,ICICI,2,18.02,0,3,domestic,Not Fraud
923336,3418.24,POS,Cash Withdrawal,Airtel,Kolkata,Android,Canara,4,26.48,0,3,domestic,Not Fraud
377013,4259.59,Wallet,Bill Payment,MakeMyTrip,Mumbai,Windows,Union Bank,12,19.35,1,1,Domestic,Not Fraud
536316,1034.4,NetBanking,Cash Withdrawal,Swiggy,Hyderabad,iPhone,Kotak,14,56.47,1,1,International,Not Fraud
602906,849.09,POS,Purchase,Uber,Kolkata,Android,HDFC,3,37.51,1,3,Domestic,Not Fraud
983081,5482.49,Card,Recharge,IRCTC,Hyderabad,iPhone,Axis,10,42.3,1,1,Domestic,Not Fraud
538199,2699.7,ATM,Refund,Flipkart,Hyderabad,Windows,Kotak,13,12.61,0,2,Domestic,Not Fraud
574562,6204.97,Wallet,Bill Payment,BigBasket,Kochi,Windows,Canara,13,51.44,0,2,Domestic,Not Fraud
279713,4479.71,Wallet,Cash Withdrawal,MakeMyTrip,Hyderabad,Unknown,ICICI,2,47.05,1,3,Domestic,Not Fraud
530708,3043.98,ATM,Transfer,Google Pay,Jaipur,iPhone,Axis,13,52.9,0,2,International,Not Fraud
879250,1138.61,Wallet,Purchase,MakeMyTrip,Bhopal,Android,HDFC,10,36.89,1,0,International,Not Fraud
755243,4460.91,ATM,Cash Withdrawal,MakeMyTrip,Kolkata,Mac,PNB,4,34.26,0,2,Domestic,Not Fraud
275103,287.96,POS,Recharge,Swiggy,Bengaluru,Unknown,Kotak,1,25.49,0,2,International,Not Fraud
687338,2106.82,ATM,Refund,Google Pay,Kolkata,Android ,Kotak,10,20.85,0,1,International,Not Fraud
403434,1353.63,ATM,Refund,Jio,Mumbai,Android,ICICI,8,36.03,0,3,domestic,Not Fraud
598305,2053.49,POS,Refund,Zomato,Mumbai,Unknown,Kotak,3,37.17,0,0,Domestic,Not Fraud
902769,656.57,Card,Refund,SBI,Pune,Android,Union Bank,6,42.32,0,0,domestic,Not Fraud
295684,2624.76,POS,Recharge,,Kolkata,Windows,Axis,3,11.26,0,2,domestic,Not Fraud
228009,400.6,ATM,Transfer,PhonePe,Chennai,Android ,PNB,5,4.59,0,2,Domestic ,Not Fraud
384923,1647.39,Card,Transfer,Razorpay,Kolkata,Mac,Axis,1,38.92,1,2,domestic,Not Fraud
720963,2141.54,Card,Transfer,Google Pay,Indore,Unknown,Union Bank,8,31.29,1,2,domestic,Not Fraud
268374,290.14,ATM,Purchase,Flipkart,Kolkata,Android ,Kotak,11,20.17,1,1,International,Not Fraud
420353,2485.0,ATM,Transfer,Swiggy,Jaipur,android,PNB,15,6.56,0,2,Domestic ,Not Fraud
433694,307.55,UPI,Recharge,PhonePe,Lucknow,Android ,Canara,7,26.53,1,0,International,Not Fraud
875717,2088.09,Wallet,Transfer,Ajio,Mumbai,Unknown,Kotak,8,51.53,1,0,Domestic ,Not Fraud
607333,20552.87,Wallet,Bill Payment,SBI,Patna,Mac,BOB,11,36.41,1,0,Domestic ,Not Fraud
793935,3332.23,UPI,Cash Withdrawal,Paytm,Indore,android,PNB,2,22.02,0,2,Domestic,No
187005,2668.25,Wallet,Recharge,Razorpay,Chennai,Unknown,BOB,1,46.25,0,0,Domestic ,Not Fraud
380434,1075.64,ATM,Purchase,IRCTC,Delhi,Mac,Union Bank,7,18.93,1,2,Domestic,Not Fraud
432276,1798.38,ATM,Transfer,Zomato,Jaipur,Windows,Union Bank,11,13.24,0,1,Domestic,Not Fraud
296322,,ATM,Transfer,PhonePe,Mumbai,Windows,Kotak,11,20.85,1,0,International,Not Fraud
326837,1197.57,NetBanking,Cash Withdrawal,Airtel,Patna,Android,PNB,15,58.06,0,3,Domestic,Not Fraud
840796,1374.41,UPI,Transfer,PhonePe,Ahmedabad,iPhone,PNB,2,37.28,0,2,domestic,Not Fraud
592288,6747.91,Wallet,Cash Withdrawal,Zomato,Surat,Mac,Axis,12,44.56,0,0,Domestic,Not Fraud
838396,3947,ATM,Transfer,BookMyShow,Patna,Windows,BOB,6,52.46,0,3,Domestic ,Not Fraud
230607,906.63,POS,Bill Payment,Paytm,Lucknow,Mac,HDFC,15,34.12,1,1,domestic,Not Fraud
383309,750.27,Card,Refund,BookMyShow,Kolkata,Mac,SBI,10,12.55,0,0,Domestic,Fraud
751507," ₹1,839.95",ATM,Refund,Zomato,Jaipur,android,Axis,15,39.19,0,1,Domestic,Not Fraud
450342,771.3,Wallet,Purchase,Airtel,Bhopal,Mac,BOB,3,46.34,1,3,International,Not Fraud
285289,720.34,NetBanking,Bill Payment,Google Pay,Pune,Mac,SBI,10,59.35,1,1,International,Not Fraud
465721,1063.42,POS,Bill Payment,PhonePe,Delhi,Windows,Union Bank,15,30.66,1,0,Domestic,Not Fraud
269219,2984.48,Card,Refund,MakeMyTrip,Delhi,iPhone,BOB,6,33.62,1,0,domestic,Fraud
714953,5948.58,POS,Recharge,BookMyShow,Bhopal,Unknown,Canara,14,40.06,0,3,International,Not Fraud
572034,1450.46,Card,Cash Withdrawal,Razorpay,Mumbai,Unknown,Kotak,13,12.3,1,1,domestic,Not Fraud
876965,947.27,UPI,Purchase,SBI,Lucknow,android,ICICI,10,19.82,1,1,Domestic,Not Fraud
546946," ₹12,282.89",Wallet,Bill Payment,CRED,Chennai,Windows,Union Bank,12,17.17,0,0,domestic,Not Fraud
897519,937.38,Wallet,Transfer,Jio,Ahmedabad,Unknown,SBI,3,51.39,0,1,International,Not Fraud
303794,12399.11,ATM,Refund,Swiggy,Chennai,iPhone,BOB,11,9.12,1,0,International,Not Fraud
534251,2702.08,POS,Transfer,SBI,Chandigarh,Android ,Union Bank,3,50.41,0,1,Domestic ,Not Fraud
358564,2714.36,Wallet,Refund,Google Pay,Chennai,Windows,Kotak,12,18.44,1,1,International,Not Fraud
446926,2657.26,Card,Transfer,CRED,Chandigarh,Unknown,BOB,8,18.81,1,2,International,Not Fraud
511606,1898.18,Card,Purchase,PhonePe,Mumbai,Mac,PNB,15,4.44,0,2,Domestic,Not Fraud
232495,2290.79,ATM,Transfer,IRCTC,Kochi,Android,ICICI,4,46.97,0,0,International,Not Fraud
827210,4634.27,NetBanking,Transfer,Meesho,Indore,iPhone,ICICI,11,42.2,0,3,Domestic,Not Fraud
131875,5647.43,POS,Refund,Swiggy,Lucknow,android,Union Bank,4,21.52,0,0,Domestic ,Not Fraud
230543,1545.47,ATM,Refund,CRED,Bhopal,Android ,ICICI,5,9.74,1,3,Domestic ,Not Fraud
867673,3662.82,ATM,Bill Payment,MakeMyTrip,Delhi,iPhone,Canara,7,47.26,1,1,domestic,Fraud
881114,3813.14,Card,Cash Withdrawal,IRCTC,Lucknow,android,Union Bank,6,39.1,1,2,International,Not Fraud
269541,4746.88,ATM,Transfer,Uber,Indore,Unknown,SBI,4,9.57,1,2,Domestic,Fraud
762481,1589.7,POS,Purchase,IRCTC,Lucknow,Android ,BOB,12,14.93,0,2,Domestic,Not Fraud
470569,3065.5,ATM,Transfer,BigBasket,Patna,Android,Canara,9,18.41,0,1,International,Not Fraud
776362,4291.12,Wallet,Purchase,Uber,Lucknow,iPhone,HDFC,3,51.97,0,2,International,Not Fraud
249988,756.58,UPI,Cash Withdrawal,Razorpay,Lucknow,android,Union Bank,14,17.11,1,1,International,Not Fraud
140440,3885.41,UPI,Purchase,PhonePe,Patna,Android,PNB,1,24.73,0,0,Domestic ,Not Fraud
382213,6488.16,ATM,Purchase,Jio,Lucknow,Android ,SBI,8,56.99,0,1,domestic,Not Fraud
741222,4378.25,Card,Purchase,CRED,Indore,Android ,BOB,12,15.19,1,1,International,Not Fraud
414799,4642.3,Card,Transfer,Amazon India,Chandigarh,Windows,ICICI,8,1.04,1,3,domestic,Not Fraud
621136,13523.58,Wallet,Cash Withdrawal,Ajio,Hyderabad,Android,Union Bank,5,7.82,0,2,Domestic ,Not Fraud
213618,2433,Card,Cash Withdrawal,Flipkart,Mumbai,iPhone,Kotak,5,52.99,0,2,International,Yes
716743,1077.72,Card,Transfer,Myntra,Chennai,Android ,BOB,7,1.7,1,1,International,Not Fraud
801164,9348.73,Card,Transfer,Airtel,Chandigarh,iPhone,Axis,3,46.49,0,3,domestic,Not Fraud
125861,1631.83,Wallet,Refund,Jio,Delhi,Mac,Axis,1,16.05,0,2,Domestic ,Not Fraud
603295,659.08,Wallet,Purchase,Uber,Pune,Android,BOB,14,46.49,1,0,Domestic,Not Fraud
644747,1450.0,Wallet,Purchase,BookMyShow,Delhi,iPhone,Axis,15,3.53,0,2,Domestic,Not Fraud
493695,3507.68,Card,Transfer,Razorpay,Indore,Android,Union Bank,15,6.11,1,3,domestic,Not Fraud
659161,670.24,NetBanking,Purchase,Swiggy,Mumbai,Mac,PNB,13,59.15,0,2,domestic,Not Fraud
659323,1272.11,POS,Bill Payment,Flipkart,Jaipur,Android,ICICI,9,59.59,0,2,International,Not Fraud
689135,580.1,POS,Purchase,Flipkart,Bhopal,Unknown,Axis,8,3.21,0,3,Domestic,Not Fraud
229114,3048.22,Card,Bill Payment,Airtel,Lucknow,Mac,SBI,9,26.95,1,0,Domestic ,Not Fraud
170596,972.34,UPI,Purchase,Uber,Delhi,Android ,Kotak,13,5.73,1,1,domestic,Not Fraud
645749,1184.46,UPI,Bill Payment,Ajio,delhi,iPhone,HDFC,5,55.78,1,2,International,Not Fraud
111781,776.09,Card,Transfer,Airtel,Chandigarh,android,Kotak,5,30.68,1,2,domestic,Not Fraud
168170,3531.55,POS,Bill Payment,Zomato,Mumbai,Android ,BOB,6,44.91,0,2,Domestic,Not Fraud
340520,1586.99,Card,Transfer,Jio,Jaipur,Windows,PNB,13,4.76,1,2,International,Not Fraud
791857,3435.53,UPI,Bill Payment,Uber,Indore,Windows,ICICI,8,43.26,1,2,domestic,Not Fraud
514920,6726.88,ATM,Refund,BigBasket,Bhopal,Android,BOB,7,18.96,1,3,Domestic,Not Fraud
309920,2092.55,NetBanking,Refund,BigBasket,Mumbai,Unknown,BOB,7,42.67,0,0,Domestic,Not Fraud
303704,568.29,Wallet,Bill Payment,Jio,Chandigarh,Windows,Union Bank,10,25.07,1,0,domestic,YES
236350,1219.53,ATM,Transfer,Uber,Lucknow,iPhone,BOB,9,30.2,1,3,Domestic,Not Fraud
294557,1952.19,UPI,Refund,Amazon India,Mumbai,Unknown,BOB,12,25.98,1,1,International,Not Fraud
425871," ₹5,249.36",POS,Recharge,Flipkart,Indore,Mac,Kotak,8,36.3,1,2,domestic,Not Fraud
344597,6294.0,POS,Purchase,Jio,Kolkata,Android ,HDFC,11,6.27,1,1,domestic,Not Fraud
743286,16941.2,POS,Transfer,CRED,Ahmedabad,Unknown,ICICI,15,13.22,0,2,Domestic ,Not Fraud
177967,5237.79,UPI,Transfer,Swiggy,Kochi,Unknown,HDFC,5,31.14,1,0,Domestic,Not Fraud
819254,1509.27,ATM,Cash Withdrawal,Razorpay,Kochi,Unknown,BOB,3,22.97,0,2,domestic,Not Fraud
828851,1177.07,Card,Refund,Jio,Kochi,Unknown,Union Bank,11,27.96,1,1,International,Not Fraud
738050,672.63,POS,Recharge,Swiggy,Delhi,Unknown,Union Bank,11,14.11,1,3,International,Not Fraud
398084,470.1,Card,Refund,Paytm,Kochi,Android ,PNB,4,13.33,1,3,International,Not Fraud
379425,5822.94,ATM,Recharge,BigBasket,Indore,Android,SBI,5,17.69,0,1,domestic,Not Fraud
366687,6408.41,UPI,Bill Payment,Zomato,Bhopal,Mac,BOB,3,44.92,1,0,Domestic ,Not Fraud
524589,5900.96,UPI,Cash Withdrawal,Swiggy,Kochi,android,ICICI,13,26.69,0,2,Domestic ,Fraud
663820,5111.34,Wallet,Cash Withdrawal,Swiggy,Lucknow,Mac,BOB,2,55.53,1,3,domestic,Not Fraud
124989,3895.96,Card,Cash Withdrawal,PhonePe,Kochi,Mac,Axis,10,4.49,1,3,domestic,Not Fraud
487935, ₹571.76,Card,Purchase,Uber,Surat,Mac,Union Bank,11,37.95,1,3,domestic,Not Fraud
150078,1546.26,NetBanking,Refund,Jio,Bengaluru,Windows,HDFC,9,3.71,1,0,International,Not Fraud
813079,2710.51,Card,Purchase,IRCTC,Hyderabad,Android,ICICI,11,0.24,1,3,Domestic ,YES
438651,,Wallet,Purchase,Jio,Ahmedabad,Android ,ICICI,2,24.98,0,2,Domestic,Not Fraud
308545,613.9,ATM,Bill Payment,Airtel,Ahmedabad,android,PNB,10,24.26,1,3,International,Not Fraud
861876,3549.3,NetBanking,Purchase,Flipkart,Kochi,android,ICICI,14,55.95,1,3,Domestic,Not Fraud
127269,5737.92,Card,Recharge,MakeMyTrip,Kolkata,Windows,Kotak,2,22.74,1,3,Domestic,Not Fraud
327783,662.99,POS,Refund,Uber,Mumbai,Android ,Axis,2,5.44,0,1,Domestic,Not Fraud
602792,56067.11,Card,Refund,Myntra,Bengaluru,Android,Union Bank,14,23.47,0,2,domestic,Not Fraud
507724,3181.2,POS,Cash Withdrawal,Swiggy,Bhopal,android,Union Bank,10,49.66,1,1,Domestic ,Not Fraud
851069,1095.22,Card,Cash Withdrawal,IRCTC,Chandigarh,iPhone,Canara,9,45.89,0,1,Domestic,Not Fraud
322553,1756.43,NetBanking,Recharge,Airtel,Bengaluru,Unknown,BOB,13,42.16,0,2,domestic,Not Fraud
966523,5022.37,POS,Transfer,Airtel,Delhi,iPhone,Axis,14,18.28,0,1,Domestic ,Fraud
560528,1655.65,UPI,Transfer,Google Pay,Chennai,android,HDFC,12,42.35,0,3,Domestic ,Not Fraud
474654,13557.52,Wallet,Recharge,Razorpay,Kochi,Unknown,Kotak,10,41.63,1,2,Domestic ,Not Fraud
782313,3200.86,UPI,Bill Payment,Amazon India,Bengaluru,android,BOB,10,13.31,0,0,International,Not Fraud
675349,988.61,POS,Purchase,Airtel,Bengaluru,Android ,Axis,6,29.12,1,2,domestic,Not Fraud
123960,1765.32,UPI,Refund,BigBasket,Chandigarh,android,ICICI,11,19.13,1,2,International,Not Fraud
232568,5794.65,ATM,Refund,CRED,Chandigarh,Unknown,Axis,1,48.14,0,1,Domestic ,Not Fraud
718075,20255.88,UPI,Bill Payment,Razorpay,Delhi,Windows,Canara,15,36.63,0,1,International,Not Fraud
495377,2662.58,POS,Transfer,Jio,Chandigarh,Unknown,Kotak,10,23.01,0,0,Domestic ,Not Fraud
132514,1195.15,Wallet,Refund,IRCTC,Patna,Unknown,Canara,15,4.43,1,1,International,Not Fraud
675789,2816.95,UPI,Bill Payment,Airtel,Kolkata,Mac,ICICI,3,7.73,0,0,Domestic,Not Fraud
357969,3571.55,POS,Bill Payment,BookMyShow,Ahmedabad,Mac,ICICI,15,56.56,0,1,domestic,Not Fraud
934968,1966.08,POS,Cash Withdrawal,Jio,Surat,iPhone,HDFC,11,50.61,0,2,domestic,Not Fraud
874947,4261.9,POS,Cash Withdrawal,Zomato,Pune,Unknown,SBI,5,31.82,1,0,Domestic,Not Fraud
939215,4681.28,Card,Bill Payment,BigBasket,Kolkata,Android ,Kotak,7,26.37,0,0,International,Not Fraud
719637,2186.16,Wallet,Transfer,IRCTC,Hyderabad,Android,Union Bank,1,4.86,1,2,Domestic ,Not Fraud
570877,1041.79,POS,Refund,Myntra,Bhopal,Unknown,Canara,13,17.57,0,2,Domestic,Not Fraud
371882,9371.96,Card,Cash Withdrawal,BookMyShow,Indore,Mac,BOB,13,31.95,1,1,International,Not Fraud
931877,902.29,ATM,Recharge,MakeMyTrip,Chennai,Windows,Canara,11,43.87,1,3,Domestic,Fraud
829285,1496.68,NetBanking,Recharge,PhonePe,Delhi,Windows,Canara,1,23.16,0,2,International,Not Fraud
561171,1292.78,Wallet,Cash Withdrawal,Paytm,Patna,Windows,HDFC,13,31.99,1,0,Domestic ,Not Fraud
929717,2025.63,Card,Transfer,CRED,Patna,Android,Canara,2,38.75,0,1,Domestic,Not Fraud
993494,6600.07,ATM,Purchase,Jio,Kolkata,android,Axis,3,52.88,1,2,Domestic,Fraud
701944,,UPI,Cash Withdrawal,PhonePe,Bengaluru,Android ,SBI,11,54.91,0,0,Domestic,Not Fraud
421221,5778.45,POS,Bill Payment,Google Pay,Chandigarh,Android,HDFC,14,31.57,0,2,Domestic ,Not Fraud
242028,18118.91,NetBanking,Purchase,Myntra,Kochi,iPhone,PNB,4,25.49,0,3,International,Not Fraud
410650,1364.08,Card,Transfer,Airtel,Hyderabad,Android,SBI,13,52.25,0,0,domestic,Not Fraud
181801,2369.25,Card,Cash Withdrawal,IRCTC,Jaipur,Windows,PNB,6,34.89,0,3,domestic,Not Fraud
444186,3085.38,NetBanking,Recharge,Swiggy,Chennai,Android,Canara,1,44.88,0,3,Domestic,Not Fraud
283314,4491.32,UPI,Transfer,PhonePe,Indore,Windows,HDFC,1,8.93,1,3,domestic,Not Fraud
791978,8851.67,ATM,Transfer,Razorpay,Patna,iPhone,ICICI,11,10.25,1,1,Domestic,Not Fraud
840801,686.45,ATM,Purchase,Jio,Ahmedabad,android,ICICI,5,56.32,1,2,Domestic,Not Fraud
579841,641.2,POS,Cash Withdrawal,Amazon India,Jaipur,Mac,Union Bank,1,3.38,1,1,Domestic ,Not Fraud
932247,6731.52,POS,Cash Withdrawal,BigBasket,Lucknow,Mac,Union Bank,3,21.08,0,2,Domestic ,Not Fraud
198449,3717.54,UPI,Cash Withdrawal,BigBasket,Hyderabad,Unknown,Canara,15,11.52,0,2,domestic,Not Fraud
487144,4141.72,Card,Recharge,SBI,Hyderabad,Unknown,Union Bank,2,48.34,1,0,Domestic ,Not Fraud
225404,2057.1,ATM,Purchase,Airtel,Hyderabad,Windows,BOB,1,16.64,0,1,Domestic,Not Fraud
718814,2177.84,UPI,Refund,Razorpay,Delhi,Windows,Axis,1,52.38,1,0,Domestic ,Fraud
759506,1411.48,Card,Transfer,PhonePe,Bhopal,Android,PNB,14,23.12,0,0,International,Not Fraud
176427,641.26,UPI,Recharge,BookMyShow,Kochi,Mac,HDFC,11,21.14,0,3,domestic,Not Fraud
664101,2684.68,Card,Purchase,PhonePe,Bhopal,Mac,Kotak,6,32.81,1,0,Domestic ,Not Fraud
188729,927.89,ATM,Transfer,PhonePe,Lucknow,android,BOB,5,35.6,0,3,domestic,Not Fraud
902548,3049.21,NetBanking,Recharge,Myntra,Delhi,Android ,Union Bank,8,13.18,0,3,domestic,Not Fraud
207191,1150.3,UPI,Recharge,Flipkart,Jaipur,android,Kotak,10,10.45,1,1,domestic,Not Fraud
448385,9043.56,POS,Refund,Amazon India,Surat,iPhone,Axis,9,19.58,0,1,Domestic ,Not Fraud
180148,1368.46,POS,Transfer,Google Pay,Surat,Android,Union Bank,2,45.34,1,0,International,Not Fraud
978217,605.91,POS,Cash Withdrawal,Amazon India,Ahmedabad,Android,Kotak,11,45.88,0,3,Domestic,Not Fraud
989157,3060.38,Card,Refund,MakeMyTrip,Bhopal,Unknown,ICICI,14,47.41,0,2,domestic,Not Fraud
845677,1078.43,NetBanking,Transfer,BookMyShow,Chennai,Android,ICICI,10,52.45,1,0,Domestic,Not Fraud
719554,22586.17,NetBanking,Recharge,Ajio,Jaipur,iPhone,Union Bank,10,14.64,1,1,Domestic ,Not Fraud
826737,1800.87,ATM,Transfer,IRCTC,Chandigarh,iPhone,SBI,5,31.42,1,2,domestic,No
222887,1395.92,ATM,Bill Payment,Flipkart,Pune,Android ,SBI,10,54.06,0,3,International,Not Fraud
759300,1037.37,ATM,Refund,Swiggy,Kolkata,Windows,BOB,13,14.81,0,0,Domestic,Not Fraud
903597,429.53,Wallet,Cash Withdrawal,Google Pay,Kochi,Android,ICICI,8,18.94,0,1,Domestic,Not Fraud
331102,2357.98,Card,Refund,PhonePe,Kochi,Android ,ICICI,5,14.47,0,2,domestic,Not Fraud
720419,1302.16,POS,Refund,Uber,Indore,android,Axis,12,20.66,1,0,Domestic,Not Fraud
676044,552.14,NetBanking,Cash Withdrawal,BigBasket,Surat,Unknown,Kotak,8,29.49,1,3,domestic,Not Fraud
582905,6074.74,ATM,Bill Payment,PhonePe,Jaipur,android,Union Bank,8,14.85,1,2,Domestic,Not Fraud
921526,1689.41,ATM,Purchase,Google Pay,Jaipur,iPhone,Canara,9,41.44,1,2,International,Not Fraud
590889,4434.77,UPI,Recharge,Jio,Ahmedabad,Mac,Axis,7,44.01,1,0,Domestic,Not Fraud
519167,4382.58,Wallet,Cash Withdrawal,Airtel,Ahmedabad,Android,BOB,4,49.1,1,2,Domestic ,Not Fraud
438678,766.18,ATM,Purchase,CRED,Kolkata,Android,SBI,3,45.59,1,0,domestic,Not Fraud
339571,2541.91,Wallet,Bill Payment,Zomato,Jaipur,Android,Canara,2,58.63,0,0,International,Not Fraud
950273,1964.53,POS,Purchase,MakeMyTrip,Bhopal,Windows,ICICI,12,5.51,1,2,International,Not Fraud
819454,3816.44,NetBanking,Purchase,Ajio,Lucknow,Windows,Axis,13,50.25,0,0,domestic,Not Fraud
332325,1301.89,ATM,Cash Withdrawal,BigBasket,Delhi,Unknown,Axis,3,24.73,0,0,Domestic ,Not Fraud
542992,3851.1,POS,Purchase,Uber,Lucknow,Android ,PNB,1,15.18,1,2,Domestic ,Not Fraud
175259,1282.58,Wallet,Purchase,Swiggy,Jaipur,Windows,Axis,2,40.48,1,2,Domestic ,Not Fraud
602725,9858,ATM,Transfer,Flipkart,Lucknow,Mac,PNB,8,57.52,0,2,Domestic ,Not Fraud
126078,746.52,Card,Transfer,CRED,Mumbai,android,HDFC,13,6.4,1,1,Domestic ,Not Fraud
258905,1996.2,Card,Refund,BigBasket,Ahmedabad,Windows,Axis,6,57.52,1,1,International,Not Fraud
819572,5302.04,ATM,Recharge,IRCTC,Bhopal,android,Canara,14,8.84,0,1,International,Not Fraud
199485,5493.97,ATM,Purchase,Myntra,Delhi,Unknown,SBI,5,14.86,1,0,Domestic ,Not Fraud
922040,857.88,Card,Cash Withdrawal,Swiggy,Delhi,Android ,PNB,1,19.55,1,3,International,Not Fraud
233064,2283.39,UPI,Transfer,MakeMyTrip,Bengaluru,Mac,PNB,6,46.59,0,1,Domestic,Not Fraud
449375,4415.65,NetBanking,Recharge,PhonePe,Chennai,Windows,PNB,13,48.06,0,1,domestic,Not Fraud
636628,191,Wallet,Transfer,Uber,Hyderabad,android,Union Bank,11,22.93,1,2,Domestic,Not Fraud
985837,595.61,ATM,Refund,Jio,Chandigarh,iPhone,Union Bank,13,27.99,0,3,Domestic,Not Fraud
891928,938.43,UPI,Transfer,Myntra,Chandigarh,iPhone,ICICI,2,44.28,0,2,domestic,Not Fraud
949176,1126.37,POS,Recharge,PhonePe,Chandigarh,iPhone,Kotak,3,4.8,0,1,International,Not Fraud
328463,2083.41,NetBanking,Transfer,Meesho,Kochi,Unknown,Union Bank,8,47.89,1,3,domestic,Not Fraud
309043,2723.68,POS,Transfer,Myntra,Mumbai,iPhone,SBI,3,45.96,0,0,domestic,Not Fraud
593605,1046.97,UPI,Refund,IRCTC,Hyderabad,Android,ICICI,15,30.51,1,3,International,Not Fraud
939627,1736.92,POS,Recharge,IRCTC,Chennai,iPhone,SBI,7,20.98,0,3,Domestic,Not Fraud
933676,1457.81,POS,Bill Payment,Jio,Jaipur,Android ,Union Bank,1,0.9,1,1,Domestic ,Not Fraud
534757,1254.16,Card,Transfer,Jio,Bengaluru,Mac,Axis,9,50.84,0,2,domestic,Fraud
335648,10107.86,POS,Refund,Swiggy,Bhopal,Mac,ICICI,13,43.7,1,1,domestic,Not Fraud
361421,4904.58,UPI,Refund,BigBasket,Chandigarh,Unknown,HDFC,14,29.26,0,0,domestic,Not Fraud
502461,726.43,POS,Bill Payment,Meesho,Delhi,Mac,Axis,7,19.28,0,0,International,Not Fraud
767607,2072.89,POS,Purchase,SBI,Ahmedabad,iPhone,Axis,13,35.11,1,2,Domestic ,Not Fraud
138483,1139.16,Wallet,Recharge,Swiggy,Kochi,Mac,Axis,11,29.31,1,2,Domestic ,Not Fraud
338206,11351.97,POS,Cash Withdrawal,Flipkart,Indore,Windows,PNB,7,8.89,0,1,International,Not Fraud
637164,4466.53,POS,Bill Payment,MakeMyTrip,Pune,iPhone,HDFC,10,31.16,1,2,Domestic ,Not Fraud
336191,1178.99,Card,Recharge,Google Pay,Ahmedabad,Mac,HDFC,4,36.1,1,0,Domestic,Not Fraud
337262,3415.27,Wallet,Purchase,Myntra,Bengaluru,Windows,SBI,11,8.79,1,0,Domestic ,Fraud
705072,1276.01,UPI,Cash Withdrawal,Uber,Hyderabad,Android,BOB,15,36.77,1,0,Domestic ,Not Fraud
447955,690.73,Card,Purchase,Jio,Kolkata,Android ,SBI,9,29.36,0,1,domestic,Not Fraud
553925,4529.71,Card,Recharge,Paytm,Chandigarh,Android,Kotak,8,32.86,0,0,Domestic,Not Fraud
316477,15061.65,UPI,Purchase,Meesho,Mumbai,Android ,Kotak,7,22.53,1,0,Domestic ,Not Fraud
908856,787.09,POS,Transfer,Google Pay,Lucknow,iPhone,Union Bank,9,57.4,1,2,International,Not Fraud
139347,5952.2,UPI,Recharge,BigBasket,Mumbai,Android,ICICI,6,36.06,0,2,Domestic,Not Fraud
207000,1639.98,Card,Purchase,Amazon India,Jaipur,Windows,Canara,3,4.74,0,2,International,Not Fraud
889675,4430.91,Wallet,Cash Withdrawal,Ajio,Chennai,android,Kotak,12,36.27,0,3,Domestic,Not Fraud
972976,8704.84,ATM,Recharge,Meesho,Kolkata,iPhone,HDFC,11,0.32,1,2,International,Yes
904024,4652.44,UPI,Recharge,Flipkart,Kolkata,android,Union Bank,7,30.34,1,0,domestic,Not Fraud
457145,4841.17,POS,Recharge,Meesho,Chandigarh,Unknown,PNB,2,48.33,0,1,International,Not Fraud
577960,1576.74,UPI,Transfer,Zomato,Pune,android,Kotak,6,12.8,0,3,domestic,Not Fraud
791159,,Card,Bill Payment,Amazon India,Lucknow,iPhone,Union Bank,11,57.04,1,2,domestic,Not Fraud
643061,15662.61,UPI,Refund,PhonePe,Patna,Android,Axis,7,11.4,1,2,Domestic,Not Fraud
940853," ₹2,880.05",NetBanking,Bill Payment,Flipkart,Mumbai,Windows,HDFC,3,33.23,1,0,domestic,Not Fraud
165310,761.26,ATM,Cash Withdrawal,Flipkart,Indore,Windows,SBI,12,41.7,0,0,domestic,Fraud
464942,4100.91,NetBanking,Purchase,Jio,Surat,iPhone,PNB,7,46.96,1,3,Domestic ,Not Fraud
939921,3004.71,ATM,Purchase,Meesho,Bhopal,Windows,Kotak,2,37.0,0,3,Domestic ,Not Fraud
195760,378.44,Card,Bill Payment,IRCTC,Lucknow,Android,Canara,10,41.91,1,0,Domestic ,Not Fraud
833839,398.44,POS,Cash Withdrawal,Swiggy,Kolkata,Unknown,HDFC,5,53.45,0,0,Domestic,Not Fraud
231886,2682.21,ATM,Cash Withdrawal,BigBasket,Hyderabad,Android,ICICI,7,28.47,1,1,domestic,Not Fraud
946339,4771.94,NetBanking,Refund,Uber,Bengaluru,Windows,Kotak,3,32.7,0,3,International,Not Fraud
777073,1334.41,UPI,Refund,Jio,Indore,Windows,Kotak,15,54.18,0,0,Domestic,Not Fraud
856535,7900.49,UPI,Recharge,Meesho,Jaipur,Android ,BOB,8,48.55,1,3,International,Not Fraud
117015, ₹576.70,ATM,Cash Withdrawal,Swiggy,Bhopal,Unknown,ICICI,8,10.53,1,0,domestic,Not Fraud
579524,3962.04,Wallet,Cash Withdrawal,BookMyShow,Bengaluru,android,SBI,15,56.94,0,0,Domestic ,Not Fraud
666557,890.66,Card,Transfer,Amazon India,Mumbai,Windows,Canara,15,15.73,1,1,domestic,Not Fraud
861971,2588.96,POS,Bill Payment,Zomato,Pune,android,Kotak,7,22.59,1,1,domestic,Not Fraud
520618," ₹8,088.48",Card,Refund,Amazon India,Chennai,android,ICICI,12,20.35,0,1,domestic,Not Fraud
727942,8134.39,UPI,Transfer,BigBasket,Chandigarh,Mac,Canara,3,50.83,1,3,domestic,Not Fraud
337052,3751.31,Wallet,Bill Payment,Razorpay,Chennai,iPhone,PNB,4,46.96,1,2,International,Not Fraud
713136,,NetBanking,Purchase,MakeMyTrip,Pune,Android,HDFC,6,8.19,0,2,Domestic ,Not Fraud
282051,1507.78,Card,Bill Payment,IRCTC,Bhopal,android,HDFC,11,34.85,0,3,International,YES
356500,773.52,Wallet,Recharge,Myntra,Indore,Mac,SBI,5,56.06,1,3,Domestic ,Not Fraud
147410,1873.62,NetBanking,Purchase,MakeMyTrip,Pune,Windows,Canara,14,6.21,1,2,Domestic ,Not Fraud
774046,3091.66,ATM,Transfer,Amazon India,Ahmedabad,Android ,Canara,6,23.94,1,1,International,Fraud
469809,26523.8,POS,Bill Payment,Amazon India,Hyderabad,iPhone,HDFC,7,42.32,0,3,International,Not Fraud
550961,20090.42,POS,Transfer,PhonePe,Delhi,Unknown,Canara,3,37.73,1,1,International,Not Fraud
294443,1140.35,ATM,Purchase,MakeMyTrip,Hyderabad,iPhone,Canara,6,57.16,1,3,International,Fraud
841966,745.84,POS,Refund,IRCTC,Patna,android,HDFC,14,50.01,0,0,Domestic ,Not Fraud
153773,5188.73,Wallet,Bill Payment,Zomato,Lucknow,Mac,PNB,11,31.05,1,0,International,Not Fraud
140519," ₹4,949.81",Card,Recharge,BookMyShow,Jaipur,Mac,SBI,1,43.25,0,2,Domestic ,Not Fraud
263103,2582.37,ATM,Bill Payment,MakeMyTrip,Kolkata,Android ,Canara,5,16.25,0,0,domestic,Fraud
906453,2136.62,Card,Recharge,Swiggy,Indore,android,Axis,15,25.82,1,2,Domestic,Not Fraud
347255,1288.06,NetBanking,Cash Withdrawal,Jio,Bengaluru,Android ,Canara,4,10.59,0,1,Domestic,Not Fraud
757433,17585.26,Wallet,Recharge,BigBasket,Jaipur,Unknown,ICICI,13,49.57,0,2,International,Not Fraud
745775,605.15,NetBanking,Bill Payment,CRED,Hyderabad,Unknown,ICICI,10,23.59,0,2,domestic,Not Fraud
346925,1302.8,Wallet,Recharge,Amazon India,Kochi,Windows,Union Bank,8,16.61,0,0,domestic,Not Fraud
250135,1448.82,UPI,Purchase,Jio,Kochi,Android,BOB,3,20.91,0,3,domestic,Fraud
187701,1936.65,ATM,Transfer,Meesho,Jaipur,Mac,BOB,14,30.66,0,2,Domestic ,No
368997,136.46,POS,Cash Withdrawal,Airtel,Hyderabad,Windows,BOB,13,57.32,0,0,Domestic ,Not Fraud
209456,377.78,Card,Purchase,PhonePe,Lucknow,android,HDFC,9,52.39,1,0,Domestic,No
100784,2725.63,Wallet,Cash Withdrawal,Myntra,Surat,Android ,HDFC,4,53.55,0,0,International,Not Fraud
746222,10793.08,POS,Purchase,PhonePe,Delhi,iPhone,HDFC,7,15.64,1,2,Domestic,Not Fraud
671279,2132.12,NetBanking,Bill Payment,Zomato,Ahmedabad,Android ,Canara,2,46.11,0,1,Domestic,Not Fraud
478795,4049.09,Wallet,Bill Payment,BookMyShow,Bhopal,Unknown,Axis,7,6.59,1,1,Domestic,Not Fraud
854657,3729.3,POS,Transfer,SBI,Ahmedabad,Android,Union Bank,15,30.07,1,1,International,Not Fraud
502545,3353.09,POS,Refund,BookMyShow,Patna,Windows,Union Bank,8,15.19,1,2,Domestic ,Not Fraud
415678,3551.01,UPI,Cash Withdrawal,MakeMyTrip,Delhi,Windows,Kotak,6,23.11,0,1,Domestic,Not Fraud
311081,1000.56,POS,Bill Payment,Amazon India,Jaipur,Android ,BOB,4,14.96,1,2,domestic,Not Fraud
481833,6822.5,NetBanking,Refund,Zomato,Indore,Android ,Union Bank,12,48.04,0,2,Domestic ,Not Fraud
248615, ₹688.56,NetBanking,Bill Payment,Meesho,Lucknow,android,Axis,11,30.93,1,1,International,Not Fraud
984595,997.4,Wallet,Refund,CRED,Indore,Android ,HDFC,5,30.16,0,0,International,Not Fraud
430711,665.31,Card,Refund,Flipkart,Lucknow,android,Kotak,5,54.67,0,3,Domestic ,Not Fraud
660443,2143.13,UPI,Purchase,SBI,Delhi,Mac,Union Bank,5,5.77,1,2,Domestic ,Not Fraud
883721,1534.7,NetBanking,Recharge,BookMyShow,Bengaluru,Android ,Kotak,10,4.5,0,0,Domestic ,Not Fraud
578990,892.01,UPI,Cash Withdrawal,SBI,Surat,Unknown,BOB,2,9.98,1,2,Domestic ,Not Fraud
575099,1076.7,NetBanking,Cash Withdrawal,Uber,Kolkata,Android,Union Bank,14,1.92,1,0,Domestic ,Not Fraud
659828,7291.66,ATM,Purchase,IRCTC,Bengaluru,Android,Union Bank,2,10.66,0,0,Domestic,Not Fraud
696360,6771,UPI,Refund,Airtel,Ahmedabad,android,BOB,12,59.03,1,1,Domestic ,Not Fraud
563298,8681.74,UPI,Refund,CRED,Jaipur,Android ,ICICI,9,42.55,0,3,domestic,Not Fraud
135598,6103.34,POS,Recharge,PhonePe,Ahmedabad,Android,Axis,5,40.14,1,3,domestic,Not Fraud
612220," ₹21,539.00",POS,Cash Withdrawal,Razorpay,Patna,Android ,BOB,4,14.0,0,0,Domestic ,Not Fraud
681846,3597.85,POS,,Myntra,Bhopal,Mac,PNB,4,24.66,0,3,International,Not Fraud
899296,2826.07,ATM,Bill Payment,IRCTC,Mumbai,Android ,Union Bank,9,46.47,0,2,International,Not Fraud
966224,3241.62,NetBanking,Refund,Zomato,Bhopal,Unknown,HDFC,4,45.97,1,3,domestic,Not Fraud
898181,4558.49,NetBanking,Recharge,MakeMyTrip,Bengaluru,Unknown,Kotak,10,53.96,1,2,Domestic ,Not Fraud
594458,7340.83,Wallet,Purchase,Paytm,Delhi,android,Union Bank,7,56.93,0,2,Domestic,Not Fraud
422564,4342.2,POS,Recharge,CRED,Lucknow,iPhone,Union Bank,15,44.65,0,1,domestic,Not Fraud
641468,2186.03,Wallet,Recharge,Meesho,Jaipur,Android ,Kotak,3,40.74,1,3,Domestic ,Not Fraud
416317,1544.03,Card,Recharge,Amazon India,Bengaluru,Windows,Kotak,2,39.24,1,2,Domestic ,Not Fraud
683874,4456.72,Card,Cash Withdrawal,Meesho,Chandigarh,Unknown,PNB,12,0.26,0,3,domestic,Not Fraud
833713,4186.97,ATM,Recharge,Zomato,Ahmedabad,Unknown,BOB,5,25.32,1,3,Domestic ,Not Fraud
650231,670.04,UPI,Transfer,IRCTC,Delhi,Android,ICICI,8,40.57,1,2,domestic,Not Fraud
571453,8547.74,UPI,Purchase,Google Pay,Kolkata,Windows,BOB,13,40.04,1,2,Domestic ,Not Fraud
798039,9411.06,NetBanking,Cash Withdrawal,Google Pay,Surat,android,Kotak,15,9.61,1,0,International,Not Fraud
518628,2707.73,POS,Bill Payment,Paytm,Jaipur,Windows,ICICI,6,2.42,0,2,domestic,Not Fraud
240085,8741.26,ATM,Bill Payment,Meesho,Chandigarh,iPhone,Axis,3,6.54,0,1,International,Not Fraud
139743,762.47,Card,Refund,BigBasket,Mumbai,android,Axis,6,52.25,0,2,Domestic ,Not Fraud
115422,3778.27,ATM,Recharge,Paytm,Surat,Unknown,BOB,9,45.14,1,2,Domestic ,Not Fraud
203615,867.57,POS,Purchase,Myntra,Jaipur,Windows,Union Bank,6,22.67,0,1,Domestic,Fraud
170737,3982.36,ATM,Recharge,Zomato,Indore,Unknown,HDFC,7,1.07,1,3,Domestic,Not Fraud
195927,1474.1,UPI,Bill Payment,SBI,Indore,android,ICICI,14,13.86,1,2,International,Not Fraud
974532,4927.26,NetBanking,Recharge,Swiggy,Patna,android,SBI,6,23.54,1,0,domestic,Not Fraud
239974,2105.24,Card,Recharge,Google Pay,Lucknow,Android,Kotak,7,38.52,0,3,Domestic,Not Fraud
696899,880.18,UPI,Refund,Razorpay,Jaipur,iPhone,SBI,3,31.08,0,3,International,Not Fraud
551022,26164.7,POS,Cash Withdrawal,Zomato,Chandigarh,Android,Canara,7,14.8,0,2,Domestic ,Not Fraud
391471,2741.33,NetBanking,Transfer,SBI,Chennai,Mac,BOB,10,2.02,1,1,International,Not Fraud
809728,461.13,NetBanking,Purchase,Uber,Ahmedabad,iPhone,Union Bank,9,12.87,0,2,Domestic,Not Fraud
375787,,UPI,Purchase,Paytm,Pune,iPhone,ICICI,10,25.78,1,2,Domestic ,Not Fraud
224225,1723.43,NetBanking,Bill Payment,PhonePe,Ahmedabad,Android,Axis,10,21.96,1,1,domestic,Not Fraud
763158,4286.89,UPI,Recharge,Uber,Indore,Windows,Canara,5,45.7,1,3,Domestic ,Not Fraud
810499,1337.21,ATM,Transfer,Google Pay,Delhi,Android,Axis,8,12.31,0,2,Domestic,Not Fraud
518346,5785.52,POS,Bill Payment,MakeMyTrip,Kochi,Mac,Kotak,14,47.54,0,1,Domestic ,Not Fraud
630232,7151.01,NetBanking,Cash Withdrawal,Google Pay,Delhi,Android ,BOB,2,58.66,1,3,Domestic,Not Fraud
168873,2027.74,POS,Transfer,Paytm,Indore,Windows,ICICI,4,57.75,0,3,International,Not Fraud
455597,4585.96,UPI,Purchase,Ajio,Pune,Mac,Canara,11,32.25,0,0,domestic,Not Fraud
681460,1632.94,UPI,Bill Payment,CRED,Patna,Mac,Kotak,9,54.61,0,2,Domestic ,Not Fraud
234455,872.66,Card,Transfer,Meesho,Jaipur,Windows,Union Bank,5,9.07,1,0,Domestic,Not Fraud
365463,722.72,NetBanking,Recharge,Uber,Bhopal,Android,PNB,13,12.24,1,2,Domestic,Not Fraud
887220,978.26,NetBanking,Transfer,CRED,Kolkata,iPhone,BOB,8,30.75,1,3,International,Not Fraud
437944,1916.88,POS,Transfer,Ajio,Bhopal,Android,Union Bank,6,52.37,0,1,domestic,Not Fraud
308988,6954.95,Card,Purchase,MakeMyTrip,Surat,Unknown,Axis,11,5.4,0,3,International,Fraud
623424,1995.81,POS,Purchase,CRED,Patna,android,SBI,4,38.16,1,3,Domestic,Not Fraud
155921,827.35,ATM,Cash Withdrawal,MakeMyTrip,Surat,Unknown,Axis,11,41.54,1,0,Domestic,Not Fraud
190000,3603.34,POS,Bill Payment,Airtel,Delhi,iPhone,Union Bank,14,16.58,0,3,domestic,Not Fraud
279370,6426.47,NetBanking,Cash Withdrawal,PhonePe,Mumbai,android,Kotak,7,47.19,1,0,Domestic,Not Fraud
661923,825.44,NetBanking,Purchase,Flipkart,Kochi,Mac,Kotak,4,23.01,0,0,domestic,Not Fraud
828755,2115.11,Wallet,Transfer,Swiggy,Chennai,Mac,Axis,14,29.29,0,1,International,Not Fraud
873075,1831.45,ATM,Refund,Swiggy,Bhopal,Mac,Kotak,3,42.17,1,3,International,Fraud
621713,3846.0,NetBanking,Bill Payment,MakeMyTrip,Bengaluru,Android ,Canara,3,32.16,1,3,Domestic,Not Fraud
104013,300.27,NetBanking,Purchase,Swiggy,Kolkata,Windows,PNB,4,4.69,0,3,International,Not Fraud
779904,10548.57,POS,Bill Payment,Uber,Pune,android,Axis,12,51.57,0,0,domestic,Not Fraud
466672,600.09,Wallet,Recharge,Airtel,Hyderabad,Mac,SBI,7,59.4,0,3,International,Not Fraud
734066,1176.44,POS,Cash Withdrawal,Razorpay,Jaipur,Android ,SBI,10,31.14,0,1,Domestic,Not Fraud
994019,2372.57,UPI,Cash Withdrawal,Paytm,Jaipur,android,PNB,5,41.95,1,1,domestic,Not Fraud
868531,1841.08,Wallet,Cash Withdrawal,BookMyShow,Jaipur,Windows,SBI,14,26.13,1,1,International,Not Fraud
496040,378.15,UPI,Purchase,IRCTC,Hyderabad,Unknown,Axis,6,6.27,0,2,domestic,Not Fraud
170639,1098.26,NetBanking,Cash Withdrawal,Amazon India,Indore,Windows,SBI,3,14.95,0,0,International,Not Fraud
475108,3607.0,NetBanking,Purchase,Google Pay,Ahmedabad,android,BOB,14,12.79,1,1,International,Not Fraud
781976,408.9,Wallet,Refund,BigBasket,Kolkata,Mac,Canara,4,10.64,1,0,Domestic ,Not Fraud
963428,2350.98,Wallet,Refund,Razorpay,Surat,iPhone,Axis,13,23.78,0,1,domestic,Not Fraud
681695,2033.85,NetBanking,Recharge,Paytm,Mumbai,iPhone,Axis,3,0.5,0,3,Domestic,Not Fraud
504400,2414.36,Wallet,Transfer,Ajio,Kochi,Windows,Axis,14,27.39,1,3,Domestic ,Not Fraud
190749,1851.32,UPI,Purchase,BigBasket,Ahmedabad,Android ,Kotak,15,39.13,1,2,Domestic ,Not Fraud
167405,12283.88,NetBanking,,Paytm,Kolkata,Android,Axis,2,46.59,1,2,domestic,Not Fraud
113792,1370.26,UPI,Purchase,Uber,Bengaluru,Android,Union Bank,11,44.39,0,0,International,Not Fraud
438046,868.73,Card,Refund,PhonePe,Pune,iPhone,HDFC,8,11.82,0,2,Domestic ,Not Fraud
879989,5091.42,ATM,Purchase,Google Pay,Delhi,Android,Kotak,2,22.66,0,1,domestic,Fraud
923376,2125.63,NetBanking,Cash Withdrawal,CRED,Jaipur,Unknown,ICICI,1,51.62,0,1,Domestic,Not Fraud
465047,1118.19,POS,Recharge,Myntra,Patna,Android ,Kotak,6,23.3,0,2,Domestic ,Not Fraud
985371,1931.76,POS,Refund,Swiggy,Hyderabad,Windows,PNB,7,7.93,1,1,Domestic,Not Fraud
187426,7508.05,POS,Cash Withdrawal,BigBasket,Chandigarh,Windows,ICICI,10,34.34,0,0,International,Not Fraud
713723, ₹892.35,Card,Recharge,Swiggy,Delhi,Windows,PNB,6,18.13,1,0,Domestic ,Not Fraud
453492,3168.84,NetBanking,Refund,Flipkart,Hyderabad,Android ,Canara,14,18.34,1,2,domestic,Not Fraud
521653,705.29,POS,Refund,Zomato,Kochi,Windows,ICICI,8,57.21,0,1,Domestic ,Not Fraud
711374,1317.79,UPI,Refund,MakeMyTrip,Patna,Mac,SBI,9,1.57,1,2,Domestic,Not Fraud
370714,6283.81,POS,Purchase,Uber,Pune,Windows,Axis,11,40.18,0,1,Domestic,Not Fraud
976799,1412.88,Card,Bill Payment,Zomato,Lucknow,Windows,HDFC,5,13.74,1,2,domestic,Not Fraud
806020,2448.46,Card,Transfer,MakeMyTrip,Bengaluru,iPhone,SBI,11,50.18,1,0,domestic,Not Fraud
210580,662.98,ATM,Refund,Meesho,Indore,Windows,PNB,7,58.92,1,3,domestic,Not Fraud
260929,1353.29,Wallet,Refund,BookMyShow,Lucknow,Unknown,PNB,2,30.27,1,0,domestic,Not Fraud
226167,1026.57,POS,Purchase,Meesho,Jaipur,Mac,PNB,15,49.89,0,1,International,Not Fraud
409639,3114.12,Card,Bill Payment,PhonePe,Pune,Unknown,Canara,9,28.04,0,2,Domestic,Not Fraud
441096,3639.3,Wallet,Transfer,Myntra,Surat,Android,Union Bank,14,19.03,0,1,Domestic,Not Fraud
143566,3030.25,ATM,Transfer,IRCTC,Surat,Windows,PNB,11,50.93,1,1,domestic,Not Fraud
160540,2598.53,Wallet,Refund,MakeMyTrip,Delhi,Unknown,ICICI,3,38.45,1,3,domestic,Not Fraud
604147,951.1,ATM,Recharge,SBI,Chandigarh,Android ,SBI,8,57.65,0,2,Domestic,Not Fraud
297723,466.9,UPI,Bill Payment,Amazon India,Kochi,Unknown,BOB,15,18.53,1,3,International,Not Fraud
322180,7405.51,Card,Bill Payment,Flipkart,Jaipur,android,HDFC,5,40.66,1,3,Domestic ,Not Fraud
133900,3590.24,Card,Purchase,BigBasket,Patna,Android ,BOB,1,55.46,1,2,International,Not Fraud
609865,1506.67,UPI,Refund,CRED,Ahmedabad,Windows,ICICI,8,12.23,1,1,International,Not Fraud
238095,3424.15,Wallet,Transfer,BigBasket,Surat,Mac,PNB,4,42.15,0,2,domestic,Not Fraud
470779,2579.8,NetBanking,Purchase,Jio,Hyderabad,Windows,SBI,5,38.78,0,0,Domestic ,Not Fraud
713826,740.78,NetBanking,Transfer,SBI,Ahmedabad,Android ,Canara,2,10.42,0,1,International,Not Fraud
515688,1013.71,ATM,Purchase,Airtel,Hyderabad,Mac,SBI,2,9.82,0,2,domestic,Not Fraud
746557,4032.85,POS,Transfer,BookMyShow,Patna,android,Canara,8,58.37,1,0,International,Not Fraud
602846,3268.32,NetBanking,Recharge,Jio,Jaipur,iPhone,Kotak,9,42.21,1,0,International,Not Fraud
493611,1768.6,UPI,Bill Payment,Flipkart,Bengaluru,android,BOB,13,41.94,1,0,domestic,Not Fraud
164461,1256.67,UPI,Recharge,Ajio,Pune,iPhone,Union Bank,5,30.04,1,2,International,Not Fraud
607185,1557.01,ATM,Recharge,Airtel,Bhopal,Mac,Union Bank,15,11.71,0,0,domestic,Not Fraud
749214,6583.66,Wallet,Cash Withdrawal,Meesho,Ahmedabad,Windows,Axis,2,27.01,0,3,Domestic ,Not Fraud
754346,3438.11,Wallet,Transfer,Flipkart,Mumbai,Windows,Canara,1,5.45,0,3,Domestic ,Not Fraud
588311,1213.03,Card,Refund,BookMyShow,Surat,Android ,BOB,15,32.02,0,1,International,Not Fraud
324964,2183.87,NetBanking,Bill Payment,Flipkart,Patna,Mac,PNB,12,44.23,1,3,domestic,Not Fraud
377645,5117.46,UPI,Cash Withdrawal,Meesho,Pune,Android,SBI,5,12.27,1,3,Domestic ,Not Fraud
287343,2341.74,UPI,Recharge,Meesho,Jaipur,Android ,PNB,2,11.76,1,0,domestic,Not Fraud
269941,982.44,ATM,Recharge,CRED,Ahmedabad,Android ,Kotak,9,33.54,0,3,domestic,Not Fraud
734296,378.82,NetBanking,Transfer,MakeMyTrip,Delhi,Android,BOB,12,7.65,0,3,International,Not Fraud
324596,14261.56,UPI,Refund,PhonePe,Jaipur,Android ,Axis,2,30.21,1,2,Domestic ,Not Fraud
316911,241.24,Wallet,Purchase,MakeMyTrip,Kolkata,android,Union Bank,15,45.44,1,2,International,Not Fraud
123231,1439.55,ATM,Recharge,CRED,Chennai,android,Union Bank,5,30.57,0,1,Domestic,Not Fraud
640414,5585.72,Card,Recharge,Airtel,Kochi,Mac,ICICI,15,31.21,1,3,Domestic ,Not Fraud
759822,18169.95,UPI,Refund,SBI,Patna,iPhone,PNB,1,16.93,1,2,Domestic,Not Fraud
448447,35211.02,NetBanking,Recharge,Zomato,Hyderabad,Android ,Kotak,6,34.48,1,1,Domestic,Not Fraud
906683,2832.43,UPI,Cash Withdrawal,Flipkart,Kolkata,Mac,Axis,15,5.82,1,0,Domestic,Not Fraud
829530,2727,ATM,Refund,Jio,Hyderabad,android,BOB,10,48.53,1,3,Domestic ,Not Fraud
340670,825.38,NetBanking,Bill Payment,BookMyShow,Pune,Android,Kotak,3,4.4,0,2,International,Not Fraud
886350,447.9,UPI,Transfer,Jio,Bengaluru,Windows,SBI,4,3.46,0,1,Domestic,Not Fraud
555508," ₹28,492.14",Card,Refund,Swiggy,Patna,Unknown,Union Bank,2,51.32,0,1,Domestic,Not Fraud
791612,778.62,Card,Cash Withdrawal,Google Pay,Bengaluru,Unknown,Union Bank,8,15.71,1,0,Domestic ,Not Fraud
301442,,Wallet,Bill Payment,Airtel,Bengaluru,Mac,Kotak,10,10.24,0,0,Domestic ,Not Fraud
464941,4412.95,UPI,Cash Withdrawal,BookMyShow,Chennai,Android ,SBI,12,27.21,0,1,International,Yes
670823,8367.93,UPI,Transfer,Uber,Jaipur,Windows,BOB,15,51.47,1,3,International,Not Fraud
653899,2135.98,POS,,Zomato,Chennai,Android,PNB,13,48.45,1,2,International,Not Fraud
132860,7979.95,Wallet,Purchase,PhonePe,Kolkata,Android ,Axis,4,27.47,0,3,Domestic,Not Fraud
784081,5180.12,ATM,Recharge,Paytm,Hyderabad,android,SBI,2,52.21,0,1,Domestic ,Fraud
996065,2116.07,UPI,Purchase,Razorpay,Ahmedabad,android,Canara,7,7.82,0,2,domestic,Not Fraud
537626,5382.13,NetBanking,Purchase,Paytm,Bengaluru,Windows,Kotak,3,20.33,0,1,International,Fraud
753290,3689.38,NetBanking,Recharge,Amazon India,Indore,Mac,Axis,11,53.8,0,0,International,Not Fraud
388286,1379.02,Wallet,Purchase,Paytm,Delhi,Android,SBI,11,8.61,0,0,domestic,Fraud
487717,3006.51,UPI,Cash Withdrawal,BookMyShow,Chandigarh,Android ,SBI,14,44.55,0,0,Domestic ,Not Fraud
312205,21644.04,ATM,Cash Withdrawal,Razorpay,Lucknow,Mac,HDFC,8,18.23,1,1,Domestic,Fraud
174933,2260.48,Card,Refund,Meesho,Pune,android,Axis,4,26.59,1,0,Domestic,Not Fraud
905177,10363.14,UPI,Purchase,BookMyShow,Chennai,android,BOB,13,28.27,0,0,International,Not Fraud
668497,1652.28,ATM,Purchase,MakeMyTrip,Lucknow,Android,SBI,2,21.58,0,1,Domestic,Fraud
121883,3717.76,POS,Refund,MakeMyTrip,Hyderabad,Unknown,ICICI,5,20.8,0,2,domestic,Not Fraud
203751,11159.56,NetBanking,Refund,Razorpay,Hyderabad,Unknown,HDFC,13,26.04,0,1,domestic,Not Fraud
131876,6271.06,POS,Purchase,Airtel,Ahmedabad,Android,PNB,4,41.36,0,0,Domestic ,Not Fraud
264919,4270.83,UPI,Transfer,Myntra,Jaipur,iPhone,HDFC,8,16.48,1,0,Domestic,Fraud
884249,2213.46,POS,Cash Withdrawal,BigBasket,Bhopal,Windows,Axis,15,10.86,0,0,domestic,Not Fraud
872178,1215.91,UPI,Cash Withdrawal,Airtel,Bhopal,Unknown,PNB,1,25.63,0,0,Domestic ,Not Fraud
818134,1803.69,UPI,Bill Payment,Jio,Delhi,Mac,ICICI,13,16.01,0,1,Domestic ,Not Fraud
608876,8054.44,Wallet,Refund,Zomato,Surat,Windows,SBI,12,5.23,0,2,International,Not Fraud
763202,1223.06,UPI,Refund,SBI,Jaipur,android,ICICI,4,25.47,1,1,Domestic,Not Fraud
364007,5366.59,POS,Purchase,Airtel,Ahmedabad,iPhone,BOB,9,8.04,0,0,domestic,Not Fraud
347412," ₹9,805.12",Wallet,Recharge,BigBasket,Kolkata,Android,HDFC,2,40.23,0,1,domestic,Not Fraud
287490,4218.63,NetBanking,Bill Payment,MakeMyTrip,Patna,Mac,SBI,2,26.17,0,1,International,Not Fraud
964729,3378.34,Card,Bill Payment,Zomato,Patna,Android,HDFC,14,25.24,0,3,Domestic,Not Fraud
325351,2778.49,Card,Purchase,Uber,,iPhone,Union Bank,6,50.02,1,0,domestic,Not Fraud
895903,4307.01,Wallet,Recharge,SBI,Chennai,Unknown,ICICI,2,59.78,0,2,Domestic ,Fraud
569076,2629.08,NetBanking,Bill Payment,Paytm,Patna,Mac,PNB,5,7.89,0,3,domestic,Not Fraud
392658,32045.57,Wallet,Recharge,SBI,Lucknow,iPhone,SBI,15,21.81,1,0,International,Not Fraud
596974," ₹13,782.66",ATM,Transfer,Amazon India,Kochi,Unknown,Kotak,2,59.29,0,3,domestic,Not Fraud
133679,21339.55,upi,Recharge,Ajio,Lucknow,Android ,Kotak,9,16.83,0,0,Domestic,Not Fraud
997933,1072.79,POS,Bill Payment,Swiggy,Bengaluru,iPhone,BOB,14,18.89,0,0,domestic,Not Fraud
767249,481.92,NetBanking,Purchase,Myntra,Kolkata,Unknown,Kotak,13,40.34,1,0,domestic,Not Fraud
480661,2015.54,Card,Refund,IRCTC,Bhopal,Android,Kotak,7,48.6,1,2,Domestic ,Fraud
168147,2374.64,Card,Transfer,Meesho,Patna,Unknown,Kotak,3,22.22,1,3,,Not Fraud
901094,1811.78,NetBanking,Bill Payment,Paytm,Delhi,iPhone,Kotak,5,34.84,0,2,International,Not Fraud
989988,1980.98,ATM,Bill Payment,MakeMyTrip,Delhi,Mac,ICICI,15,9.01,1,1,Domestic,Not Fraud
747732,1461.8,Card,Purchase,SBI,Hyderabad,Windows,BOB,15,0.74,1,3,Domestic,Not Fraud
134325,2071.74,Card,Bill Payment,Zomato,Surat,Android,SBI,13,59.62,0,2,Domestic ,Not Fraud
577385,1846.09,Card,Bill Payment,PhonePe,Chandigarh,Unknown,HDFC,4,29.38,0,2,International,Not Fraud
504664,741.51,Card,Refund,BigBasket,Lucknow,iPhone,Axis,2,15.22,0,0,Domestic,Not Fraud
712500,1127.18,Card,Transfer,Amazon India,Ahmedabad,Windows,Kotak,6,32.26,1,2,Domestic ,Not Fraud
413493,233.43,ATM,Purchase,Paytm,Chandigarh,Mac,Kotak,10,53.08,1,1,Domestic,Not Fraud
847411,1887.97,Card,Bill Payment,Meesho,Pune,Unknown,SBI,6,4.26,1,2,International,Not Fraud
741320,3006.33,ATM,Transfer,Flipkart,Indore,android,HDFC,3,8.05,1,3,International,Fraud
727297,1353.74,POS,Transfer,Airtel,Chennai,android,Union Bank,14,32.62,0,3,International,Fraud
368505,916.93,Wallet,Refund,Ajio,Chandigarh,Mac,Kotak,9,27.76,0,2,domestic,Not Fraud
347463,430.15,ATM,Refund,Google Pay,Mumbai,Unknown,Canara,8,27.47,1,2,Domestic ,Not Fraud
945443,1662.52,ATM,Refund,Flipkart,Jaipur,android,PNB,14,55.28,1,3,Domestic,Not Fraud
254049,1373.53,UPI,Recharge,CRED,Hyderabad,android,PNB,13,29.25,1,0,Domestic ,Not Fraud
336414,5761.93,POS,Bill Payment,BookMyShow,Ahmedabad,iPhone,Canara,8,3.8,0,0,Domestic ,Not Fraud
401925,4163.45,Wallet,Bill Payment,Swiggy,Delhi,Android,ICICI,10,30.06,1,0,International,Not Fraud
858290,11545.11,NetBanking,Recharge,MakeMyTrip,Kolkata,Windows,BOB,1,9.17,0,0,International,Not Fraud
368191,5486.66,ATM,Refund,CRED,Ahmedabad,Android,PNB,6,25.27,0,3,Domestic,Not Fraud
280758,1767.79,UPI,Cash Withdrawal,IRCTC,Bengaluru,Android ,ICICI,10,36.92,1,3,Domestic ,Not Fraud
259930,4287.58,UPI,Recharge,SBI,Kolkata,iPhone,BOB,13,6.48,0,3,domestic,Not Fraud
757240,2321.36,NetBanking,Refund,PhonePe,Pune,Unknown,ICICI,15,2.35,1,2,Domestic,Not Fraud
231210,157.15,Wallet,Cash Withdrawal,BookMyShow,Jaipur,Android ,Union Bank,8,57.88,0,2,domestic,Not Fraud
323964,556.94,ATM,Bill Payment,BigBasket,Surat,Android,Kotak,9,9.73,1,0,Domestic ,Not Fraud
502692,3249.17,POS,Transfer,BigBasket,Pune,Unknown,,2,31.15,0,0,Domestic ,Not Fraud
961786,674.89,UPI,Refund,BookMyShow,Bhopal,iPhone,ICICI,2,3.14,1,2,Domestic ,Not Fraud
406555," ₹1,208.01",Wallet,Recharge,BigBasket,Indore,Mac,Canara,12,45.41,0,2,Domestic,Not Fraud
505752,3594.19,Wallet,Recharge,CRED,Kochi,iPhone,ICICI,8,51.08,1,3,International,Not Fraud
965176,863.68,pos,Refund,Uber,Lucknow,Unknown,SBI,13,19.02,1,3,Domestic,Not Fraud
345268,2279.49,ATM,Cash Withdrawal,SBI,Chandigarh,android,Union Bank,1,10.49,0,1,domestic,Not Fraud
512073,1886.68,Card,Cash Withdrawal,Google Pay,Mumbai,iPhone,Canara,11,46.82,0,1,domestic,Not Fraud
366008,1555.09,NetBanking,Cash Withdrawal,Swiggy,Indore,Android,ICICI,10,9.01,1,1,Domestic,Not Fraud
653011,4154.49,NetBanking,Recharge,IRCTC,Delhi,Android,PNB,4,29.3,0,0,Domestic ,Not Fraud
859463," ₹5,163.55",Wallet,Bill Payment,Myntra,Delhi,Mac,ICICI,8,34.8,0,0,Domestic,Not Fraud
619319,1815.25,UPI,Recharge,Ajio,Bhopal,iPhone,ICICI,14,6.15,0,1,domestic,Fraud
496342,781.22,NetBanking,Refund,SBI,Mumbai,iPhone,Union Bank,8,18.94,0,1,Domestic ,Not Fraud
524228,2467.28,ATM,Transfer,MakeMyTrip,Pune,Mac,ICICI,4,9.38,1,1,domestic,Not Fraud
442360,13740.0,NetBanking,Transfer,Flipkart,Surat,Windows,Axis,8,5.52,0,2,domestic,Not Fraud
849371,447.15,Card,Cash Withdrawal,Airtel,Mumbai,Unknown,ICICI,15,53.13,0,2,domestic,Not Fraud
353695,1828.65,Card,Transfer,MakeMyTrip,Kolkata,android,ICICI,2,11.63,0,0,Domestic ,Not Fraud
362526,1760.21,UPI,Cash Withdrawal,IRCTC,Mumbai,android,HDFC,8,54.5,1,0,Domestic ,Not Fraud
793195,4435.3,Card,Recharge,Meesho,Lucknow,Unknown,PNB,4,41.92,0,1,Domestic,Not Fraud
652009,2376.37,UPI,Recharge,Flipkart,Chennai,android,BOB,2,0.8,1,1,domestic,Not Fraud
405751,3775.4,POS,Refund,BigBasket,Indore,Windows,ICICI,5,29.93,0,0,International,Not Fraud
692799,1046.14,ATM,Refund,Flipkart,Patna,Android,SBI,14,22.95,1,2,Domestic,Not Fraud
311190,6087.17,Wallet,Cash Withdrawal,Ajio,Pune,Unknown,PNB,13,22.92,0,0,Domestic,Not Fraud
194652,7604.29,POS,Bill Payment,BigBasket,Bengaluru,android,Canara,2,56.68,0,3,domestic,Not Fraud
204093,1137.74,Wallet,Bill Payment,Meesho,Chennai,Android,Union Bank,9,49.81,1,1,domestic,Not Fraud
831767,10357.09,ATM,Transfer,Meesho,Lucknow,Mac,Axis,13,10.7,1,0,Domestic ,Not Fraud
798361,1478.1,Card,Cash Withdrawal,Jio,Surat,Windows,Kotak,12,24.37,1,2,domestic,Not Fraud
205841,13934.08,ATM,Refund,Airtel,Indore,Android ,Union Bank,13,39.77,0,3,Domestic ,Not Fraud
722600,2040.93,ATM,Bill Payment,PhonePe,Chennai,android,ICICI,4,30.9,1,3,Domestic ,Fraud
730574,18857.92,UPI,Cash Withdrawal,Paytm,Ahmedabad,iPhone,SBI,8,14.36,1,1,International,Not Fraud
167549,2161.06,NetBanking,Bill Payment,Razorpay,Kolkata,iPhone,Canara,4,42.93,1,1,domestic,Not Fraud
242048,3912,NetBanking,Transfer,Razorpay,Chandigarh,Android,PNB,13,41.65,1,3,domestic,Not Fraud
514913,766.13,UPI,Refund,Jio,Ahmedabad,Android ,SBI,11,27.05,0,3,Domestic ,Not Fraud
718503,4482.76,NetBanking,Recharge,Meesho,Hyderabad,android,ICICI,4,58.9,0,3,domestic,Not Fraud
326822,4447.92,Card,Cash Withdrawal,CRED,Jaipur,Unknown,HDFC,2,31.76,0,3,Domestic,Not Fraud
634613,8017.85,Card,Purchase,Google Pay,Delhi,Android ,SBI,7,50.41,0,2,Domestic ,Not Fraud
239689,529.13,Wallet,Transfer,Jio,Mumbai,Android,BOB,7,33.21,0,2,Domestic,Not Fraud
650735,716.48,POS,Cash Withdrawal,IRCTC,Bhopal,Mac,Canara,8,41.16,1,1,Domestic,Not Fraud
845849,133.69,POS,Recharge,Flipkart,Pune,Mac,PNB,14,58.39,1,2,Domestic,Not Fraud
112974,5467.6,ATM,Recharge,BigBasket,Delhi,Unknown,Kotak,5,35.76,0,0,domestic,Not Fraud
864739,1809.17,Wallet,Refund,Airtel,Indore,Mac,SBI,10,32.92,1,0,Domestic ,Not Fraud
158775,5295.81,POS,Cash Withdrawal,Paytm,Chandigarh,Windows,Kotak,7,17.89,0,0,Domestic,Fraud
531835,2046.25,UPI,Transfer,Ajio,Surat,Android,ICICI,13,39.09,1,2,domestic,Not Fraud
912657,1751.08,Card,Bill Payment,Flipkart,Delhi,Mac,Axis,11,41.48,1,3,domestic,Not Fraud
907962,1264.33,Wallet,Recharge,Airtel,Bengaluru,Android ,ICICI,12,12.71,0,0,domestic,Not Fraud
954202,828.83,Card,Refund,Google Pay,Surat,Unknown,SBI,11,30.45,1,2,International,Not Fraud
768031,5885.55,Card,Purchase,Swiggy,Hyderabad,Android ,HDFC,12,36.73,0,2,International,Not Fraud
155337,1378.73,Wallet,Cash Withdrawal,Google Pay,Chennai,android,ICICI,7,50.53,0,3,domestic,Not Fraud
686255,2665.46,Card,Cash Withdrawal,PhonePe,Mumbai,Android,BOB,13,11.0,1,1,Domestic ,Not Fraud
484704,2559.28,ATM,Refund,SBI,Hyderabad,iPhone,Axis,1,35.08,1,3,Domestic,Not Fraud
302613,1651.86,POS,Purchase,PhonePe,Jaipur,iPhone,SBI,4,30.25,1,2,Domestic,Not Fraud
830593,1020.97,NetBanking,Recharge,BigBasket,Hyderabad,Mac,BOB,14,13.03,1,1,Domestic ,Not Fraud
361188,4130.72,Wallet,Transfer,Google Pay,Surat,iPhone,PNB,2,46.75,0,3,International,Not Fraud
459861,799.13,UPI,Refund,Jio,Hyderabad,Unknown,HDFC,13,21.42,0,0,International,Not Fraud
940784,1285.21,NetBanking,Refund,Swiggy,Indore,Android,HDFC,12,35.98,0,2,International,Fraud
962233,2850.09,ATM,Cash Withdrawal,Jio,Kochi,Unknown,SBI,1,6.49,0,3,International,Not Fraud
165918,623.63,UPI,Purchase,Flipkart,Pune,Android,Kotak,15,7.17,0,1,domestic,Not Fraud
502741,1463.73,UPI,Bill Payment,Paytm,Indore,Android,HDFC,12,42.0,1,2,Domestic ,Not Fraud
632574,5918.21,UPI,Refund,IRCTC,Patna,Unknown,SBI,5,8.76,0,2,International,Not Fraud
995137,2488.23,UPI,Transfer,SBI,Jaipur,android,BOB,9,32.71,0,1,Domestic,Not Fraud
875733,5122.82,POS,Refund,Myntra,Chandigarh,Android ,PNB,9,36.79,1,1,International,Yes
313624,540.61,Wallet,Recharge,Google Pay,Pune,iPhone,Axis,15,53.6,0,3,International,Not Fraud
993134,1328.8,Card,Cash Withdrawal,Paytm,Patna,Unknown,Union Bank,7,12.01,1,3,Domestic,Not Fraud
642764,2640.8,UPI,Purchase,Zomato,Chennai,Mac,BOB,11,13.14,0,3,domestic,Not Fraud
365631,3047.53,Card,Refund,CRED,Surat,Mac,HDFC,8,39.19,1,3,Domestic ,Not Fraud
307191,1338.03,NetBanking,Transfer,Uber,Hyderabad,Android,Canara,4,29.48,1,2,Domestic,Not Fraud
112725,5010.06,ATM,Purchase,SBI,Lucknow,Unknown,SBI,3,21.08,0,0,International,Not Fraud
982372,15663.19,NetBanking,Cash Withdrawal,PhonePe,Kochi,Windows,PNB,9,53.29,1,1,Domestic ,Not Fraud
587967,1388.71,POS,,Razorpay,Delhi,Windows,Union Bank,11,11.46,0,1,domestic,Not Fraud
234980,856.37,Wallet,Transfer,Myntra,Hyderabad,Windows,Canara,10,44.68,1,2,domestic,Not Fraud
904650,191.08,NetBanking,Purchase,IRCTC,Patna,android,Canara,9,9.14,1,0,domestic,Not Fraud
894613,3729.27,UPI,Purchase,CRED,Pune,Android,PNB,4,20.04,0,3,Domestic ,Not Fraud
483287,984.44,NetBanking,Purchase,CRED,Chandigarh,Unknown,HDFC,6,32.59,1,2,Domestic,Not Fraud
863811,5071.57,UPI,Purchase,CRED,Chandigarh,android,ICICI,6,6.36,1,0,International,Not Fraud
245120,18716.55,NetBanking,Refund,Uber,Hyderabad,Android ,BOB,2,59.98,0,2,domestic,Not Fraud
375612,2451.73,ATM,Recharge,Swiggy,Patna,Mac,Axis,15,35.2,1,3,domestic,Fraud
683762,8784.05,NetBanking,Recharge,Flipkart,Kolkata,Android ,PNB,14,22.45,1,3,domestic,Not Fraud
958515,816.63,ATM,Bill Payment,Meesho,Lucknow,Windows,Axis,6,34.87,0,3,Domestic,Not Fraud
725507,7786.8,Card,Recharge,Google Pay,Ahmedabad,android,Axis,7,18.65,1,2,Domestic ,Fraud
753611,2244.02,UPI,Refund,Flipkart,Delhi,Android,Kotak,10,37.38,0,3,Domestic ,Not Fraud
837115,2969.07,Wallet,Purchase,Airtel,Hyderabad,Mac,Union Bank,1,26.33,0,2,Domestic ,Not Fraud
258664,2590.54,NetBanking,Refund,Paytm,Kolkata,Android ,Canara,1,46.14,0,1,Domestic ,Not Fraud
395798,1309.21,POS,Recharge,Flipkart,Delhi,iPhone,PNB,11,11.44,0,2,Domestic ,Fraud
238014,20516.51,ATM,Bill Payment,Ajio,Mumbai,iPhone,Kotak,2,50.49,1,2,Domestic,Fraud
922423,3100.58,Wallet,Refund,Myntra,Indore,iPhone,ICICI,4,12.76,0,0,domestic,Not Fraud
713852,1033.93,ATM,Refund,Paytm,,Unknown,BOB,1,23.81,1,3,Domestic,Not Fraud
554403,1657.03,Card,Refund,Uber,Chandigarh,Android,Union Bank,5,3.6,1,2,International,Not Fraud
526333,567.9,POS,Transfer,MakeMyTrip,Chennai,Mac,BOB,15,49.0,0,2,Domestic,Not Fraud
907790,3263.18,Card,Purchase,IRCTC,Chandigarh,Android ,PNB,1,56.15,0,0,domestic,Not Fraud
862752,1634.73,UPI,Purchase,Ajio,Chandigarh,Android,Axis,4,21.42,0,2,Domestic ,Not Fraud
356835,2749.2,NetBanking,Recharge,Google Pay,Patna,Android,Canara,8,9.73,0,2,domestic,Not Fraud
441742,1170.32,Wallet,Recharge,Ajio,Kochi,Unknown,HDFC,13,32.84,0,2,International,Not Fraud
372747,2717.29,Wallet,Refund,SBI,Kolkata,Unknown,Kotak,8,54.48,1,3,Domestic,Not Fraud
520100,10456.84,NetBanking,Transfer,Ajio,Mumbai,Windows,SBI,14,21.22,1,0,domestic,Fraud
140484,1446.32,UPI,Cash Withdrawal,Swiggy,Kochi,Android,PNB,1,29.12,0,1,Domestic,Not Fraud
996151,1610.6,NetBanking,Purchase,MakeMyTrip,Surat,Unknown,ICICI,8,34.27,1,3,Domestic,Not Fraud
170147,803.69,NetBanking,Purchase,PhonePe,Pune,iPhone,HDFC,7,56.29,1,0,Domestic,Fraud
474744,1153.9,Card,Refund,Amazon India,Surat,Mac,SBI,1,34.0,0,3,domestic,Not Fraud
845613,980.73,NetBanking,cash withdrawal,SBI,Delhi,Android ,SBI,4,26.52,0,2,Domestic,Not Fraud
800968,1780.89,POS,Refund,Meesho,Chennai,Mac,Kotak,9,38.92,0,3,Domestic ,Not Fraud
134179,7684.46,POS,Bill Payment,CRED,Kolkata,android,HDFC,4,47.68,1,2,Domestic,Not Fraud
115968,266.42,Card,Refund,SBI,Indore,Unknown,Kotak,3,50.25,0,1,domestic,Not Fraud
629115," ₹4,656.27",Wallet,Cash Withdrawal,Airtel,Indore,iPhone,PNB,9,30.34,0,0,Domestic ,Not Fraud
587494,1403,Card,Bill Payment,Amazon India,Lucknow,Windows,Canara,3,51.91,0,3,domestic,Not Fraud
709951,,Wallet,Transfer,SBI,Delhi,Android,PNB,10,57.85,0,2,Domestic,Not Fraud
345046,2941,POS,Recharge,Meesho,Chandigarh,Android,Kotak,4,39.17,1,3,Domestic ,Not Fraud
750686,1826.06,Wallet,Refund,Airtel,Jaipur,Unknown,Canara,6,38.48,0,3,International,Not Fraud
299899,570.15,UPI,Bill Payment,Jio,Lucknow,android,PNB,12,8.97,0,2,domestic,Not Fraud
408571,1788.44,ATM,Recharge,SBI,Kolkata,Unknown,PNB,1,11.71,1,3,International,Not Fraud
272959,1593.81,POS,Refund,Zomato,Pune,Mac,Canara,6,2.47,1,0,International,Not Fraud
986465,3570.05,NetBanking,Purchase,Zomato,Delhi,Windows,Kotak,1,35.3,0,0,Domestic ,Not Fraud
382789,5525.87,POS,Cash Withdrawal,MakeMyTrip,Mumbai,Android,Kotak,1,25.4,0,2,International,Not Fraud
656679,2637.61,Wallet,Cash Withdrawal,MakeMyTrip,Kochi,Mac,Axis,10,28.38,1,3,domestic,Not Fraud
222402,15231.27,NetBanking,Cash Withdrawal,Zomato,Bengaluru,android,HDFC,3,5.32,1,1,domestic,Not Fraud
518187,7269.22,NetBanking,Recharge,Myntra,Indore,Android ,Kotak,4,30.76,0,1,Domestic ,Not Fraud
572836,1582.86,ATM,Cash Withdrawal,Google Pay,Jaipur,android,PNB,2,1.46,1,2,International,Not Fraud
297282,1224.84,NetBanking,Recharge,Meesho,Chennai,Windows,ICICI,10,14.91,0,3,Domestic ,Not Fraud
226706,1392.96,ATM,Recharge,PhonePe,Bengaluru,Android,HDFC,1,57.88,0,3,domestic,Not Fraud
772996,,NetBanking,Recharge,Airtel,Kochi,Windows,Union Bank,3,26.51,1,2,domestic,Not Fraud
498575,3847.44,NetBanking,Purchase,Ajio,Kochi,Android,Canara,11,1.92,1,3,Domestic,Not Fraud
554713,1116.41,NetBanking,Purchase,BigBasket,Mumbai,Windows,ICICI,14,41.27,0,3,Domestic,Not Fraud
835739,2945.38,POS,Transfer,BookMyShow,Kochi,Unknown,Kotak,10,58.3,1,1,domestic,Not Fraud
588970,958.71,ATM,Transfer,Uber,Pune,Mac,Union Bank,10,24.72,0,0,domestic,Not Fraud
504413,770.83,POS,Bill Payment,Razorpay,Ahmedabad,Mac,HDFC,4,46.23,0,1,International,Not Fraud
986161,1393.99,ATM,Bill Payment,Zomato,Indore,Android ,HDFC,4,24.88,0,0,Domestic ,Not Fraud
388053,9864.85,UPI,Recharge,CRED,Pune,Windows,Kotak,6,26.07,0,1,domestic,Not Fraud
752736,1572.49,UPI,Recharge,Amazon India,Bhopal,Android,PNB,8,29.88,0,3,International,Fraud
292012,1535.4,Wallet,Refund,Airtel,Patna,iPhone,ICICI,11,22.1,1,2,International,Not Fraud
797824,3188.83,ATM,Cash Withdrawal,Flipkart,Bhopal,Mac,ICICI,14,59.23,0,2,domestic,Not Fraud
507614,6024.44,Card,Recharge,Myntra,Bhopal,Android,SBI,3,4.27,0,2,Domestic ,Not Fraud
340110,11428.81,NetBanking,Refund,Swiggy,Bengaluru,Android,Kotak,5,51.17,1,3,Domestic,Not Fraud
226151,1630.6,UPI,Transfer,PhonePe,Ahmedabad,Unknown,Canara,9,29.92,1,0,Domestic,Not Fraud
694962,2266.27,ATM,Transfer,BigBasket,Chandigarh,Unknown,ICICI,12,11.07,1,0,International,Fraud
240556,2973.93,Wallet,Bill Payment,BookMyShow,Hyderabad,Android,HDFC,14,47.46,0,0,domestic,Not Fraud
882025,599.2,UPI,Recharge,Meesho,Hyderabad,Unknown,Kotak,15,52.57,1,1,International,Yes
924501,1334.96,Card,Refund,Myntra,Pune,Windows,BOB,5,42.15,1,2,domestic,Not Fraud
163252,1395.03,UPI,Transfer,Paytm,Hyderabad,Mac,SBI,10,47.52,1,0,Domestic ,Not Fraud
397045,2339.33,POS,Refund,CRED,Chandigarh,Unknown,SBI,7,4.98,1,3,Domestic ,Not Fraud
956979,4508.22,ATM,Transfer,Zomato,Pune,Unknown,HDFC,8,32.66,0,1,Domestic ,Not Fraud
747573,1884.5,UPI,Purchase,MakeMyTrip,Pune,Unknown,Kotak,12,5.27,1,3,Domestic ,Not Fraud
785723,452.62,Wallet,Bill Payment,Airtel,Bengaluru,Mac,HDFC,8,44.5,0,1,Domestic ,Not Fraud
591285,4362.72,Wallet,Purchase,Google Pay,Chandigarh,Mac,ICICI,9,14.24,0,3,Domestic ,Not Fraud
611886,3960.05,NetBanking,Cash Withdrawal,Myntra,Chandigarh,Mac,Canara,1,47.17,1,3,Domestic,Not Fraud
917567,1474.94,NetBanking,Recharge,Zomato,Lucknow,Unknown,HDFC,13,58.54,1,1,International,Not Fraud
707447,1250.63,ATM,Cash Withdrawal,SBI,Bengaluru,Mac,SBI,15,40.0,0,0,Domestic ,Not Fraud
417320,7461.9,Card,Refund,Paytm,Indore,Mac,Kotak,14,7.97,1,2,domestic,Fraud
424975," ₹7,464.16",Card,Refund,MakeMyTrip,Bhopal,Android ,ICICI,4,56.57,1,0,International,Not Fraud
168141,1642.33,Card,Purchase,CRED,Indore,Unknown,Axis,1,31.73,0,3,International,YES
588333,334.56,Card,Bill Payment,BookMyShow,Chennai,Unknown,Axis,1,0.18,1,1,Domestic,Not Fraud
201942,2066.25,UPI,Transfer,Ajio,Indore,iPhone,Union Bank,12,42.53,0,1,Domestic ,Not Fraud
272908,2252.22,POS,Transfer,SBI,Ahmedabad,Mac,Canara,12,21.82,1,3,domestic,Not Fraud
778293,3188,NetBanking,Cash Withdrawal,Amazon India,Chennai,Android ,SBI,10,56.07,1,2,Domestic ,Not Fraud
470582,1542.81,POS,Transfer,BookMyShow,Pune,Android,HDFC,10,36.04,1,2,Domestic ,Not Fraud
252524,6137.06,UPI,Recharge,BookMyShow,Kochi,Windows,SBI,4,12.14,1,2,International,Not Fraud
142458,5344.28,Wallet,Purchase,Swiggy,Hyderabad,Android,HDFC,11,27.65,1,3,International,Not Fraud
667265,2225.69,Card,Purchase,BigBasket,Bhopal,Windows,Union Bank,2,9.03,0,3,Domestic ,Not Fraud
614558,1268.46,UPI,Transfer,SBI,Bhopal,Unknown,Canara,14,57.66,0,1,Domestic ,Not Fraud
188497,1112.23,POS,Recharge,BookMyShow,Chandigarh,Mac,BOB,5,5.28,1,3,International,Fraud
219258,1214.4,POS,Transfer,Ajio,Delhi,Mac,Kotak,1,44.93,1,1,Domestic,Not Fraud
936500,488.83,ATM,Bill Payment,Razorpay,Jaipur,iPhone,SBI,13,26.79,0,3,International,Not Fraud
711941,6174.0,Wallet,Purchase,Google Pay,Bengaluru,android,SBI,4,44.71,1,2,International,Not Fraud
638711,1313.12,NetBanking,Bill Payment,Google Pay,Delhi,Android ,SBI,10,52.44,1,2,Domestic ,Not Fraud
836070,4451.67,UPI,Refund,Meesho,Mumbai,Android ,Canara,4,13.34,1,3,domestic,Not Fraud
456332,1658.25,ATM,Transfer,MakeMyTrip,Lucknow,Unknown,PNB,11,48.18,1,2,domestic,Fraud
823667,7470.28,ATM,Bill Payment,Meesho,Bengaluru,android,Axis,15,9.31,1,1,International,Not Fraud
975946,354.35,NetBanking,Refund,MakeMyTrip,Bengaluru,Windows,PNB,7,3.05,0,0,International,Not Fraud
604652,376.14,POS,Bill Payment,BigBasket,Ahmedabad,Unknown,Kotak,7,19.02,1,1,domestic,Not Fraud
810264,1068.22,Wallet,Purchase,Swiggy,Lucknow,Android,Axis,13,55.42,0,2,Domestic ,Not Fraud
299477,779.96,NetBanking,Transfer,BookMyShow,Hyderabad,Mac,PNB,10,32.14,0,2,Domestic ,Not Fraud
246726,1229.29,Card,Recharge,Swiggy,Kolkata,iPhone,BOB,9,13.15,0,2,International,Not Fraud
604184,7413.83,NetBanking,Cash Withdrawal,Uber,Pune,iPhone,BOB,12,47.23,1,2,Domestic,Not Fraud
929374,3392.77,UPI,Recharge,Swiggy,Hyderabad,Windows,Canara,1,1.68,1,1,Domestic,Not Fraud
931837,1739.36,Wallet,Cash Withdrawal,Myntra,Bengaluru,Android ,SBI,6,18.53,0,1,International,Not Fraud
315435,,UPI,Bill Payment,Razorpay,Patna,Windows,Kotak,11,37.72,1,3,Domestic,Not Fraud
626625,1489.94,Card,Bill Payment,Amazon India,Surat,Android,BOB,13,25.06,1,1,Domestic ,Not Fraud
399760,1020.48,UPI,Bill Payment,IRCTC,Ahmedabad,Mac,Canara,6,46.11,0,3,domestic,Not Fraud
988439,2679.46,ATM,Bill Payment,BookMyShow,Indore,Android ,Union Bank,6,46.22,0,2,Domestic ,fraud
433523,4871.6,Card,Transfer,MakeMyTrip,Hyderabad,Android,Union Bank,9,24.64,1,2,Domestic ,Not Fraud
132375,8770.16,Wallet,Purchase,SBI,Patna,android,SBI,4,14.98,0,3,domestic,Not Fraud
629137,1528.58,Card,Bill Payment,Uber,Bengaluru,Mac,ICICI,7,32.95,0,3,domestic,Yes
940744,1827.85,Card,Cash Withdrawal,Myntra,Lucknow,Android ,Canara,3,56.66,0,1,domestic,Not Fraud
982897,1248.58,ATM,transfer,BookMyShow,Chennai,android,HDFC,10,36.8,1,2,Domestic ,Not Fraud
108902,366.29,POS,Bill Payment,SBI,Chandigarh,Unknown,SBI,10,43.4,1,2,International,Not Fraud
666883,973.77,UPI,Refund,Paytm,Bengaluru,Unknown,ICICI,7,6.79,1,1,domestic,Not Fraud
565892,2317.55,Wallet,Transfer,PhonePe,Chandigarh,Unknown,Canara,14,37.2,0,2,Domestic,Not Fraud
480971,2533.72,Card,Bill Payment,MakeMyTrip,Indore,Android,ICICI,12,57.18,0,0,Domestic,Not Fraud
117880,7128.78,Card,Bill Payment,SBI,Chandigarh,Android ,SBI,10,22.33,1,2,Domestic ,Not Fraud
125249,3590.77,Wallet,Transfer,BigBasket,Hyderabad,iPhone,Kotak,12,17.94,0,2,domestic,Not Fraud
806845,5697.43,UPI,Cash Withdrawal,Meesho,Kochi,Windows,Canara,10,27.21,1,2,Domestic,Not Fraud
401719,14685.52,NetBanking,Recharge,Flipkart,Ahmedabad,android,Kotak,1,40.13,1,1,domestic,Not Fraud
185840,2927.22,ATM,Purchase,Airtel,Indore,Mac,Axis,13,24.81,1,2,Domestic ,Not Fraud
719687,1025.95,ATM,Bill Payment,Amazon India,Jaipur,Windows,Union Bank,15,42.9,0,2,International,Not Fraud
457700,1455.93,UPI,Transfer,BookMyShow,Chandigarh,Android ,PNB,14,34.79,1,1,domestic,Not Fraud
857058, ₹294.41,UPI,Cash Withdrawal,Myntra,Bhopal,iPhone,HDFC,12,28.39,0,2,Domestic,Not Fraud
623440, ₹890.87,Wallet,Cash Withdrawal,Amazon India,Bhopal,Windows,SBI,3,18.42,0,1,domestic,Not Fraud
954852,3751.65,Wallet,Refund,Zomato,Lucknow,iPhone,Axis,14,22.04,0,3,Domestic,Not Fraud
698159,3568.9,NetBanking,Cash Withdrawal,Flipkart,Bengaluru,Mac,Kotak,7,26.99,1,3,International,Not Fraud
275646,,Card,Transfer,Ajio,Kochi,android,Kotak,15,25.31,0,3,Domestic ,Not Fraud
945410,697.32,POS,Purchase,Amazon India,Indore,Windows,Canara,8,15.5,0,0,Domestic,Not Fraud
767418,161.27,Wallet,Bill Payment,BookMyShow,Surat,Android,Axis,10,55.24,0,0,domestic,Not Fraud
600178,3241.11,Wallet,Recharge,Airtel,Jaipur,Android ,ICICI,3,46.23,0,3,domestic,Not Fraud
917793,322.54,ATM,Cash Withdrawal,PhonePe,Chandigarh,iPhone,HDFC,14,8.98,0,3,domestic,Fraud
272330,2160.92,Card,Bill Payment,BigBasket,Bengaluru,android,PNB,9,53.75,0,1,Domestic ,Not Fraud
386477,1385.78,Card,Bill Payment,MakeMyTrip,Jaipur,Windows,HDFC,1,26.98,0,3,International,Not Fraud
558235,4065.88,Wallet,Transfer,Jio,Bengaluru,Android ,Union Bank,6,22.38,0,1,International,Not Fraud
108909,913.79,NetBanking,Refund,Ajio,Bhopal,iPhone,Union Bank,3,1.39,0,1,Domestic,Not Fraud
986567,,Wallet,Refund,Flipkart,Jaipur,Windows,SBI,8,59.66,1,1,domestic,Not Fraud
934951,1856.74,NetBanking,Recharge,Airtel,Mumbai,Windows,ICICI,7,38.31,1,1,domestic,Not Fraud
506518,1633.71,UPI,Transfer,BigBasket,Delhi,Windows,BOB,2,6.92,0,1,Domestic,Not Fraud
877174,384.46,UPI,Purchase,Myntra,Kolkata,iPhone,BOB,11,44.36,0,3,International,Not Fraud
247065,7710.23,UPI,Purchase,Swiggy,Patna,Unknown,Canara,4,20.23,0,3,Domestic,Not Fraud
422053,1187.94,Wallet,Refund,MakeMyTrip,Chennai,Mac,ICICI,14,48.47,0,0,Domestic ,Not Fraud
617101,3974.29,UPI,Bill Payment,CRED,Bengaluru,Android ,Axis,6,38.1,0,1,Domestic ,Not Fraud
849328,2397.91,ATM,Refund,Myntra,Pune,android,Kotak,6,4.4,0,1,Domestic ,Fraud
909102,805.55,Wallet,Purchase,Ajio,Kochi,Mac,SBI,7,45.24,1,0,International,Not Fraud
313618,6065.97,UPI,Recharge,Ajio,Bengaluru,iPhone,PNB,5,30.66,0,1,Domestic,Not Fraud
519396,1134.13,POS,Transfer,Amazon India,Kolkata,Mac,HDFC,6,53.92,1,3,International,Not Fraud
275268,548.24,Wallet,Recharge,Jio,Chandigarh,Windows,Axis,14,35.45,0,0,Domestic ,Not Fraud
201333,1118.11,UPI,Refund,Google Pay,Surat,Unknown,SBI,2,43.63,0,1,International,Not Fraud
898839,5784.55,NetBanking,Transfer,Jio,Chandigarh,Android ,ICICI,10,21.64,0,0,domestic,Not Fraud
240698,10132.34,Wallet,Transfer,Uber,Jaipur,Windows,BOB,2,49.95,1,2,domestic,Not Fraud
361696,4067.71,POS,Refund,SBI,Chennai,Android ,Kotak,8,39.79,1,3,International,Not Fraud
971737,2457.46,Wallet,Recharge,Google Pay,Chandigarh,Unknown,Canara,4,6.78,0,1,domestic,Not Fraud
753438,751.61,POS,Purchase,Swiggy,Kolkata,Windows,HDFC,4,12.53,0,2,International,Not Fraud
141207,6778.36,ATM,Cash Withdrawal,Jio,Delhi,Unknown,Canara,11,8.23,1,1,Domestic ,Not Fraud
676347,25089.39,UPI,Bill Payment,Swiggy,Chandigarh,Android ,PNB,10,21.72,1,3,Domestic ,Not Fraud
144668,3085.74,ATM,Purchase,Flipkart,Kochi,Mac,BOB,15,50.14,1,0,International,Not Fraud
544771,2817.98,ATM,Bill Payment,Ajio,Indore,Windows,Kotak,4,45.37,0,2,domestic,Not Fraud
125416,16628.85,ATM,Cash Withdrawal,PhonePe,Bhopal,iPhone,BOB,8,32.75,0,1,domestic,Not Fraud
226959,7063.54,Wallet,Recharge,Jio,Mumbai,Android ,BOB,15,39.81,1,3,International,Not Fraud
764575,713.13,NetBanking,Transfer,Uber,Delhi,Android,SBI,13,0.76,0,2,International,Not Fraud
213905,926.63,POS,Refund,BookMyShow,Chennai,Android ,Canara,10,49.73,0,3,Domestic ,Not Fraud
766890,1284.82,NetBanking,Recharge,Flipkart,Pune,Windows,ICICI,13,39.76,0,1,domestic,Not Fraud
736429,192.65,ATM,Transfer,Flipkart,Chandigarh,Android ,Axis,4,26.31,1,2,Domestic,Not Fraud
203984,4393.03,Card,Purchase,Uber,Indore,iPhone,Axis,14,24.45,1,1,Domestic,Not Fraud
148830,358.83,Card,Transfer,Uber,Chandigarh,Unknown,Axis,14,15.81,0,2,Domestic ,Not Fraud
575277,1172.34,NetBanking,Cash Withdrawal,Google Pay,Hyderabad,iPhone,Axis,1,40.91,1,2,Domestic ,Not Fraud
716137,1723.69,Card,Refund,Myntra,Lucknow,android,BOB,13,21.36,0,1,domestic,Not Fraud
965093,891.24,Wallet,Recharge,BigBasket,Lucknow,Android,Kotak,13,51.64,0,3,Domestic ,Not Fraud
965706,490.88,NetBanking,Bill Payment,CRED,Indore,android,ICICI,1,32.38,1,3,Domestic ,Not Fraud
856326,,Card,Purchase,Uber,Ahmedabad,iPhone,Union Bank,8,23.95,0,1,domestic,Not Fraud
621569,1268.91,Card,Cash Withdrawal,Swiggy,Bhopal,Mac,Kotak,13,32.78,1,2,International,Not Fraud
509149,466.01,POS,Refund,Razorpay,Bhopal,Android ,HDFC,14,9.22,0,2,Domestic,Not Fraud
413082,3787.58,ATM,Transfer,BookMyShow,Lucknow,iPhone,HDFC,7,4.05,0,3,Domestic ,Not Fraud
402433,6520.59,POS,Purchase,Airtel,Indore,Mac,HDFC,14,34.16,0,1,domestic,Not Fraud
462237,1986,UPI,Transfer,Google Pay,Surat,iPhone,Union Bank,15,2.22,1,3,domestic,Not Fraud
823589,1124.23,Wallet,Refund,Amazon India,Pune,Windows,SBI,8,15.19,0,2,Domestic,Not Fraud
149669,712.32,Card,Cash Withdrawal,Airtel,Kochi,Android ,Kotak,12,0.87,0,1,domestic,Not Fraud
602011,6869.82,UPI,Bill Payment,IRCTC,Pune,iPhone,Union Bank,1,1.54,1,0,Domestic ,Not Fraud
635795,7761.78,Wallet,Purchase,Airtel,Chennai,Mac,Canara,12,12.7,1,3,International,Not Fraud
323158,768.06,ATM,Purchase,IRCTC,Jaipur,Windows,HDFC,10,19.09,1,3,Domestic,Fraud
663830,1292.82,POS,Recharge,Zomato,Bhopal,Unknown,PNB,2,57.26,0,3,domestic,Not Fraud
370512,5006.73,ATM,Transfer,SBI,Patna,Android,BOB,4,57.46,0,1,Domestic ,Not Fraud
976254,11214.17,UPI,Purchase,IRCTC,Lucknow,Unknown,Kotak,8,51.91,1,1,domestic,Not Fraud
985514,1568.37,POS,Bill Payment,MakeMyTrip,Jaipur,Android,PNB,9,19.5,0,0,domestic,Not Fraud
303289,572.11,ATM,Cash Withdrawal,Ajio,Hyderabad,Android ,PNB,15,37.14,0,0,International,Not Fraud
877022,3439.46,UPI,Purchase,Razorpay,Mumbai,Android,HDFC,13,27.75,1,0,Domestic,Not Fraud
980060,1232.87,Wallet,Refund,Uber,Pune,Android,SBI,10,41.55,0,1,domestic,Not Fraud
428007,3816.48,Card,Purchase,CRED,Kochi,android,BOB,9,31.02,0,2,International,Not Fraud
594476,3412.12,NetBanking,Cash Withdrawal,Uber,Chandigarh,Mac,HDFC,8,25.31,0,3,Domestic ,Not Fraud
249361,649.48,UPI,Transfer,Paytm,Hyderabad,Windows,Canara,5,0.41,1,3,Domestic ,Not Fraud
697964,3390.18,ATM,Transfer,BigBasket,Mumbai,iPhone,Kotak,14,56.43,1,1,Domestic,Not Fraud
683496,7901.47,NetBanking,Cash Withdrawal,SBI,Delhi,Android,Union Bank,2,11.28,1,2,domestic,Not Fraud
201121,1604.97,NetBanking,Cash Withdrawal,CRED,Bhopal,Android ,PNB,1,19.55,0,1,Domestic,Fraud
157441,954.77,ATM,Purchase,BookMyShow,Pune,Android ,PNB,6,0.57,1,0,Domestic ,Not Fraud
715152,2777.36,UPI,Recharge,Myntra,Kolkata,Windows,Axis,8,50.86,1,0,domestic,Not Fraud
136338,2126.92,ATM,Transfer,Flipkart,Kolkata,Unknown,Canara,5,44.77,1,3,Domestic,Not Fraud
929893,3875.23,ATM,Recharge,MakeMyTrip,Chandigarh,Mac,ICICI,5,18.46,1,0,International,Fraud
126846,1300.17,UPI,Refund,Flipkart,Ahmedabad,Mac,Canara,10,33.43,1,2,Domestic ,Not Fraud
523086,323.37,Card,Cash Withdrawal,Google Pay,Mumbai,android,SBI,11,14.69,0,1,Domestic,Not Fraud
520312,1333.61,Wallet,Cash Withdrawal,Jio,Jaipur,Windows,SBI,10,1.02,1,1,Domestic,Not Fraud
202691,3871.55,ATM,Bill Payment,Meesho,Kolkata,Android ,HDFC,9,40.98,1,3,International,Not Fraud
391902,1060.2,ATM,Refund,Myntra,Kochi,Mac,Canara,8,20.27,0,1,Domestic,Not Fraud
646479,1278.1,Wallet,Transfer,Amazon India,Indore,Mac,Kotak,11,19.67,1,0,Domestic ,Not Fraud
478405,1362.32,NetBanking,Transfer,Swiggy,Hyderabad,Mac,SBI,14,20.53,1,1,Domestic,Fraud
967135,2922.66,UPI,Recharge,PhonePe,Kochi,Mac,SBI,8,55.63,1,1,International,Not Fraud
315878,3103.12,NetBanking,Refund,Google Pay,Chandigarh,Android,ICICI,3,27.57,0,3,International,Fraud
184571,5326.85,NetBanking,Recharge,Ajio,Kochi,Android,Kotak,7,59.96,0,0,domestic,Not Fraud
486978,422.28,UPI,Bill Payment,Airtel,Kolkata,Android,HDFC,7,18.62,0,0,domestic,Not Fraud
275206,2996.69,Card,Bill Payment,IRCTC,Surat,Android ,Axis,1,28.47,1,0,Domestic ,Not Fraud
781411,849.27,UPI,Recharge,Airtel,Mumbai,Windows,BOB,6,35.36,0,2,Domestic ,Not Fraud
608905,2504.81,Wallet,Transfer,Paytm,Kochi,Android,SBI,1,34.67,1,2,domestic,Not Fraud
133952,1035.66,Card,Recharge,Jio,Jaipur,android,PNB,6,7.66,1,2,Domestic,Not Fraud
616131,953.96,UPI,Bill Payment,Airtel,Bengaluru,Android ,BOB,6,18.97,1,2,International,Not Fraud
220957,4782.54,Wallet,Purchase,Flipkart,Surat,Windows,Axis,14,22.75,0,2,International,Not Fraud
365514,4617.53,NetBanking,Bill Payment,Paytm,Chennai,Android,SBI,3,29.84,1,3,Domestic,Not Fraud
454022,4525.4,POS,Purchase,Airtel,Ahmedabad,iPhone,Canara,4,1.98,0,1,Domestic,Not Fraud
198477,3732.02,Card,Recharge,Jio,Bengaluru,Unknown,Union Bank,6,38.53,0,0,domestic,Not Fraud
647360,1987.35,ATM,Purchase,Ajio,Kolkata,android,ICICI,1,18.71,0,0,Domestic,Not Fraud
471590,20873.02,UPI,Purchase,Jio,Indore,android,BOB,3,37.78,0,2,Domestic ,Not Fraud
697273,9246.53,UPI,Transfer,BigBasket,Patna,Windows,Union Bank,10,43.84,1,0,International,Not Fraud
204271,7714.04,Wallet,Recharge,Razorpay,Pune,iPhone,ICICI,7,46.72,0,0,International,Not Fraud
649641,1874.02,ATM,Transfer,Myntra,Mumbai,Windows,BOB,6,6.38,1,1,International,Not Fraud
617609,1141.83,ATM,Cash Withdrawal,Airtel,Patna,Android,Axis,6,19.92,0,1,International,fraud
276506,839.72,NetBanking,Transfer,MakeMyTrip,Ahmedabad,android,BOB,6,36.87,0,1,domestic,Not Fraud
338057,528.24,POS,Purchase,PhonePe,Indore,Unknown,Kotak,10,29.61,0,2,,Not Fraud
288709,649.87,POS,Refund,Ajio,Lucknow,Mac,Kotak,4,17.02,1,1,Domestic,Not Fraud
313558,7368.39,UPI,Purchase,CRED,Bhopal,Android ,Union Bank,2,33.85,0,0,Domestic,Not Fraud
943028,8676.99,UPI,Purchase,Google Pay,Bengaluru,Android,Axis,11,44.75,0,1,Domestic ,Yes
210546,940.52,Card,Cash Withdrawal,Ajio,Ahmedabad,Android,Canara,8,20.46,0,2,International,Not Fraud
461997,1448.15,UPI,Purchase,Airtel,Jaipur,Android ,BOB,10,2.69,1,2,International,Not Fraud
754458,3122.72,UPI,Purchase,PhonePe,Surat,Mac,Union Bank,13,30.1,1,1,domestic,Not Fraud
861887,4792.38,UPI,Refund,Airtel,Kochi,Android ,Canara,13,54.32,0,0,International,Not Fraud
771520,2504.94,ATM,Transfer,Swiggy,Mumbai,Android ,Union Bank,2,58.65,0,3,Domestic,Fraud
974381,357.43,Card,Refund,Uber,Pune,Mac,PNB,11,30.01,1,1,International,Not Fraud
588940,618.86,POS,Refund,MakeMyTrip,Pune,Mac,Kotak,4,43.35,0,1,Domestic,Not Fraud
457677,1469.72,ATM,Bill Payment,Zomato,Delhi,Mac,Kotak,5,37.54,1,2,Domestic ,Not Fraud
759653,2537.21,POS,Transfer,Google Pay,Surat,android,BOB,1,6.36,0,0,International,Fraud
166982,651.42,NetBanking,Refund,PhonePe,Indore,Mac,Canara,2,6.24,0,0,Domestic,Not Fraud
221168," ₹1,782.88",Wallet,Cash Withdrawal,BookMyShow,Hyderabad,android,HDFC,5,41.29,0,2,International,Not Fraud
196313,1290.61,Card,Cash Withdrawal,Google Pay,Kolkata,android,BOB,8,40.85,1,1,Domestic ,Not Fraud
559994,4923.82,UPI,Cash Withdrawal,Airtel,Patna,Unknown,HDFC,14,1.37,0,2,Domestic,Not Fraud
322731,7925.06,ATM,Recharge,BigBasket,Surat,Windows,Canara,3,56.71,0,0,domestic,Fraud
192810,713.15,Card,Transfer,Zomato,Chennai,Unknown,PNB,13,21.58,1,1,Domestic,Not Fraud
114542,33574.29,UPI,Bill Payment,SBI,Kolkata,android,Canara,12,19.95,1,3,domestic,Not Fraud
684494,1075.14,UPI,Purchase,Amazon India,Delhi,Android,PNB,11,57.28,0,2,Domestic,Not Fraud
383967,12858.39,UPI,Refund,Jio,Ahmedabad,Mac,Canara,3,30.87,0,1,Domestic,fraud
567540,3423.49,Card,Transfer,Zomato,Ahmedabad,iPhone,SBI,13,27.96,0,2,Domestic,Not Fraud
271769,15760.62,Wallet,Transfer,Swiggy,Bengaluru,Mac,Axis,10,4.46,0,1,domestic,Not Fraud
434752,7571.53,ATM,Cash Withdrawal,CRED,Chandigarh,android,Union Bank,1,52.46,0,3,Domestic,Not Fraud
275579,2048.14,NetBanking,Cash Withdrawal,Meesho,Kolkata,android,BOB,4,7.61,0,2,Domestic ,Not Fraud
754909,771.55,POS,Bill Payment,MakeMyTrip,Chandigarh,Unknown,Union Bank,14,19.38,1,2,Domestic ,Not Fraud
232597,6796.84,POS,Purchase,MakeMyTrip,Surat,android,HDFC,11,51.88,0,2,domestic,Not Fraud
388288,8069.1,Wallet,Refund,Ajio,Kolkata,iPhone,PNB,14,23.46,0,2,domestic,Not Fraud
192682,11615.74,NetBanking,Cash Withdrawal,CRED,Chandigarh,iPhone,SBI,6,43.46,0,2,domestic,Not Fraud
928970,10599.26,Wallet,Refund,Ajio,Indore,Android ,PNB,11,8.44,0,1,Domestic,YES
157246,919.72,ATM,Purchase,Razorpay,Jaipur,Unknown,BOB,6,55.95,0,3,Domestic ,Not Fraud
852192,5283.58,Card,Purchase,MakeMyTrip,Ahmedabad,Android ,Union Bank,11,54.39,0,2,Domestic ,Not Fraud
184345,1075.59,Card,Recharge,Ajio,Jaipur,iPhone,PNB,11,24.77,1,3,domestic,Not Fraud
907711,482.81,Card,Recharge,Google Pay,Jaipur,android,SBI,9,55.34,1,1,domestic,Not Fraud
728896,324.51,POS,Bill Payment,Uber,Patna,Android ,SBI,5,17.45,1,2,Domestic,Not Fraud
502405,357.21,UPI,Recharge,MakeMyTrip,Bhopal,iPhone,Kotak,12,15.99,1,3,International,Not Fraud
991457,2163.38,NetBanking,Bill Payment,Meesho,Delhi,Mac,SBI,10,8.46,1,2,International,Not Fraud
377478,,Card,Cash Withdrawal,PhonePe,Ahmedabad,Mac,Union Bank,6,49.29,0,1,Domestic ,Not Fraud
481587,9998.96,UPI,Recharge,Amazon India,Bengaluru,android,ICICI,2,13.4,1,2,Domestic ,Not Fraud
345675,928.35,UPI,Transfer,Zomato,Kolkata,android,HDFC,13,31.76,1,1,Domestic,Not Fraud
829917,6480.93,Card,Bill Payment,Ajio,Bengaluru,Windows,Kotak,5,34.3,0,1,International,Not Fraud
461664,8479.3,Wallet,Cash Withdrawal,Razorpay,Kolkata,Mac,SBI,11,33.33,1,3,International,Not Fraud
282604,864.15,UPI,Bill Payment,IRCTC,Chandigarh,Windows,Union Bank,4,7.81,1,2,domestic,Not Fraud
819262,1876.68,ATM,Cash Withdrawal,Google Pay,Bengaluru,android,Union Bank,10,4.45,0,3,Domestic ,Not Fraud
703081,2897.3,ATM,Purchase,SBI,Surat,Android,Kotak,15,29.8,0,0,Domestic,Not Fraud
705119,1210.7,POS,Bill Payment,Amazon India,Chennai,android,Canara,8,20.85,1,3,International,Not Fraud
513802,5073.41,ATM,Bill Payment,CRED,Surat,Unknown,HDFC,9,26.25,0,2,International,Not Fraud
534048,9311.68,NetBanking,Purchase,Meesho,Lucknow,iPhone,PNB,6,41.66,1,1,domestic,Not Fraud
400027,853.59,Wallet,Refund,Google Pay,Chandigarh,android,PNB,11,54.14,1,1,International,Not Fraud
438176,250.93,Card,Bill Payment,Swiggy,Chandigarh,Windows,PNB,2,30.63,0,3,Domestic ,Not Fraud
695474," ₹3,080.44",NetBanking,Cash Withdrawal,IRCTC,Chennai,iPhone,BOB,3,18.24,1,3,domestic,Not Fraud
780596,1675.39,ATM,Recharge,BigBasket,Patna,Android,BOB,9,9.75,1,0,International,Not Fraud
659198,5188.19,Card,Transfer,Meesho,Delhi,Unknown,HDFC,4,56.97,1,3,International,Not Fraud
737099,338.8,UPI,Purchase,Swiggy,Ahmedabad,Android ,SBI,2,3.82,0,2,International,Not Fraud
110733,2348.82,ATM,Bill Payment,Google Pay,Chennai,android,ICICI,15,57.54,0,2,domestic,Not Fraud
930853,4103.99,Wallet,Bill Payment,Amazon India,Ahmedabad,Unknown,BOB,9,0.92,0,2,Domestic ,Not Fraud
995579,4877.82,Wallet,Cash Withdrawal,Paytm,Kochi,iPhone,Canara,3,46.44,1,0,Domestic ,Not Fraud
760327,1024.69,NetBanking,Refund,Paytm,Hyderabad,iPhone,BOB,4,51.31,1,3,Domestic ,No
571225,2901.09,UPI,Cash Withdrawal,Amazon India,Chandigarh,Windows,Union Bank,5,41.04,1,1,domestic,Not Fraud
756590,910.12,Card,Bill Payment,Ajio,Kochi,Unknown,HDFC,13,16.3,1,3,Domestic,Not Fraud
359174,2409.92,ATM,Recharge,IRCTC,Hyderabad,Mac,SBI,6,13.56,1,0,domestic,Not Fraud
389482,5110.74,NetBanking,Refund,PhonePe,Chandigarh,Android ,Union Bank,4,56.81,0,2,domestic,Not Fraud
444793,1223.2,UPI,Purchase,Myntra,Kolkata,Android ,PNB,15,25.08,0,2,domestic,Not Fraud
128825,2856.25,UPI,Bill Payment,Meesho,Indore,Windows,ICICI,13,18.52,0,2,Domestic ,Not Fraud
150610,9828.8,Wallet,Purchase,Ajio,Chennai,Android ,Canara,4,32.06,1,3,domestic,Not Fraud
393658,917.47,UPI,Refund,Meesho,Patna,Windows,ICICI,3,16.72,0,2,International,Not Fraud
170064,403.33,ATM,Recharge,Uber,Ahmedabad,android,Canara,14,16.63,0,1,domestic,Not Fraud
582964,1725.35,POS,Bill Payment,BookMyShow,Delhi,Mac,HDFC,5,49.39,1,2,Domestic,Not Fraud
367533,20785.0,NetBanking,Transfer,CRED,Ahmedabad,iPhone,Axis,7,10.54,0,1,Domestic,Not Fraud
229726,1578.48,Wallet,Purchase,Razorpay,Chandigarh,Windows,SBI,11,53.44,1,3,International,Not Fraud
243493,739.89,ATM,Purchase,Jio,Indore,Windows,Axis,10,24.89,1,0,Domestic,Not Fraud
866827,3347.8,Card,Recharge,Flipkart,Chennai,Android,BOB,1,43.22,1,0,Domestic ,Not Fraud
991444,1881.01,ATM,Refund,PhonePe,Hyderabad,Mac,HDFC,7,33.96,1,2,Domestic ,Not Fraud
897598,2504.59,POS,Transfer,BookMyShow,Ahmedabad,Windows,ICICI,14,32.59,0,2,domestic,Not Fraud
448628,2365.46,ATM,Recharge,Uber,Chandigarh,Mac,BOB,15,41.59,0,2,Domestic,Not Fraud
929396,1903.02,Card,Bill Payment,PhonePe,Indore,android,SBI,7,45.23,0,2,Domestic,Not Fraud
182321,1611.3,UPI,Transfer,Flipkart,Indore,iPhone,PNB,1,40.35,0,2,Domestic ,Not Fraud
532803,338.5,ATM,Bill Payment,PhonePe,Patna,iPhone,Axis,6,52.39,0,2,International,Not Fraud
454560,9086.34,ATM,Recharge,BookMyShow,Chandigarh,Windows,BOB,9,27.59,1,0,Domestic,Not Fraud
851021,1237.42,NetBanking,Cash Withdrawal,Ajio,Jaipur,Unknown,SBI,13,43.08,0,3,domestic,Not Fraud
401585,2045.49,Wallet,Bill Payment,Meesho,Kolkata,android,SBI,2,15.98,0,0,Domestic ,Not Fraud
299613,6344.03,POS,Bill Payment,PhonePe,Pune,Unknown,BOB,13,24.6,1,1,domestic,Not Fraud
785540," ₹1,764.77",Wallet,Bill Payment,Flipkart,Delhi,Mac,SBI,8,26.54,1,3,domestic,Not Fraud
536455,582.47,NetBanking,Refund,Razorpay,Kochi,Android ,Union Bank,12,33.16,0,0,Domestic ,Fraud
574169,2058,Card,Refund,Jio,Surat,iPhone,Canara,5,26.18,0,1,Domestic,Not Fraud
402003,797.84,UPI,Transfer,Paytm,Delhi,iPhone,Kotak,3,57.98,1,3,Domestic ,Not Fraud
179975,701.44,POS,Refund,CRED,Delhi,iPhone,SBI,4,22.25,0,2,Domestic ,Not Fraud
588058,1478.77,Wallet,Refund,PhonePe,Chandigarh,iPhone,SBI,4,31.08,0,1,domestic,Not Fraud
123256,1585.42,NetBanking,Bill Payment,Flipkart,Lucknow,Android ,Canara,4,47.87,1,2,Domestic,Not Fraud
450516,2282.51,NetBanking,Transfer,Amazon India,Bhopal,Android ,PNB,10,7.34,1,1,International,Not Fraud
356613,891.72,Card,Purchase,Airtel,Kochi,Android ,Axis,10,19.4,1,3,domestic,Not Fraud
477406,3065.73,Card,Purchase,Jio,Chennai,Windows,Kotak,13,57.16,1,2,International,Not Fraud
191088,384.43,Card,Purchase,Zomato,Ahmedabad,iPhone,SBI,8,59.44,1,1,domestic,Not Fraud
764317,285.46,Card,Recharge,Google Pay,Pune,iPhone,Axis,11,43.57,1,2,Domestic ,Not Fraud
291055,10169.7,ATM,Purchase,Swiggy,Hyderabad,iPhone,Axis,1,13.49,0,0,Domestic,No
347041, ₹708.72,ATM,Recharge,Flipkart,Hyderabad,iPhone,PNB,1,0.78,1,1,Domestic ,Not Fraud
308833,679.21,Card,Purchase,Paytm,Hyderabad,Unknown,Union Bank,10,19.54,0,0,Domestic ,Not Fraud
308409,2591.1,POS,Cash Withdrawal,PhonePe,Pune,Mac,PNB,3,42.62,0,1,domestic,Not Fraud
629093,6101.22,POS,Transfer,Myntra,Bhopal,android,Union Bank,1,52.7,0,0,Domestic ,Not Fraud
719590,2824.65,POS,Recharge,MakeMyTrip,Mumbai,Unknown,Axis,9,5.68,1,1,domestic,Not Fraud
658221,1313.33,NetBanking,Bill Payment,Amazon India,Kochi,iPhone,SBI,1,17.37,0,2,Domestic,Not Fraud
514647,1383.98,Wallet,Bill Payment,Uber,Bengaluru,iPhone,Canara,6,11.28,0,2,Domestic,Not Fraud
852019,572.27,NetBanking,Transfer,BigBasket,Bengaluru,Unknown,Axis,9,20.58,0,1,Domestic,Not Fraud
171392,2953.53,Wallet,Refund,Airtel,Kochi,Windows,Kotak,6,10.08,1,1,Domestic,Not Fraud
660256,3502.81,ATM,Bill Payment,Ajio,Ahmedabad,iPhone,Axis,11,25.56,0,2,domestic,Not Fraud
696853,1323.56,Card,Bill Payment,MakeMyTrip,Ahmedabad,Android,Union Bank,5,54.87,1,0,domestic,Not Fraud
943910,1624.82,UPI,Bill Payment,Jio,Chennai,Android ,Axis,7,16.53,1,0,Domestic ,Not Fraud
181741,2340.3,Card,Bill Payment,Uber,Pune,Windows,BOB,13,4.31,1,1,Domestic ,Not Fraud
600241,1052.53,POS,Transfer,Zomato,Hyderabad,android,Kotak,11,33.16,0,1,International,Not Fraud
177731,2324.49,UPI,Refund,Swiggy,Bengaluru,Mac,Canara,12,16.32,1,3,domestic,Fraud
190356,923.31,Card,Refund,Razorpay,Kochi,Unknown,Kotak,4,4.72,1,1,Domestic,Not Fraud
178683,3232,Wallet,Recharge,Jio,Jaipur,Android,Union Bank,3,31.73,0,0,domestic,Not Fraud
103507,535.38,UPI,Refund,Jio,Delhi,iPhone,SBI,11,32.5,0,2,domestic,Not Fraud
877452,1380.6,POS,Recharge,BookMyShow,Bengaluru,Android,SBI,13,38.8,1,3,Domestic ,Not Fraud
202831,2377.88,NetBanking,Refund,MakeMyTrip,Pune,Mac,Union Bank,5,50.33,0,2,domestic,Not Fraud
368786,1376.08,POS,Cash Withdrawal,Airtel,Chandigarh,Unknown,Union Bank,8,9.07,1,2,Domestic ,Not Fraud
404868,1120.58,NetBanking,Refund,BookMyShow,Indore,Windows,Union Bank,14,46.21,0,0,Domestic,YES
615393,3106.43,Card,Transfer,MakeMyTrip,Chandigarh,Mac,Axis,6,14.27,1,3,Domestic,Not Fraud
685057,2321.21,ATM,Cash Withdrawal,Myntra,Lucknow,iPhone,SBI,4,44.11,0,3,Domestic ,Not Fraud
460762,8497.87,Wallet,Transfer,BigBasket,Patna,iPhone,Axis,1,42.12,1,3,Domestic,Not Fraud
251808,695.42,NetBanking,Bill Payment,BigBasket,Hyderabad,Windows,SBI,4,52.97,1,2,Domestic ,Not Fraud
586581,12892.14,ATM,Bill Payment,PhonePe,Bhopal,Android ,Axis,6,24.05,0,1,Domestic ,Not Fraud
447725,7135.48,ATM,Recharge,IRCTC,Lucknow,unknown,Canara,3,41.54,0,3,International,fraud
896691,10114.78,UPI,Refund,Uber,Pune,Android,HDFC,12,44.92,0,2,Domestic,Not Fraud
551117,806.09,UPI,Bill Payment,Meesho,Patna,Android ,ICICI,12,59.87,0,1,Domestic,Not Fraud
332892,10870.62,ATM,Purchase,Google Pay,Bhopal,Unknown,ICICI,5,2.42,0,3,International,Not Fraud
980959,3274.52,pos,Recharge,Airtel,Bhopal,Windows,BOB,15,48.35,1,1,Domestic ,Not Fraud
798556,620.12,Card,Transfer,Myntra,Hyderabad,Mac,,1,19.05,1,3,domestic,Not Fraud
224533," ₹1,936.52",Wallet,Bill Payment,BookMyShow,Lucknow,Android ,Kotak,7,55.45,0,1,domestic,Not Fraud
276937,3146.26,UPI,Purchase,Zomato,Chennai,iPhone,Axis,3,45.59,1,3,Domestic ,Not Fraud
130512,464.57,ATM,Refund,IRCTC,Bengaluru,Mac,Kotak,11,16.76,1,2,Domestic,Not Fraud
977662,3237.66,POS,Refund,Razorpay,Bhopal,Android,Union Bank,6,57.7,0,2,Domestic,Not Fraud
332422,9886.55,ATM,Refund,Uber,Lucknow,iPhone,HDFC,10,15.49,1,1,International,Not Fraud
988305,13874.97,NetBanking,Cash Withdrawal,Zomato,Delhi,Unknown,PNB,8,0.85,1,1,International,Not Fraud
410318,1113.6,UPI,Recharge,Meesho,Chennai,Android,Canara,6,34.8,1,0,Domestic,Not Fraud
942018,1926.08,Card,Bill Payment,PhonePe,Ahmedabad,Mac,ICICI,9,38.16,1,2,Domestic,Fraud
655608,4249.39,ATM,Bill Payment,Jio,Jaipur,Windows,SBI,2,1.44,0,2,International,No
351190,,POS,Bill Payment,Jio,Kochi,android,BOB,11,33.19,1,0,Domestic,Not Fraud
870501,1086.88,ATM,Transfer,Amazon India,Kolkata,Android ,SBI,5,42.32,0,0,Domestic ,Fraud
658856,2617.16,Wallet,Cash Withdrawal,PhonePe,Indore,Android ,Canara,14,42.12,1,3,domestic,Not Fraud
344063,406.45,UPI,Recharge,Google Pay,Chennai,android,PNB,3,24.31,0,0,International,Not Fraud
662603,1180.51,NetBanking,Transfer,Zomato,Lucknow,Android ,Axis,11,45.77,1,1,Domestic,Yes
283284,2383.46,ATM,Cash Withdrawal,Google Pay,Bhopal,android,PNB,13,57.74,0,1,International,Not Fraud
659973,1987.36,POS,Refund,Zomato,Indore,Unknown,PNB,2,14.51,1,1,domestic,Not Fraud
354644,535.53,UPI,Transfer,Ajio,Surat,Android ,Axis,7,27.35,1,2,International,Not Fraud
229215,1330.59,POS,Refund,Google Pay,Kochi,Windows,Union Bank,1,11.57,0,0,Domestic,Not Fraud
423138,4565.09,Wallet,Transfer,Razorpay,Lucknow,Android ,HDFC,15,19.68,1,1,domestic,Not Fraud
925583,935.11,Wallet,Cash Withdrawal,CRED,Chennai,Android,Union Bank,3,18.48,0,2,International,Not Fraud
834162,22640.87,UPI,Recharge,IRCTC,Chennai,Android,HDFC,12,56.14,0,3,domestic,Not Fraud
638008,3384.86,Card,Recharge,Zomato,Kolkata,Android,HDFC,12,35.12,1,1,domestic,Not Fraud
604780,2024.54,UPI,Bill Payment,Zomato,Chennai,Android ,ICICI,4,8.49,1,1,domestic,Not Fraud
872369,6456.78,POS,Bill Payment,SBI,Kolkata,Android ,Axis,6,46.39,0,3,International,Not Fraud
483749,8425.41,NetBanking,Bill Payment,Myntra,Pune,Unknown,SBI,6,46.47,0,2,domestic,Not Fraud
777056,399.04,POS,Transfer,Razorpay,Ahmedabad,iPhone,Canara,1,13.09,0,3,Domestic,Not Fraud
800988," ₹5,415.47",POS,Purchase,Airtel,Bhopal,iPhone,BOB,12,47.21,1,1,domestic,Not Fraud
341205,1913.33,Wallet,Purchase,PhonePe,Kochi,Android,SBI,14,35.38,0,3,Domestic ,Not Fraud
923228,5183,Wallet,Purchase,Myntra,Surat,Windows,SBI,10,42.93,0,2,International,Not Fraud
284505,826.93,Wallet,Cash Withdrawal,Google Pay,Bhopal,android,ICICI,15,10.95,0,1,Domestic,Not Fraud
797179,2671.84,NetBanking,Bill Payment,Airtel,Pune,Android ,PNB,5,46.31,1,3,Domestic,Not Fraud
616187,5612.46,Card,Cash Withdrawal,Ajio,Indore,Android,ICICI,8,12.41,1,3,International,Not Fraud
694795,1164.43,UPI,Refund,Airtel,Ahmedabad,Android,BOB,6,8.45,1,0,International,Fraud
687100,2087.27,UPI,Recharge,Razorpay,Surat,Unknown,SBI,5,5.28,1,3,Domestic,Not Fraud
636879,575.76,POS,Bill Payment,Airtel,Bengaluru,iPhone,,10,4.91,1,0,Domestic,Not Fraud
412179,3053.79,Card,Recharge,IRCTC,Jaipur,Windows,PNB,1,20.77,1,3,Domestic ,Not Fraud
267731,1656.44,ATM,Recharge,Amazon India,Lucknow,Unknown,PNB,6,43.38,0,0,domestic,Not Fraud
407896,669.11,NetBanking,Recharge,Swiggy,Bhopal,Mac,SBI,12,1.56,0,1,International,Not Fraud
789616,20646.55,UPI,Cash Withdrawal,Meesho,Lucknow,Android ,ICICI,2,29.44,0,3,Domestic ,Fraud
994105,1385.64,UPI,Recharge,Ajio,Indore,Android ,SBI,8,24.43,1,2,Domestic,Not Fraud
634775,2046.91,Card,Bill Payment,SBI,Jaipur,Windows,PNB,8,14.71,0,0,Domestic,Not Fraud
794177,2307.76,ATM,Cash Withdrawal,BookMyShow,Indore,Android ,BOB,2,42.94,0,3,Domestic ,Not Fraud
114245,236.82,UPI,Transfer,Ajio,Bhopal,Unknown,BOB,13,51.49,1,3,Domestic ,Not Fraud
588423,2587.83,ATM,Purchase,BigBasket,Surat,iPhone,SBI,3,51.2,0,1,Domestic ,Not Fraud
673242,1717.89,POS,Recharge,Meesho,Ahmedabad,android,Axis,4,48.9,1,1,domestic,Not Fraud
827831,1386.71,Wallet,Purchase,Jio,Ahmedabad,Mac,SBI,6,57.21,1,2,International,Not Fraud
919970,1996.94,POS,Transfer,BookMyShow,Lucknow,Windows,Axis,2,53.07,1,0,International,Not Fraud
778797,1337.59,Wallet,Purchase,Ajio,Bhopal,Unknown,HDFC,10,22.03,1,1,domestic,Not Fraud
711340,1681.32,NetBanking,Transfer,Meesho,Chandigarh,android,HDFC,2,1.19,0,0,Domestic,fraud
313424,1547.71,Card,Transfer,Zomato,Bengaluru,Unknown,Kotak,6,7.35,1,2,International,Not Fraud
160055,561.18,ATM,Cash Withdrawal,IRCTC,Kolkata,Android,Axis,4,37.01,1,2,International,Not Fraud
348626,1261.66,Card,Purchase,PhonePe,Surat,android,Axis,15,16.65,0,2,International,Not Fraud
691487,288.12,POS,Bill Payment,IRCTC,Bhopal,Android ,HDFC,2,45.33,0,1,Domestic ,Not Fraud
431810,,UPI,Recharge,Airtel,Kolkata,Android,Axis,1,1.9,0,3,Domestic ,Not Fraud
628247,7981.58,ATM,Recharge,IRCTC,Chandigarh,Windows,HDFC,6,33.27,0,0,Domestic,Not Fraud
686703,2336.16,ATM,Cash Withdrawal,PhonePe,Kochi,android,ICICI,10,43.78,0,2,Domestic,Not Fraud
454497,1290.65,Card,Transfer,Amazon India,Kolkata,iPhone,ICICI,6,44.1,0,0,Domestic,Not Fraud
479329,1489.03,POS,Bill Payment,Myntra,Jaipur,Mac,Kotak,10,52.39,1,0,Domestic,Not Fraud
548548,1415.79,UPI,Purchase,IRCTC,Delhi,iPhone,PNB,7,42.27,0,3,International,fraud
413257,1752.86,POS,Transfer,Razorpay,Lucknow,Android,Canara,9,27.88,1,2,Domestic ,Not Fraud
492156,1488.47,POS,Recharge,Razorpay,Ahmedabad,iPhone,Kotak,14,38.56,0,0,Domestic,Not Fraud
670452,1710.28,NetBanking,Purchase,CRED,Bhopal,Android ,PNB,5,30.86,0,1,domestic,Not Fraud
610691,1317.35,Wallet,Bill Payment,Meesho,Kolkata,iPhone,Kotak,9,30.06,1,3,domestic,Fraud
986875,4241.33,NetBanking,Bill Payment,Ajio,Bhopal,android,BOB,12,35.0,0,0,Domestic ,Not Fraud
688601,1062.85,POS,Bill Payment,Meesho,Chandigarh,Mac,Union Bank,13,3.23,0,0,Domestic,Not Fraud
154071,1251.96,POS,Refund,IRCTC,Jaipur,android,Kotak,12,6.48,1,1,International,Not Fraud
648560,829.75,Wallet,Bill Payment,MakeMyTrip,Jaipur,Mac,BOB,13,23.68,0,1,Domestic ,Not Fraud
958108,11288.63,NetBanking,Bill Payment,CRED,Bhopal,Android,Canara,7,52.77,1,2,domestic,Not Fraud
806817,1960.59,POS,Bill Payment,CRED,Indore,Unknown,SBI,4,15.87,0,3,Domestic ,Not Fraud
195882,2213.54,POS,Recharge,Flipkart,Indore,Windows,Kotak,15,32.82,1,1,Domestic,Not Fraud
390351,2715.44,UPI,Recharge,Meesho,Hyderabad,Windows,Kotak,4,14.66,0,2,Domestic,fraud
536621,730.99,NetBanking,Refund,Swiggy,Bengaluru,Android,HDFC,9,35.39,0,2,Domestic,Not Fraud
137549,1367.7,ATM,Refund,Amazon India,Chandigarh,iPhone,Axis,3,4.26,1,3,Domestic,Not Fraud
677239,6269.05,UPI,Bill Payment,Paytm,Delhi,iPhone,PNB,12,37.76,0,1,Domestic ,Not Fraud
884299,7944.71,UPI,Refund,Airtel,Hyderabad,Android,Union Bank,14,53.08,0,3,International,Not Fraud
105246,7081,NetBanking,Bill Payment,PhonePe,Kochi,Windows,HDFC,3,32.03,0,3,Domestic,Not Fraud
245226,1016.93,NetBanking,Refund,Airtel,Ahmedabad,Android ,ICICI,4,15.53,0,3,International,Not Fraud
213589,4086.53,UPI,Cash Withdrawal,Airtel,Pune,Windows,ICICI,2,1.32,1,2,domestic,Not Fraud
471969,3492.15,Card,Recharge,Uber,Ahmedabad,Mac,HDFC,13,51.97,0,1,International,Not Fraud
973612, ₹747.61,Card,Cash Withdrawal,CRED,Ahmedabad,Windows,PNB,15,44.55,0,2,domestic,Not Fraud
743837,4913.01,POS,Purchase,MakeMyTrip,Patna,Windows,HDFC,4,19.52,0,1,Domestic,Not Fraud
120101,5113.79,Wallet,Refund,Myntra,Pune,Mac,Canara,10,27.22,1,0,Domestic,Not Fraud
866065,1106.73,Wallet,Transfer,Meesho,Bhopal,Mac,Kotak,8,45.47,0,1,domestic,Not Fraud
527742,2435.89,UPI,Transfer,SBI,Patna,Android ,ICICI,4,48.38,0,1,International,Not Fraud
890676,548.37,POS,Cash Withdrawal,Zomato,Ahmedabad,iPhone,ICICI,2,47.1,1,1,Domestic,Not Fraud
209492,7724.29,Wallet,Purchase,MakeMyTrip,Kochi,Windows,SBI,1,10.23,0,1,domestic,Not Fraud
567025,4580.74,NetBanking,Bill Payment,Ajio,Indore,Android,Union Bank,12,31.9,1,0,Domestic,Not Fraud
218872,3402.56,Wallet,Transfer,Airtel,Hyderabad,Android ,SBI,8,58.66,0,1,Domestic ,Not Fraud
394984," ₹6,800.32",Card,Refund,BookMyShow,Hyderabad,Unknown,BOB,15,0.74,0,3,Domestic ,Not Fraud
629469,2486.38,Card,Recharge,Amazon India,Bengaluru,iPhone,Kotak,13,10.66,1,3,Domestic ,Not Fraud
775002,454.69,UPI,Cash Withdrawal,Amazon India,Bengaluru,android,Canara,1,30.11,0,2,Domestic ,Fraud
959722,5034.66,POS,Recharge,Razorpay,Chennai,Mac,Axis,1,50.61,1,0,Domestic ,Fraud
356217,2529.0,UPI,Recharge,Amazon India,Bhopal,Windows,Kotak,1,32.3,1,2,Domestic,Not Fraud
204677," ₹3,448.94",ATM,Refund,SBI,Mumbai,android,Kotak,12,20.25,0,1,Domestic,Not Fraud
671446,2808.92,ATM,Recharge,Zomato,Mumbai,iPhone,Union Bank,4,51.12,1,3,Domestic,Not Fraud
894680,287.58,ATM,Bill Payment,Jio,Chandigarh,iPhone,Axis,3,20.35,0,0,International,Not Fraud
286152,2386.33,UPI,Cash Withdrawal,Paytm,Kochi,Android ,Union Bank,2,29.83,0,0,domestic,Not Fraud
829493,1467.37,UPI,Purchase,BookMyShow,Bhopal,Windows,Kotak,4,34.43,0,1,Domestic,Not Fraud
834416,401.15,Card,Transfer,SBI,Pune,iPhone,Union Bank,2,42.06,0,3,International,Not Fraud
338045,8932.54,UPI,Bill Payment,Meesho,Mumbai,Unknown,Union Bank,3,16.76,1,3,Domestic,Fraud
368204,856.05,ATM,Purchase,Zomato,Chennai,Android ,Canara,12,8.65,0,1,domestic,Not Fraud
812460,1817.36,Wallet,Purchase,MakeMyTrip,Kochi,Android ,HDFC,2,35.79,0,0,domestic,Not Fraud
361515,1518.02,NetBanking,Recharge,Myntra,Patna,Windows,SBI,10,2.91,1,2,International,Not Fraud
384118,4933.16,UPI,Refund,PhonePe,Bengaluru,android,PNB,7,17.18,0,3,domestic,Not Fraud
273624,7044.69,NetBanking,Refund,BookMyShow,Hyderabad,Android,HDFC,14,51.67,0,3,domestic,Not Fraud
257389,1191.33,UPI,Refund,Swiggy,Kochi,Windows,PNB,2,12.05,0,3,Domestic ,Not Fraud
395478,763.66,ATM,Recharge,Meesho,Delhi,iPhone,HDFC,6,15.63,1,1,International,Not Fraud
915023,8589.53,UPI,Refund,BookMyShow,Chandigarh,Windows,SBI,13,31.98,0,3,Domestic,Not Fraud
344277,829.42,Wallet,Cash Withdrawal,PhonePe,Bengaluru,Windows,Axis,6,9.31,0,3,International,Fraud
466101,960.69,NetBanking,Purchase,Airtel,Kolkata,iPhone,HDFC,13,33.59,1,0,International,Not Fraud
168378,3502.39,Card,Recharge,PhonePe,Ahmedabad,android,Kotak,8,10.96,0,0,Domestic,Not Fraud
695122,1229.41,POS,Refund,Razorpay,Surat,Mac,Union Bank,11,12.32,0,0,Domestic ,Not Fraud
469977,4133.39,POS,Recharge,Myntra,Delhi,android,SBI,7,28.91,0,2,Domestic ,Not Fraud
906915,437.87,NetBanking,Cash Withdrawal,Google Pay,Surat,Android ,SBI,14,57.87,0,3,International,Not Fraud
710950,2246.94,UPI,Refund,Uber,Pune,Mac,Axis,4,28.72,0,2,Domestic,Not Fraud
315713,8738.04,UPI,Purchase,Google Pay,Lucknow,Unknown,ICICI,4,2.81,0,3,Domestic ,Not Fraud
781729,2733.26,UPI,Recharge,BookMyShow,Lucknow,Mac,SBI,13,41.25,1,3,Domestic ,Not Fraud
667386,2202.25,UPI,Cash Withdrawal,CRED,Bhopal,Windows,HDFC,8,21.19,1,2,International,Not Fraud
349194,3187.2,Wallet,Recharge,PhonePe,Patna,Android ,HDFC,5,37.15,1,0,domestic,Not Fraud
434267,,POS,Recharge,BigBasket,Kolkata,Unknown,Union Bank,7,16.93,0,1,International,Not Fraud
239143,375.07,Wallet,Cash Withdrawal,Ajio,Jaipur,Mac,PNB,14,45.66,1,2,Domestic ,Not Fraud
524081,620.88,POS,Refund,Uber,Hyderabad,Unknown,HDFC,13,53.96,0,0,Domestic ,Not Fraud
693956,7667.44,ATM,Bill Payment,SBI,Bhopal,Android ,BOB,2,20.04,1,3,International,Not Fraud
559949,2509.34,Wallet,Recharge,Myntra,Bengaluru,iPhone,BOB,2,35.04,0,2,Domestic,Not Fraud
733434,3932.48,NetBanking,Refund,CRED,Delhi,Android ,Axis,4,1.59,0,1,Domestic,Not Fraud
974513,537.45,ATM,Cash Withdrawal,Zomato,Patna,Mac,Kotak,6,32.54,0,2,Domestic ,Fraud
402107,11860.08,POS,Purchase,SBI,Mumbai,iPhone,Axis,4,57.38,0,1,domestic,Not Fraud
363605,862.29,POS,Recharge,BigBasket,Jaipur,Mac,HDFC,8,20.85,0,2,Domestic ,Not Fraud
346978,1422.31,Wallet,Bill Payment,PhonePe,Jaipur,Mac,PNB,13,52.88,1,3,domestic,Not Fraud
229673,958.49,Card,Transfer,Uber,Jaipur,Windows,PNB,13,53.14,0,2,domestic,Not Fraud
663253,2564.27,NetBanking,Refund,MakeMyTrip,Jaipur,iPhone,PNB,1,47.98,1,0,domestic,Not Fraud
711605,912.54,UPI,Cash Withdrawal,Flipkart,Bengaluru,Unknown,Canara,14,55.26,0,1,domestic,Not Fraud
620065,1955.71,UPI,Refund,Jio,Hyderabad,Windows,SBI,12,6.45,0,0,Domestic,Not Fraud
659380,185.85,Wallet,Refund,Uber,Jaipur,Unknown,Union Bank,15,56.78,1,2,domestic,Not Fraud
951955,,POS,Transfer,IRCTC,Hyderabad,Unknown,HDFC,11,26.16,1,3,Domestic ,Not Fraud
213759,2180.97,UPI,Recharge,Flipkart,Kochi,iPhone,Canara,9,14.07,0,0,domestic,Not Fraud
233113,2152.66,NetBanking,Bill Payment,Meesho,Pune,Android ,ICICI,12,35.72,1,3,International,Not Fraud
466976,919.45,NetBanking,Bill Payment,BookMyShow,Chandigarh,Windows,Canara,1,58.89,1,0,Domestic ,Not Fraud
569530,895.43,UPI,Refund,Amazon India,Bengaluru,android,PNB,15,28.83,0,2,Domestic,Not Fraud
357305,3914.97,ATM,Refund,Razorpay,Indore,Unknown,PNB,6,14.32,0,0,International,Not Fraud
958327,1132.48,ATM,Transfer,SBI,Pune,Windows,ICICI,7,44.8,0,2,International,Not Fraud
473506,1807.9,POS,Recharge,Flipkart,Indore,Android ,HDFC,14,45.96,1,1,Domestic,Not Fraud
241897,386.87,ATM,Refund,BookMyShow,Mumbai,Mac,Kotak,5,2.67,1,1,International,Not Fraud
366027,3111.66,Card,Purchase,Myntra,Bengaluru,Windows,Axis,2,10.31,0,0,International,Not Fraud
666231,1314.43,NetBanking,Transfer,Myntra,Chennai,Mac,Canara,13,46.26,1,3,Domestic,Not Fraud
671692,253.85,UPI,Purchase,Jio,Chandigarh,android,BOB,4,46.88,1,3,domestic,Not Fraud
444751,3341.72,Wallet,Bill Payment,Amazon India,Bengaluru,android,ICICI,7,3.96,1,3,Domestic,Not Fraud
301578,5897.95,ATM,Recharge,Zomato,Surat,Unknown,Canara,6,2.32,1,1,Domestic,Not Fraud
380061,3716.65,Wallet,Bill Payment,Meesho,Kochi,android,SBI,5,10.71,1,2,International,Not Fraud
479769,386.11,NetBanking,Bill Payment,Jio,Patna,Mac,BOB,10,24.44,0,2,Domestic,Not Fraud
758084,6803.98,ATM,Bill Payment,PhonePe,Ahmedabad,Android ,HDFC,11,41.93,1,3,International,Not Fraud
682742,2539.38,Card,Purchase,Meesho,Delhi,Mac,SBI,13,17.22,0,2,Domestic,Not Fraud
301519,3009.17,POS,Refund,Swiggy,Ahmedabad,Windows,HDFC,13,28.1,0,3,domestic,Not Fraud
563562,2133.25,POS,Refund,Myntra,Indore,Android,ICICI,5,42.65,0,2,domestic,Not Fraud
295799,576.96,POS,Recharge,BookMyShow,Surat,Android ,HDFC,12,57.71,0,3,Domestic ,Not Fraud
752092,2498.75,UPI,Refund,Jio,Mumbai,Android ,ICICI,15,57.04,0,2,International,Fraud
549343,972.63,POS,Refund,Uber,Indore,Android,Canara,5,3.17,0,3,Domestic ,Not Fraud
295246,2556.13,Card,Recharge,Swiggy,Kolkata,android,BOB,6,28.19,0,1,International,Not Fraud
704269,1515.74,POS,Purchase,IRCTC,Jaipur,iPhone,SBI,7,39.07,1,3,Domestic,Not Fraud
548094,18853.23,Card,Transfer,Swiggy,Indore,android,Union Bank,15,21.83,0,1,Domestic,Not Fraud
920133,5184.58,Card,Purchase,Swiggy,Patna,Android,Canara,6,13.42,0,0,domestic,Not Fraud
567745,13326.45,POS,Bill Payment,IRCTC,Jaipur,Mac,Canara,10,21.83,1,1,International,Not Fraud
753177,6156.08,Card,Bill Payment,Meesho,Bengaluru,iPhone,PNB,1,33.68,1,2,Domestic,Not Fraud
617476,7123.97,Wallet,Bill Payment,SBI,Kolkata,Windows,ICICI,7,48.7,1,1,International,Not Fraud
403985,2104.4,NetBanking,Cash Withdrawal,,Chandigarh,Windows,SBI,3,16.0,0,1,domestic,Not Fraud
267786,1718.91,UPI,Refund,Razorpay,Lucknow,Unknown,Union Bank,3,28.89,1,2,domestic,Not Fraud
899001,2631.06,UPI,Cash Withdrawal,Jio,Hyderabad,Android,Union Bank,14,21.12,1,1,Domestic ,Not Fraud
391128,1018.99,POS,Recharge,SBI,Kolkata,Android ,Union Bank,3,29.95,0,0,Domestic,Not Fraud
783265,1090.83,Wallet,Purchase,SBI,Kolkata,iPhone,HDFC,11,0.16,1,2,Domestic,Not Fraud
367213,4937.18,Wallet,Purchase,Ajio,Mumbai,Android ,Canara,1,44.06,1,0,Domestic ,Not Fraud
975895,22885.89,POS,Transfer,Ajio,Chennai,Mac,Canara,4,31.9,1,3,International,Not Fraud
839954,389.11,POS,Transfer,Meesho,Indore,Unknown,SBI,8,53.92,1,1,domestic,Not Fraud
889839,788.47,NetBanking,Recharge,Google Pay,Mumbai,iPhone,SBI,7,49.78,0,2,Domestic ,Not Fraud
669678,3770,NetBanking,Recharge,Zomato,Pune,Mac,ICICI,4,45.41,0,2,Domestic ,Not Fraud
421724,1975.43,Wallet,Refund,Airtel,Patna,Windows,BOB,6,25.97,1,2,Domestic,Not Fraud
446717,1913.34,NetBanking,Refund,IRCTC,Delhi,Unknown,Axis,10,7.38,0,0,domestic,Not Fraud
506345,3919.39,UPI,Purchase,BookMyShow,Kolkata,Android,PNB,10,12.69,1,2,Domestic,Not Fraud
127636,1856.22,UPI,Recharge,BookMyShow,Kochi,iPhone,Union Bank,4,0.43,1,1,Domestic,Not Fraud
641357,8372.72,Wallet,Cash Withdrawal,MakeMyTrip,Chennai,Android,HDFC,7,46.03,1,3,Domestic,Not Fraud
597617,7144.48,Wallet,Purchase,BigBasket,Patna,Mac,BOB,4,49.03,0,3,domestic,Not Fraud
116437,462.93,Wallet,Refund,Airtel,Lucknow,iPhone,Axis,9,47.65,0,0,Domestic,Not Fraud
489663,947.52,ATM,Transfer,SBI,Chennai,Android ,Union Bank,15,8.16,1,0,domestic,Not Fraud
532048,41052.5,ATM,Purchase,SBI,Mumbai,Windows,Union Bank,2,28.45,0,1,Domestic,Not Fraud
307779,831.49,Card,Recharge,Razorpay,Jaipur,android,Union Bank,11,41.79,1,1,International,Not Fraud
290064,1754.76,Wallet,Refund,Swiggy,Kochi,Android,BOB,13,33.08,1,3,International,Not Fraud
931750,1053.07,Wallet,Refund,Myntra,Chennai,iPhone,HDFC,2,6.9,0,2,Domestic ,Not Fraud
826296,1127.98,Wallet,Transfer,Airtel,Hyderabad,android,Axis,15,39.06,1,3,domestic,Fraud
293926,2777.94,ATM,Refund,Flipkart,Delhi,android,SBI,9,16.52,0,3,International,No
899945,800.46,UPI,Transfer,Myntra,Jaipur,Mac,Kotak,7,3.7,0,3,Domestic,Not Fraud
650055,2688.96,Wallet,Cash Withdrawal,Airtel,Chennai,android,ICICI,8,10.24,1,3,domestic,Not Fraud
467552,3472,POS,Refund,Zomato,Mumbai,iPhone,BOB,5,57.95,0,1,Domestic,Not Fraud
318160,1725.88,Wallet,Bill Payment,Paytm,Hyderabad,Mac,ICICI,3,1.67,1,1,International,Not Fraud
358626,7511.71,POS,Refund,IRCTC,Lucknow,android,Kotak,6,36.33,1,2,Domestic,Not Fraud
597985,1462.32,Wallet,Recharge,Uber,Kolkata,Windows,Kotak,12,15.55,0,0,International,Not Fraud
363202," ₹2,213.51",Wallet,Bill Payment,Myntra,Pune,iPhone,Union Bank,11,4.25,1,0,Domestic,Not Fraud
786120,1368.59,NetBanking,Transfer,IRCTC,Indore,Android,HDFC,14,49.07,0,0,International,Not Fraud
928777,1857.85,POS,Recharge,BookMyShow,Bengaluru,Android ,ICICI,5,11.79,0,2,International,Not Fraud
554959,2312.51,ATM,Refund,Google Pay,Delhi,Android,PNB,11,14.74,1,0,domestic,Not Fraud
219662,2259.71,ATM,Transfer,Google Pay,Surat,android,BOB,3,30.56,1,2,Domestic ,Not Fraud
667356,224.23,NetBanking,Purchase,PhonePe,Hyderabad,Android ,PNB,5,37.0,0,3,Domestic,Not Fraud
173210,648.68,ATM,Bill Payment,Paytm,Bhopal,Mac,PNB,10,6.82,0,2,domestic,Not Fraud
848494,4427.61,NetBanking,Purchase,Airtel,Ahmedabad,Windows,BOB,13,48.46,1,3,International,Not Fraud
358122,525.69,NetBanking,Purchase,MakeMyTrip,Jaipur,Android ,Union Bank,9,33.31,0,1,International,Not Fraud
680464,2290.97,Card,Cash Withdrawal,Paytm,Surat,Windows,HDFC,2,23.01,0,0,Domestic,Not Fraud
839446,3447.55,Card,Refund,Myntra,Mumbai,android,Axis,13,38.51,1,2,Domestic,Not Fraud
760641,5642.57,NetBanking,Bill Payment,Uber,Mumbai,Mac,Union Bank,12,4.56,0,3,domestic,Not Fraud
613022,2325.89,POS,Refund,Zomato,Chandigarh,Windows,Union Bank,14,10.33,1,3,Domestic,Not Fraud
593933,8467.33,NetBanking,Refund,IRCTC,Kochi,Mac,Kotak,15,0.75,0,2,Domestic,Not Fraud
734844,4152.72,Wallet,Recharge,Ajio,Surat,Mac,ICICI,9,51.59,1,1,Domestic,Not Fraud
756867,4330.33,NetBanking,Transfer,Razorpay,Hyderabad,android,HDFC,4,31.05,1,0,International,Not Fraud
849339,3854.88,POS,Purchase,BigBasket,Bhopal,Unknown,Kotak,6,35.45,0,1,domestic,Not Fraud
950098,8959.51,POS,Recharge,Google Pay,Delhi,Android,Canara,10,12.52,1,3,domestic,fraud
463295,,Wallet,Cash Withdrawal,Jio,Indore,Android,Canara,3,4.86,0,0,International,Not Fraud
184374,2027.93,Card,Cash Withdrawal,Jio,Patna,Mac,Kotak,11,55.69,0,0,Domestic ,Not Fraud
267988,3061.77,UPI,Refund,Paytm,Surat,android,ICICI,8,54.71,0,2,Domestic,Not Fraud
787255,3962.02,UPI,Transfer,Myntra,Indore,Unknown,Union Bank,4,22.88,0,0,Domestic ,Fraud
899187,1663.4,Card,Refund,Paytm,Delhi,Mac,Union Bank,4,56.17,0,3,International,Not Fraud
159334,2313.48,UPI,Bill Payment,Razorpay,Pune,Mac,Union Bank,11,1.63,1,1,Domestic,Not Fraud
912175,2456.18,ATM,Recharge,Jio,Kochi,iPhone,Canara,8,40.24,0,0,Domestic,Not Fraud
342339,1619.48,ATM,Recharge,CRED,Hyderabad,Mac,HDFC,14,31.25,1,3,International,Not Fraud
308737,2536.43,Card,Transfer,IRCTC,Surat,Unknown,PNB,7,18.42,1,3,Domestic ,Not Fraud
169968,1324.11,ATM,Cash Withdrawal,Meesho,Hyderabad,Android ,BOB,6,50.35,1,2,Domestic ,Not Fraud
993952,795.15,Card,Recharge,Google Pay,Jaipur,Mac,PNB,4,5.71,0,1,International,Fraud
498070,1510.43,POS,Transfer,IRCTC,Chandigarh,android,Kotak,9,11.5,0,3,Domestic,Not Fraud
812017,28429.7,UPI,Bill Payment,Ajio,Chennai,Windows,SBI,2,10.76,1,0,Domestic ,Not Fraud
778186,2027.23,POS,Recharge,Ajio,Bhopal,Android,Axis,15,27.99,0,0,Domestic,Not Fraud
277061,6298.48,POS,Purchase,Google Pay,Bhopal,android,Canara,10,37.19,1,3,Domestic,Not Fraud
204296,1809.54,UPI,Refund,IRCTC,Lucknow,Android,SBI,11,41.02,0,3,International,Not Fraud
666599,873.0,NetBanking,Purchase,SBI,Chandigarh,Unknown,Union Bank,7,37.46,1,0,domestic,Not Fraud
750920,4021.59,NetBanking,Cash Withdrawal,Zomato,Patna,Unknown,HDFC,13,22.33,1,3,domestic,Not Fraud
829411,935.47,Card,Bill Payment,Amazon India,Bengaluru,Unknown,PNB,9,32.08,1,0,domestic,Not Fraud
438655,3085.68,ATM,Purchase,Amazon India,Bengaluru,Windows,PNB,2,47.65,1,1,domestic,Not Fraud
927447,5477.16,UPI,Cash Withdrawal,SBI,Chandigarh,Android ,BOB,4,12.43,0,2,domestic,Not Fraud
607317,1495.25,ATM,Recharge,Flipkart,Hyderabad,Mac,Kotak,6,47.64,1,1,Domestic ,Not Fraud
203260,914.42,Card,Purchase,Myntra,Kolkata,android,HDFC,6,29.61,0,3,International,Not Fraud
659242,3496.33,UPI,Bill Payment,Razorpay,Mumbai,Android,BOB,10,46.49,0,0,Domestic,Not Fraud
296899,2873.84,Wallet,Cash Withdrawal,Paytm,Delhi,iPhone,Canara,6,19.68,1,1,domestic,Not Fraud
220257,5715.85,POS,Refund,Paytm,Pune,Unknown,Kotak,13,44.21,0,0,International,Not Fraud
553883,1369.82,ATM,Bill Payment,IRCTC,Pune,Android ,Union Bank,13,31.89,1,1,domestic,Not Fraud
918930,3570.29,Card,Purchase,Razorpay,Hyderabad,iPhone,Canara,4,37.05,1,3,domestic,Not Fraud
781585,1216.3,UPI,Transfer,Uber,chandigarh,Mac,Axis,13,52.59,1,2,Domestic,Not Fraud
833307,5762.37,ATM,Recharge,PhonePe,Surat,Mac,ICICI,2,43.72,1,2,International,Not Fraud
430187,2200.98,NetBanking,Transfer,Paytm,Jaipur,Android ,SBI,10,46.46,1,1,Domestic,Not Fraud
826352,2231.5,UPI,Bill Payment,Google Pay,Bhopal,Mac,Canara,3,14.62,0,0,domestic,Not Fraud
746739,4526.29,POS,Purchase,PhonePe,Chandigarh,Unknown,SBI,2,26.2,0,1,domestic,Not Fraud
679995,5389.07,Card,Purchase,Razorpay,Patna,android,HDFC,14,39.39,0,3,domestic,Not Fraud
356463,3763.95,NetBanking,Bill Payment,Paytm,Hyderabad,Mac,PNB,3,26.67,1,2,Domestic ,Not Fraud
782469,183.15,UPI,Refund,BookMyShow,Lucknow,iPhone,ICICI,12,6.23,0,3,domestic,Not Fraud
452560,4621.97,POS,Cash Withdrawal,IRCTC,Ahmedabad,iPhone,Canara,2,51.78,1,0,domestic,Not Fraud
745835,4400.04,POS,Recharge,Zomato,Jaipur,Mac,HDFC,9,32.2,1,3,Domestic,Not Fraud
225206,11839.51,NetBanking,Purchase,Ajio,Kolkata,Windows,Kotak,5,27.05,1,3,Domestic ,Not Fraud
560495,1409.61,Card,Cash Withdrawal,Meesho,Kolkata,Mac,Canara,5,57.09,0,3,Domestic ,Not Fraud
227677,,ATM,Bill Payment,Amazon India,Mumbai,Android,PNB,4,4.59,0,3,International,Not Fraud
390717,2301.02,ATM,Transfer,Swiggy,Delhi,Mac,Canara,3,43.0,1,3,International,Not Fraud
335337,2114.27,Wallet,Bill Payment,Airtel,Ahmedabad,android,SBI,6,0.22,1,0,Domestic ,Not Fraud
798416,1095.41,NetBanking,Purchase,Myntra,Pune,android,Kotak,10,54.95,1,2,International,Fraud
763102,6864.82,NetBanking,Recharge,SBI,Surat,android,PNB,13,54.72,1,0,Domestic,Not Fraud
964055,3757.34,UPI,Transfer,Amazon India,Surat,Unknown,Kotak,2,4.11,1,2,International,Not Fraud
824991,2320.39,Wallet,Purchase,Myntra,Kochi,Android,SBI,15,42.39,1,2,domestic,Not Fraud
505563,4351.54,UPI,Bill Payment,Flipkart,Kolkata,Windows,Canara,10,57.18,1,1,International,Not Fraud
793999,1019.77,Card,Refund,CRED,Ahmedabad,Windows,Axis,9,56.08,1,2,Domestic ,Not Fraud
346759,1785.99,Card,Recharge,Google Pay,Lucknow,Unknown,ICICI,5,34.79,0,1,domestic,Not Fraud
591071,2346.12,NetBanking,Cash Withdrawal,SBI,Ahmedabad,android,Kotak,1,58.47,1,0,International,Not Fraud
358086,2095.96,Card,Bill Payment,Ajio,Bhopal,Unknown,Union Bank,7,12.78,1,3,Domestic,Not Fraud
475510,9786.55,UPI,Purchase,BigBasket,Surat,Android ,Union Bank,10,58.69,0,3,International,Not Fraud
719576,987.36,POS,Transfer,Amazon India,Lucknow,android,Union Bank,15,19.35,1,1,Domestic ,Not Fraud
349671,,UPI,Recharge,BookMyShow,Surat,Windows,Canara,3,53.2,1,2,domestic,Not Fraud
507778,2385.8,Card,Purchase,Flipkart,Bengaluru,Android ,SBI,7,52.98,1,2,domestic,Fraud
555963,3517.27,Card,Recharge,Zomato,Chandigarh,Android ,Axis,5,31.14,0,2,International,Not Fraud
147390,937.83,ATM,Recharge,Jio,Hyderabad,Android,Axis,12,24.59,1,0,International,Not Fraud
401273,3860.26,Card,Purchase,Meesho,Mumbai,Mac,BOB,5,34.28,0,2,Domestic,Not Fraud
535177,1436.56,NetBanking,Refund,Airtel,Pune,Android ,SBI,6,34.78,1,2,Domestic,Not Fraud
332599,6051.51,Card,Refund,Myntra,Patna,Unknown,HDFC,11,18.54,0,0,Domestic ,Not Fraud
933819,2370.06,NetBanking,Refund,SBI,Hyderabad,Android,Kotak,13,20.66,0,2,International,Not Fraud
262634,1094.76,Wallet,Recharge,IRCTC,Kolkata,android,Axis,14,3.9,0,3,International,Not Fraud
390300,3428.77,Card,Bill Payment,Zomato,Kolkata,Mac,Union Bank,12,14.75,1,0,International,Not Fraud
139593,4998.76,Card,Purchase,Swiggy,Delhi,Mac,Kotak,3,50.94,1,1,domestic,fraud
520214,6966.73,Wallet,Recharge,Ajio,Bengaluru,Windows,Canara,13,3.44,1,0,domestic,Not Fraud
209132,1194.73,UPI,Recharge,Paytm,Delhi,iPhone,Axis,11,47.99,0,3,International,Not Fraud
287429,3815.6,POS,Cash Withdrawal,MakeMyTrip,Delhi,Windows,SBI,3,51.9,0,3,Domestic ,Not Fraud
579239,3194.5,Wallet,Transfer,Paytm,Bhopal,android,PNB,12,33.63,1,1,Domestic,Not Fraud
738212,2557.93,UPI,Cash Withdrawal,Amazon India,Indore,Mac,Kotak,14,56.9,1,0,domestic,Not Fraud
421644,3125.58,ATM,Bill Payment,Ajio,Mumbai,Unknown,BOB,10,54.12,1,1,domestic,Not Fraud
465076,19186.15,UPI,Cash Withdrawal,Jio,Indore,android,Axis,2,28.39,0,3,International,Not Fraud
530700,653.83,Wallet,Refund,BigBasket,Chandigarh,android,Canara,6,36.99,0,3,Domestic,Not Fraud
746928,879.93,Card,Cash Withdrawal,Google Pay,Delhi,Android,ICICI,9,32.41,0,3,Domestic ,Not Fraud
991390,2130.36,UPI,Bill Payment,Airtel,Indore,iPhone,Kotak,1,28.2,0,3,domestic,Not Fraud
988838,988.44,POS,Bill Payment,SBI,Indore,Mac,Axis,4,48.46,0,3,Domestic ,Not Fraud
385699,3493.37,Card,Transfer,Myntra,Ahmedabad,Android,HDFC,4,34.52,0,2,Domestic ,Not Fraud
674468,1196.88,Card,Recharge,BigBasket,Chennai,Unknown,Union Bank,13,5.42,1,0,Domestic ,Not Fraud
462982,6664.97,POS,Bill Payment,Myntra,Ahmedabad,Android ,BOB,5,15.26,1,2,domestic,Not Fraud
103332,,Wallet,Bill Payment,Zomato,Patna,iPhone,SBI,3,50.25,0,2,domestic,Not Fraud
550490,19813.48,POS,Purchase,Zomato,Chandigarh,Unknown,PNB,11,40.87,0,1,Domestic,Not Fraud
578331,2243.92,UPI,Bill Payment,Airtel,Mumbai,Android ,Kotak,2,16.22,1,1,Domestic ,Not Fraud
725395,3691.5,POS,Cash Withdrawal,Jio,Kolkata,Mac,Kotak,12,56.87,1,0,International,Not Fraud
870480,,UPI,Cash Withdrawal,Myntra,Hyderabad,Android,Canara,14,36.52,0,3,Domestic,Not Fraud
913239,3364.73,POS,Recharge,Zomato,Surat,android,Kotak,13,6.89,1,3,Domestic,Not Fraud
356451,826.14,Wallet,Recharge,Jio,Patna,Unknown,BOB,1,5.96,0,0,domestic,Not Fraud
666149,1892.51,UPI,Bill Payment,Flipkart,Ahmedabad,Windows,HDFC,7,55.63,1,0,Domestic,YES
620442,1393.23,POS,Cash Withdrawal,Uber,Lucknow,Unknown,HDFC,3,48.58,0,3,Domestic,Not Fraud
193936,6161.52,ATM,Transfer,BookMyShow,Kochi,Windows,BOB,13,9.77,0,1,Domestic ,Not Fraud
694760,657.21,Card,Purchase,MakeMyTrip,Ahmedabad,Mac,Axis,5,37.42,1,0,International,Not Fraud
433128,8656.17,NetBanking,Purchase,CRED,Bhopal,Unknown,Kotak,9,31.65,0,1,domestic,Not Fraud
355249,2764.78,Wallet,Transfer,BigBasket,Kochi,iPhone,SBI,8,53.97,1,2,domestic,Not Fraud
457262,4116.27,UPI,Cash Withdrawal,MakeMyTrip,Bhopal,Android,BOB,11,38.0,1,1,domestic,Not Fraud
455772,1555.55,NetBanking,Purchase,BigBasket,Kochi,iPhone,Axis,11,15.53,0,2,International,Not Fraud
985851,4659.8,UPI,Refund,Paytm,Indore,Unknown,BOB,10,3.8,1,0,domestic,Not Fraud
905594,11532.8,UPI,Transfer,CRED,Surat,Android,Axis,6,41.19,0,0,domestic,Not Fraud
240014,9426.85,POS,Bill Payment,MakeMyTrip,Chandigarh,Unknown,PNB,7,42.46,0,3,International,Not Fraud
867010,12390.87,Wallet,Cash Withdrawal,BigBasket,Kochi,Android ,PNB,11,10.57,0,2,Domestic,Not Fraud
476572,2764.81,POS,Transfer,Paytm,Indore,Android,BOB,10,5.88,1,2,domestic,Not Fraud
506998,1345.62,Wallet,Refund,Airtel,Indore,Windows,BOB,9,57.09,0,1,domestic,Not Fraud
290028,1158.3,Wallet,Recharge,SBI,Patna,Mac,BOB,13,46.89,0,3,International,Not Fraud
527160,595.07,Card,Purchase,Amazon India,Jaipur,android,HDFC,5,23.41,0,2,domestic,Not Fraud
457957,1508.45,UPI,Bill Payment,Jio,Lucknow,Windows,Canara,14,40.24,0,0,Domestic,Not Fraud
554466,333.24,NetBanking,Cash Withdrawal,PhonePe,Bengaluru,Android ,SBI,10,10.41,1,2,Domestic,Not Fraud
750834,1861.66,Wallet,Cash Withdrawal,Amazon India,Bengaluru,Mac,PNB,4,22.72,1,1,Domestic,Not Fraud
423464,580.45,ATM,Recharge,Paytm,Kolkata,Windows,Axis,11,35.24,1,1,International,Not Fraud
668075,1093.11,Wallet,Recharge,Myntra,Indore,Windows,Axis,5,1.76,1,0,domestic,Not Fraud
692334,10927.51,Card,Purchase,BookMyShow,Surat,Windows,BOB,15,59.55,0,2,Domestic,Not Fraud
907554,9026.34,POS,Refund,Paytm,Kochi,Windows,PNB,13,49.21,1,2,International,Not Fraud
190666,1574.02,Wallet,Transfer,Amazon India,Surat,Android ,PNB,8,13.87,1,3,Domestic ,Not Fraud
970691,1440.14,Card,Cash Withdrawal,BookMyShow,Indore,android,Kotak,7,18.45,0,0,Domestic,Not Fraud
739950,735.98,NetBanking,Refund,SBI,Delhi,Mac,HDFC,5,20.65,1,0,Domestic,Not Fraud
979957,480.95,NetBanking,Recharge,Paytm,Surat,android,HDFC,10,8.92,1,3,Domestic ,Not Fraud
263395,6385.72,POS,Recharge,Meesho,Kochi,Unknown,Union Bank,9,52.29,1,1,Domestic ,Not Fraud
796050,7988.55,POS,Refund,BigBasket,Ahmedabad,Windows,SBI,4,55.88,1,2,domestic,Not Fraud
299657,1797.81,UPI,Transfer,Ajio,Pune,Mac,PNB,11,34.94,0,2,Domestic,Not Fraud
188506,5298.92,Wallet,Transfer,Amazon India,Lucknow,Android,SBI,12,52.82,0,0,domestic,Not Fraud
132592,3858.21,Wallet,Transfer,MakeMyTrip,Patna,Android ,ICICI,9,27.62,0,0,Domestic ,Not Fraud
102770,1089.24,ATM,Bill Payment,Meesho,Delhi,Android ,Axis,10,18.05,0,0,Domestic ,Not Fraud
753788,7831.68,UPI,Bill Payment,Uber,Chennai,android,BOB,7,10.73,1,1,Domestic ,Not Fraud
232457,3511.58,UPI,Recharge,Airtel,Indore,android,Union Bank,14,39.57,1,2,Domestic ,Not Fraud
463774,,UPI,Bill Payment,Paytm,Bhopal,iPhone,Axis,14,5.38,0,3,Domestic ,Not Fraud
274842,9306.6,Card,Recharge,Razorpay,Lucknow,Android ,HDFC,1,22.36,1,2,domestic,Fraud
288160,191.89,POS,Cash Withdrawal,BigBasket,Surat,Android ,pnb,1,51.74,1,0,domestic,Not Fraud
873450,5833.55,ATM,Purchase,MakeMyTrip,Ahmedabad,Android,HDFC,11,11.89,0,3,International,Not Fraud
152053,589.38,Wallet,Purchase,Amazon India,Kochi,android,Kotak,12,50.44,0,2,domestic,Not Fraud
834750,1171.25,Wallet,Transfer,Razorpay,Bhopal,android,BOB,10,5.09,0,3,International,Not Fraud
551783,7020.9,UPI,Purchase,Paytm,Jaipur,Windows,Union Bank,10,7.48,1,2,Domestic ,Not Fraud
497530,735.14,ATM,Recharge,PhonePe,Delhi,Android ,BOB,13,8.34,1,3,domestic,Not Fraud
142609,893.8,ATM,Purchase,Razorpay,Chandigarh,Android ,ICICI,10,42.43,0,0,Domestic,Not Fraud
992025,3857.76,Wallet,Cash Withdrawal,CRED,Pune,Android,SBI,9,9.16,0,2,Domestic ,Not Fraud
636837,435.64,UPI,Bill Payment,IRCTC,Lucknow,Android,PNB,4,43.56,1,0,domestic,Not Fraud
874657,1195.78,Card,Cash Withdrawal,Amazon India,Chandigarh,iPhone,HDFC,4,31.65,1,1,Domestic ,Not Fraud
314276,1623.64,Wallet,Purchase,Zomato,Chandigarh,Windows,Axis,7,14.47,1,2,Domestic ,Not Fraud
956366, ₹546.56,Wallet,Bill Payment,Paytm,Bhopal,Unknown,Kotak,5,31.58,0,2,Domestic,Not Fraud
621653,1114.47,NetBanking,Refund,CRED,Jaipur,Unknown,HDFC,14,48.43,1,0,Domestic,Not Fraud
799083,1589.69,Card,Transfer,Flipkart,Chandigarh,Android,Canara,6,50.65,1,1,Domestic,Not Fraud
403457,6356.17,Card,Transfer,Google Pay,Bhopal,Mac,HDFC,11,30.84,0,1,Domestic ,Not Fraud
577566,3735.83,Card,Refund,Flipkart,Bhopal,Mac,HDFC,10,40.85,1,2,Domestic ,Fraud
522078,2824.28,Card,Refund,Jio,Delhi,Unknown,Canara,15,46.89,0,0,Domestic,Not Fraud
192696," ₹1,898.31",NetBanking,Cash Withdrawal,Paytm,Hyderabad,Mac,Canara,3,3.71,1,1,domestic,Not Fraud
605099,2006.13,POS,Refund,Swiggy,Chandigarh,android,PNB,2,18.39,1,3,domestic,Not Fraud
185687,1492.25,Card,Bill Payment,Amazon India,Kochi,Android ,HDFC,2,29.16,1,0,International,Not Fraud
365930,4029.58,NetBanking,Cash Withdrawal,Uber,Hyderabad,Mac,BOB,11,58.22,1,0,International,Not Fraud
244212,2475.59,POS,Purchase,Flipkart,Jaipur,Android,ICICI,4,32.08,0,3,domestic,Not Fraud
875817,2899.99,UPI,Refund,BigBasket,Kolkata,Mac,HDFC,7,18.81,0,2,Domestic ,Not Fraud
547165,4348.3,POS,Refund,Ajio,Indore,Android,HDFC,6,34.74,1,3,domestic,Not Fraud
147539,699.04,UPI,Bill Payment,MakeMyTrip,Mumbai,Windows,HDFC,1,3.52,0,3,Domestic,Not Fraud
775629,1264.47,atm,Purchase,Jio,Delhi,Mac,HDFC,3,32.66,1,0,Domestic,Not Fraud
694633,543.79,POS,Transfer,Zomato,Kochi,Mac,BOB,14,53.93,0,1,International,Not Fraud
524753,3469.17,Card,Cash Withdrawal,SBI,Mumbai,android,HDFC,10,38.32,0,3,International,Not Fraud
926876,4829.97,UPI,Transfer,Myntra,Hyderabad,iPhone,Axis,8,31.29,1,3,International,Not Fraud
325738,,UPI,Refund,Amazon India,Kochi,Android,Union Bank,12,27.41,1,0,Domestic,Not Fraud
851792,1872.78,Card,Transfer,Swiggy,Kolkata,Mac,HDFC,14,44.5,0,2,International,Not Fraud
528622,1610.93,Card,Cash Withdrawal,MakeMyTrip,Kolkata,Windows,Canara,15,57.23,0,1,Domestic ,Not Fraud
900503,863.73,POS,Purchase,Meesho,Jaipur,Windows,Axis,5,6.5,1,3,domestic,Not Fraud
922755,466.04,Card,Purchase,Uber,Indore,Windows,Axis,1,48.17,0,2,Domestic,Not Fraud
545320,5449.77,ATM,Purchase,Zomato,Patna,Android ,HDFC,11,2.06,1,2,Domestic ,Not Fraud
125745,5343.09,NetBanking,Transfer,Paytm,Hyderabad,Android,BOB,14,19.84,0,2,domestic,Not Fraud
560716,5093.55,ATM,Recharge,Swiggy,Kochi,android,Kotak,8,41.27,1,2,Domestic,Not Fraud
889498,,pos,Refund,PhonePe,Surat,Windows,Canara,10,55.52,1,2,domestic,Not Fraud
102627,903.37,ATM,Refund,CRED,Jaipur,android,Canara,13,35.9,1,1,Domestic,Not Fraud
466547,357.3,ATM,Refund,Amazon India,Delhi,Windows,HDFC,14,17.98,0,1,Domestic,Not Fraud
720730,2472.76,POS,Bill Payment,Meesho,Lucknow,Android ,BOB,11,56.48,0,2,Domestic,Not Fraud
374765," ₹3,046.84",NetBanking,Cash Withdrawal,Paytm,Jaipur,iPhone,canara,7,4.64,0,2,Domestic,Not Fraud
474530,935.92,POS,Refund,IRCTC,Pune,android,Canara,6,20.12,0,3,International,Not Fraud
547966,459.35,POS,Refund,Flipkart,Jaipur,Mac,BOB,3,15.29,1,2,Domestic,Not Fraud
931780,5255.51,ATM,Bill Payment,Meesho,Mumbai,android,Canara,14,34.54,1,1,domestic,Not Fraud
993185,862.95,NetBanking,Transfer,Ajio,Lucknow,Windows,ICICI,9,33.11,0,0,International,Not Fraud
136266,10945.39,NetBanking,Recharge,Flipkart,Surat,iPhone,ICICI,10,41.76,1,2,domestic,Not Fraud
657434,4619.06,Card,Refund,BookMyShow,Delhi,Android ,Axis,6,43.79,1,3,Domestic ,Not Fraud
211748,980.86,ATM,Purchase,PhonePe,Chandigarh,Mac,Union Bank,4,41.81,0,3,domestic,Not Fraud
443465,1077.95,POS,Refund,Jio,Ahmedabad,android,PNB,2,45.88,0,2,domestic,Not Fraud
801287,6399.2,POS,Bill Payment,Swiggy,Indore,Mac,Kotak,14,1.34,1,1,International,Not Fraud
190029,2262.24,POS,Purchase,MakeMyTrip,Hyderabad,iPhone,SBI,7,56.1,1,1,International,Not Fraud
702209,3144.29,ATM,Transfer,IRCTC,Kolkata,iPhone,Union Bank,13,57.6,1,1,Domestic,Not Fraud
868890,5382.61,NetBanking,Transfer,IRCTC,Bengaluru,Android,BOB,8,52.23,1,3,Domestic ,Not Fraud
604340,2123.45,UPI,Cash Withdrawal,Myntra,Pune,Unknown,HDFC,9,41.44,1,1,Domestic,Not Fraud
334053,5999.81,ATM,Bill Payment,PhonePe,Kochi,iPhone,PNB,2,4.67,0,0,Domestic,Not Fraud
970840," ₹4,240.92",NetBanking,Refund,BigBasket,Bengaluru,Windows,HDFC,8,30.58,0,3,International,Not Fraud
278053,1554.51,ATM,Recharge,SBI,Mumbai,Unknown,SBI,10,52.03,1,1,Domestic,Not Fraud
840476,6990.19,POS,Transfer,IRCTC,Delhi,Android ,BOB,6,52.45,1,3,Domestic ,Not Fraud
826613,1119.5,NetBanking,Cash Withdrawal,Uber,Lucknow,Android ,ICICI,1,59.17,0,1,Domestic,Not Fraud
687283,,NetBanking,Recharge,Flipkart,Mumbai,android,Axis,8,1.82,0,2,Domestic,Fraud
236247,3900.56,POS,Transfer,Razorpay,Bengaluru,Windows,ICICI,11,40.58,0,1,domestic,Not Fraud
316517,2295.04,Wallet,Recharge,Swiggy,Surat,Android ,Axis,12,28.57,1,1,domestic,Not Fraud
726292,3521.23,Card,Cash Withdrawal,IRCTC,Pune,Unknown,Kotak,15,47.39,0,1,domestic,Not Fraud
613525,2235.95,NetBanking,Recharge,Amazon India,Patna,Mac,PNB,1,1.47,0,0,International,Not Fraud
824515,395.93,Wallet,Transfer,PhonePe,Bhopal,Unknown,BOB,3,39.61,0,3,Domestic ,Not Fraud
728653,9095.96,Card,Purchase,Swiggy,Delhi,android,Axis,1,35.45,0,1,International,Not Fraud
597729,4764.94,ATM,Cash Withdrawal,SBI,Ahmedabad,Unknown,SBI,1,3.09,0,2,International,fraud
269614,12469.45,Card,Cash Withdrawal,Swiggy,Jaipur,Mac,Canara,1,50.46,0,0,International,Not Fraud
984741,1913.98,UPI,Bill Payment,Meesho,Kolkata,iPhone,Axis,2,54.14,1,1,domestic,Not Fraud
927178,2839.91,Wallet,Bill Payment,Paytm,Chandigarh,android,Canara,2,52.98,1,2,International,Not Fraud
418545,2758.3,POS,Refund,CRED,Kochi,android,Axis,1,31.36,1,2,domestic,Not Fraud
978599,1106.1,ATM,Recharge,CRED,Chandigarh,Android,ICICI,13,13.89,0,1,International,Not Fraud
424347,3403.13,UPI,Recharge,PhonePe,Hyderabad,Android ,HDFC,5,37.94,0,3,Domestic,Not Fraud
892037,1532.81,ATM,Purchase,CRED,Indore,Android,PNB,10,9.88,0,2,domestic,Not Fraud
696759,3901.17,NetBanking,Cash Withdrawal,SBI,Lucknow,Android ,HDFC,9,56.35,1,1,Domestic ,Not Fraud
540488,492.15,NetBanking,Purchase,Airtel,,Android,PNB,1,6.01,1,0,domestic,Not Fraud
985099,1257.1,ATM,Recharge,Jio,Bhopal,Android ,HDFC,12,8.23,0,0,International,Not Fraud
142988,489.59,UPI,Refund,Flipkart,Bhopal,Android ,Kotak,7,25.39,1,0,Domestic,Not Fraud
241661,1089.28,Card,Purchase,PhonePe,Indore,Mac,BOB,15,7.78,0,2,International,Not Fraud
634502,822.61,ATM,Recharge,IRCTC,Indore,Windows,axis,3,14.82,0,0,Domestic,Fraud
183834," ₹3,909.19",ATM,Cash Withdrawal,Swiggy,Hyderabad,Mac,SBI,6,40.75,0,1,Domestic,Fraud
478230,19243.43,UPI,Refund,Amazon India,Delhi,Mac,Axis,15,51.29,0,3,domestic,Not Fraud
278500,4444.9,POS,Cash Withdrawal,Airtel,Jaipur,iPhone,PNB,13,8.12,0,0,Domestic ,Fraud
721041,2880.06,POS,Cash Withdrawal,BookMyShow,Chandigarh,iPhone,Axis,5,45.57,0,2,Domestic ,Not Fraud
461507,7167.8,UPI,Bill Payment,PhonePe,Hyderabad,Unknown,Kotak,1,55.01,0,0,Domestic ,Not Fraud
555008,3084.36,POS,Transfer,Myntra,Bhopal,Windows,Union Bank,6,22.13,1,3,Domestic ,Not Fraud
753463,,ATM,Purchase,Uber,Delhi,Unknown,PNB,13,39.01,0,2,Domestic,Not Fraud
505326,5635.69,Wallet,Refund,BigBasket,Hyderabad,iPhone,Union Bank,4,59.2,1,0,domestic,Not Fraud
752550,12855.4,ATM,Cash Withdrawal,PhonePe,Pune,android,ICICI,4,46.54,0,3,International,Not Fraud
246087,10987.4,Wallet,Purchase,Airtel,Kolkata,android,SBI,10,36.74,1,2,International,Not Fraud
177741,2290.55,Card,Transfer,Ajio,Pune,iPhone,ICICI,9,4.83,1,2,Domestic,Not Fraud
821940,4505.49,Wallet,Refund,Myntra,Kochi,Android ,Canara,13,18.93,0,2,Domestic,Not Fraud
629683,21368.29,Card,Bill Payment,Swiggy,Kolkata,Android,HDFC,3,53.85,1,2,Domestic ,Not Fraud
777597,217.56,POS,Refund,Meesho,Bhopal,Unknown,HDFC,14,33.33,0,0,domestic,Not Fraud
758607,1237.94,NetBanking,Purchase,Razorpay,Mumbai,Mac,Canara,11,23.4,1,3,Domestic,Not Fraud
387381,3622.23,Card,Transfer,IRCTC,Kochi,Android,PNB,14,46.63,0,0,International,Not Fraud
325780,3036.14,POS,Bill Payment,MakeMyTrip,Kochi,Windows,SBI,12,53.65,1,0,domestic,Not Fraud
708157,2139.03,NetBanking,Bill Payment,Zomato,Patna,Windows,PNB,10,46.61,0,0,Domestic ,Fraud
832791,,Card,Cash Withdrawal,PhonePe,Mumbai,Mac,Axis,5,27.05,0,2,Domestic ,Not Fraud
830684,2582.42,UPI,Purchase,MakeMyTrip,Surat,iPhone,BOB,12,47.45,1,2,Domestic ,Not Fraud
229413,1686.77,Wallet,Recharge,BigBasket,Chandigarh,iPhone,Union Bank,4,14.16,0,2,domestic,Not Fraud
971814,7067.94,POS,Recharge,CRED,Mumbai,Unknown,Kotak,5,33.67,1,0,International,Not Fraud
995467,2252.73,ATM,Transfer,Zomato,Bengaluru,Windows,ICICI,3,56.81,1,1,domestic,Not Fraud
343310,9318.01,POS,Bill Payment,BigBasket,Surat,iPhone,Union Bank,7,31.13,0,2,International,Not Fraud
614585,,POS,Transfer,Google Pay,Hyderabad,Android ,PNB,6,1.28,0,1,domestic,Not Fraud
867823,3447.16,ATM,Bill Payment,SBI,Kochi,Android ,BOB,6,26.99,1,0,Domestic,Not Fraud
271460,1313.3,Card,Cash Withdrawal,Paytm,Jaipur,Unknown,Canara,10,15.73,0,2,International,Not Fraud
238090,775.6,UPI,Bill Payment,PhonePe,Indore,android,Kotak,3,22.32,1,0,International,Not Fraud
526324,1353.22,Wallet,Bill Payment,Jio,Chandigarh,Mac,Union Bank,14,41.0,1,3,Domestic ,Not Fraud
422952,1547.58,Card,Transfer,Flipkart,Indore,Android,SBI,4,26.95,0,2,International,Not Fraud
175696,998.35,NetBanking,Recharge,Google Pay,Chennai,Android,PNB,15,11.25,1,3,Domestic ,Not Fraud
475419,16679.75,Card,Refund,Myntra,Delhi,Mac,Kotak,14,3.29,1,3,Domestic,Not Fraud
515827,1261.3,Card,Cash Withdrawal,Airtel,Mumbai,Mac,HDFC,10,56.28,1,1,Domestic ,Not Fraud
177210,2715.8,NetBanking,Bill Payment,Google Pay,Chandigarh,Windows,PNB,7,51.48,1,2,International,Not Fraud
901394," ₹3,353.02",UPI,Purchase,PhonePe,Indore,Android,SBI,8,53.94,0,0,Domestic ,Not Fraud
650144,2889.39,Card,Purchase,IRCTC,Kolkata,Windows,HDFC,5,45.71,1,2,Domestic,Not Fraud
177887,6357.96,UPI,Purchase,BookMyShow,Bengaluru,Android,HDFC,12,31.66,1,0,International,Not Fraud
200756,1324.7,Card,Recharge,MakeMyTrip,Chennai,Windows,HDFC,1,14.8,1,3,domestic,Not Fraud
388300,3228,Card,Refund,Razorpay,Indore,Unknown,Kotak,15,37.39,1,1,domestic,Not Fraud
448559,2516.3,NetBanking,Refund,Zomato,Lucknow,Windows,Axis,14,23.88,0,2,domestic,Not Fraud
952384,308.47,Wallet,Transfer,Ajio,Patna,Unknown,BOB,4,19.95,1,2,domestic,Not Fraud
541592,1796.84,UPI,Purchase,Paytm,Ahmedabad,Windows,PNB,10,8.77,0,0,International,Not Fraud
401887,4452.99,UPI,Bill Payment,Jio,Bengaluru,Android,Union Bank,1,17.95,0,3,Domestic,Not Fraud
374763, ₹884.27,ATM,Cash Withdrawal,Paytm,Ahmedabad,Android,Union Bank,3,35.11,1,1,Domestic,Not Fraud
503592,1138.29,Wallet,Recharge,CRED,Chandigarh,Android ,Union Bank,1,17.14,1,2,domestic,Not Fraud
460587,14007.15,Wallet,Cash Withdrawal,BookMyShow,Kolkata,Mac,Kotak,5,58.98,1,0,International,Not Fraud
637241,3372.92,POS,Cash Withdrawal,MakeMyTrip,Chandigarh,Android ,SBI,15,11.3,0,2,Domestic,Fraud
986887,12729.03,POS,Cash Withdrawal,PhonePe,Surat,Windows,Canara,3,5.55,0,0,Domestic,Fraud
833447,6649.75,Card,Refund,Meesho,Chennai,Android,ICICI,10,15.9,0,2,domestic,Not Fraud
613707,9473.39,ATM,Refund,Ajio,Bhopal,iPhone,Kotak,9,6.72,0,1,Domestic,Not Fraud
173376,3722.41,NetBanking,Refund,Meesho,Kolkata,Windows,PNB,9,22.77,0,0,International,Not Fraud
207839,3036.84,ATM,Refund,Jio,Patna,Mac,Canara,15,19.23,0,2,Domestic ,Fraud
641094,1228.7,NetBanking,Cash Withdrawal,Uber,Bhopal,Unknown,BOB,14,44.33,0,0,Domestic ,Fraud
559414,6840.92,Wallet,Recharge,Amazon India,Hyderabad,Unknown,ICICI,15,18.41,0,0,International,Not Fraud
681480,2936.61,ATM,Cash Withdrawal,Myntra,Kochi,Mac,ICICI,14,38.5,0,0,Domestic ,Not Fraud
670615,1141.64,Card,Recharge,Zomato,Chennai,Android,HDFC,11,23.98,1,1,International,Not Fraud
420939,1746,Wallet,Transfer,Swiggy,Delhi,Android ,ICICI,13,22.76,1,3,International,Not Fraud
532443,1646.76,Wallet,Transfer,BigBasket,Bhopal,Android,ICICI,3,32.17,1,0,International,Not Fraud
983967,2059.27,Card,Refund,Razorpay,Bengaluru,Windows,Kotak,9,50.71,1,1,Domestic,Not Fraud
494989,1527.18,POS,Recharge,Paytm,Indore,Unknown,Union Bank,15,39.94,0,1,International,Not Fraud
578539,5006.43,Wallet,Purchase,MakeMyTrip,Kochi,Android,BOB,11,3.39,0,3,Domestic,Not Fraud
221771,510.84,NetBanking,Recharge,Ajio,Mumbai,iPhone,ICICI,12,13.43,0,2,Domestic ,Not Fraud
184338,3246.71,ATM,Cash Withdrawal,Ajio,Mumbai,Unknown,Kotak,9,52.29,0,2,Domestic,Not Fraud
278257,3663.29,UPI,Purchase,Airtel,Hyderabad,Android,BOB,12,23.01,1,2,Domestic ,Not Fraud
772399,7397.3,POS,Recharge,Swiggy,Mumbai,Windows,Canara,10,27.93,1,3,domestic,Not Fraud
638179,19089.04,Wallet,Recharge,PhonePe,Chennai,Windows,Union Bank,6,10.87,1,3,Domestic,Not Fraud
416430,1284.41,Wallet,Refund,SBI,Kochi,android,Canara,13,38.91,1,2,International,Not Fraud
159499,237.13,ATM,Bill Payment,Swiggy,Delhi,Mac,BOB,9,53.82,0,3,Domestic,Not Fraud
976949,3082.84,ATM,Transfer,Airtel,Bengaluru,Unknown,Canara,14,42.45,1,0,Domestic ,Fraud
225310, ₹673.24,UPI,Bill Payment,Razorpay,Mumbai,Android,BOB,11,11.47,1,2,International,Not Fraud
303838,3016.58,Card,Cash Withdrawal,MakeMyTrip,Patna,android,Kotak,7,0.82,1,3,Domestic ,Not Fraud
259246,3516.74,POS,Bill Payment,Zomato,Delhi,iPhone,PNB,9,56.24,0,0,Domestic,Not Fraud
658569,3566.31,UPI,Refund,Swiggy,Delhi,iPhone,BOB,13,35.38,0,0,Domestic,Not Fraud
203730,3779.88,Card,Refund,Airtel,Patna,Android ,Axis,3,18.65,0,2,International,Not Fraud
922571,831.9,UPI,Purchase,Paytm,Ahmedabad,Unknown,Kotak,2,19.45,0,3,Domestic,Not Fraud
561687,2351.51,Card,Purchase,Jio,Chandigarh,Android ,PNB,4,7.78,1,1,Domestic ,Not Fraud
910558,5162.25,POS,Refund,Google Pay,Surat,Android,Canara,13,17.2,1,3,Domestic ,Not Fraud
634307,414.98,POS,Recharge,CRED,Bhopal,Android,Kotak,13,15.14,0,1,Domestic ,Not Fraud
427425,518.73,UPI,Cash Withdrawal,Meesho,Kochi,iPhone,Kotak,9,10.29,0,3,International,Not Fraud
363491,3643.48,Card,Cash Withdrawal,BookMyShow,Patna,Unknown,BOB,9,19.34,1,1,International,Not Fraud
869157,4508.22,Wallet,Refund,Meesho,Mumbai,Windows,PNB,11,28.63,1,2,Domestic,Not Fraud
493016,5250.54,POS,Transfer,CRED,Ahmedabad,Unknown,PNB,14,9.64,1,0,International,Not Fraud
342225,7366.9,NetBanking,Refund,Jio,Jaipur,Unknown,Axis,14,5.9,1,2,Domestic ,Not Fraud
480608,1837.68,NetBanking,Recharge,Zomato,Indore,Mac,ICICI,8,18.8,0,3,International,Not Fraud
571083,3031.0,ATM,Transfer,Razorpay,Chennai,Mac,Axis,2,5.32,1,2,International,Not Fraud
155114,1221.71,NetBanking,Cash Withdrawal,BigBasket,Bengaluru,android,PNB,15,4.85,1,3,International,No
616484,1556.34,NetBanking,Purchase,Swiggy,Jaipur,Windows,Canara,2,46.01,1,2,Domestic ,Not Fraud
782329,540.53,UPI,Transfer,IRCTC,Lucknow,Android,PNB,3,37.65,0,0,domestic,Not Fraud
287558,1638.89,POS,Transfer,Uber,Ahmedabad,Android ,Union Bank,8,7.11,1,3,domestic,Not Fraud
647402,2861.48,Wallet,Bill Payment,Uber,Kolkata,Android,ICICI,1,5.21,0,3,domestic,Not Fraud
814072,736.04,Card,Cash Withdrawal,Amazon India,Bhopal,android,ICICI,13,2.99,1,1,Domestic,Not Fraud
357691,821.62,Card,Bill Payment,CRED,Bengaluru,iphone,BOB,12,51.68,1,0,domestic,Not Fraud
543639,1201.09,POS,Recharge,Jio,Chandigarh,Unknown,PNB,14,3.01,0,2,International,Not Fraud
772959,3543.51,POS,Bill Payment,Paytm,Pune,android,SBI,14,6.52,1,2,International,Not Fraud
315677, ₹257.44,NetBanking,Cash Withdrawal,Flipkart,Chandigarh,Mac,ICICI,15,33.21,1,3,Domestic ,Not Fraud
799867,2834.4,POS,Purchase,Flipkart,Ahmedabad,iPhone,Kotak,3,46.34,1,1,Domestic ,Not Fraud
644109,2307.91,UPI,Cash Withdrawal,Myntra,Jaipur,iPhone,Axis,12,25.1,0,2,domestic,Not Fraud
926205,3552.65,POS,Recharge,Uber,Pune,Mac,ICICI,7,53.15,0,2,Domestic ,Not Fraud
183612,1708.7,POS,Recharge,Amazon India,Pune,Android ,Canara,8,33.07,1,1,domestic,Fraud
924652,937.66,ATM,Purchase,Zomato,Lucknow,Mac,BOB,13,20.59,0,0,domestic,Not Fraud
933870,6121.49,Wallet,Cash Withdrawal,PhonePe,Jaipur,Windows,ICICI,7,19.93,1,1,International,Not Fraud
318198,5795.24,UPI,Cash Withdrawal,IRCTC,Delhi,android,PNB,1,32.83,0,0,Domestic ,Not Fraud
910220,2214.92,POS,Refund,Airtel,Bhopal,Mac,ICICI,15,34.34,0,3,Domestic,Not Fraud
404098,676.2,ATM,Refund,Flipkart,Bhopal,Android ,Axis,7,8.42,0,3,International,Not Fraud
791690,488.29,POS,Cash Withdrawal,BigBasket,Kochi,Android ,SBI,13,51.54,1,2,International,Fraud
962021,2404.19,Card,Purchase,BookMyShow,Kolkata,Android ,PNB,9,26.32,0,2,Domestic ,Not Fraud
233755,1379.05,NetBanking,Bill Payment,Razorpay,Chandigarh,Android ,Axis,14,16.95,1,0,International,Not Fraud
110903,677.32,Card,Purchase,IRCTC,Chandigarh,Android,Union Bank,10,32.16,0,3,International,Not Fraud
234850,1610.93,UPI,Transfer,Razorpay,Indore,Windows,BOB,10,52.44,0,2,International,Not Fraud
549095,,POS,Transfer,Ajio,Surat,iPhone,ICICI,3,53.44,1,0,domestic,Not Fraud
808950,1761.57,UPI,Recharge,Google Pay,Jaipur,Mac,PNB,3,33.75,1,2,Domestic,Not Fraud
928360,2228.4,NetBanking,Bill Payment,BigBasket,Mumbai,Windows,BOB,6,28.43,0,2,Domestic ,Not Fraud
767985,637.4,POS,Transfer,Amazon India,Delhi,Windows,SBI,7,2.5,1,1,domestic,Not Fraud
133685,1150.12,Wallet,Bill Payment,Jio,Patna,Android,PNB,15,24.77,1,0,domestic,Not Fraud
440489,6952.19,Wallet,Transfer,Myntra,Ahmedabad,Unknown,Union Bank,4,51.75,0,2,International,Not Fraud
213917,2725.93,Wallet,Purchase,Paytm,Chandigarh,Windows,Union Bank,4,43.24,0,3,domestic,Not Fraud
988430,2266.17,POS,Refund,Paytm,Pune,android,Kotak,7,22.15,0,3,Domestic ,YES
689225,823.29,NetBanking,Refund,Swiggy,Pune,iPhone,Union Bank,15,9.22,0,0,Domestic,Not Fraud
991873,3541.9,Wallet,Refund,PhonePe,Hyderabad,android,HDFC,14,9.53,0,2,domestic,Not Fraud
901348,3941.03,UPI,Purchase,BookMyShow,Pune,Unknown,PNB,14,42.89,1,0,domestic,Not Fraud
384271," ₹5,373.65",Card,Bill Payment,IRCTC,Chandigarh,Android ,Union Bank,10,54.53,0,1,Domestic ,Not Fraud
242503, ₹561.36,UPI,Recharge,Ajio,Patna,Windows,ICICI,1,6.44,0,2,International,Not Fraud
859596,14766.24,ATM,Bill Payment,CRED,Hyderabad,Android,SBI,1,41.67,1,2,International,Not Fraud
546373,2349.55,POS,Recharge,Jio,Mumbai,Unknown,PNB,5,34.12,0,2,Domestic ,Not Fraud
385266,217.65,ATM,Refund,Google Pay,Surat,Windows,PNB,3,20.37,0,0,Domestic,Not Fraud
586184," ₹2,572.44",NetBanking,Cash Withdrawal,Uber,Delhi,Windows,HDFC,15,41.75,1,2,Domestic ,Not Fraud
904375,2035.48,UPI,Cash Withdrawal,BigBasket,Kochi,Mac,PNB,5,59.15,0,1,Domestic,Fraud
803936,1228.56,UPI,Refund,Jio,Mumbai,iPhone,SBI,5,32.66,0,2,domestic,Not Fraud
980547,3954.03,UPI,Refund,Google Pay,Bhopal,Mac,Union Bank,9,57.53,0,0,Domestic,Not Fraud
745944,1002.5,Wallet,Purchase,Swiggy,Kochi,iPhone,Kotak,5,39.79,1,1,Domestic,Not Fraud
376832,697.05,ATM,Transfer,BigBasket,Bhopal,iPhone,SBI,2,40.47,1,2,Domestic,Not Fraud
689173,3136.85,UPI,Cash Withdrawal,Ajio,Mumbai,Windows,ICICI,12,58.94,1,2,domestic,Not Fraud
461251,3439.67,NetBanking,Transfer,SBI,Ahmedabad,Windows,Union Bank,15,14.36,0,0,International,Not Fraud
692346,3447.26,ATM,Recharge,Airtel,Mumbai,iPhone,Canara,11,57.92,0,3,International,Not Fraud
